Unnamed: 0,Date,Fixture,Unnamed: 3,League,Bet,Unit Stake,Odds,CL,EV%,Bookmaker,Result,Profit,date
2024,1/8,FC Astana v FC Milsami,,UEFA Conference League Qualifying,Over 9 Asian Corners,1.0,1.88,1.58,118.99,Bet365,Win,0.88,2024-08-01
2024,1/8,KF Llapi v Brondby,,UEFA Conference League Qualifying,Under 9 Asian Corners,1.0,1.75,1.7,102.94,Bet365,Loss,-1.0,2024-08-01
2024,1/8,Tromso v KuPS Kuopio,,UEFA Conference League Qualifying,Tromso -0.5 AH Corners,1.0,1.93,1.7,113.53,Bet365,Loss,-1.0,2024-08-01
2024,1/8,FC Copenhagen v FCB Magpies,,UEFA Conference League Qualifying,Under 10.5 Asian Corners,1.0,1.95,1.7,114.71,Bet365,Win,0.95,2024-08-01
2024,1/8,Inter Club d'Escaldes v AEK Athens,,UEFA Conference League Qualifying,Inter Club d'Escaldes +4 AH Corners,1.0,1.9,1.64,115.85,Bet365,Win,0.9,2024-08-01
2024,2/8,Morocco Olympic v USA Olympic,,Olympics 2024 Soccer - Men,Under 4.5 Asian Total Cards,1.0,1.78,,,Bet365,Win,0.78,2024-08-02
2024,3/8,Sol de America v General Caballero JLM,,Paraguay Division Profesional,Under 9 Asian Corners,1.0,2.0,1.66,120.48,Bet365,Win,1.0,2024-08-03
2024,3/8,Sol de America v General Caballero JLM,,Paraguay Division Profesional,Under 7.5 Corners,0.5,3.25,2.54,127.95,Bet365,Win,1.13,2024-08-03
2024,3/8,Sol de America v General Caballero JLM,,Paraguay Division Profesional,Under 6.5 Corners,0.25,4.5,,,Bet365,Loss,-0.25,2024-08-03
2024,3/8,Spain Women v Colombia Women,,Olympics 2024 Soccer - Women,Spain Women -4 AH Corners,1.0,1.93,1.66,116.27,Bet365,Win,0.93,2024-08-03
2024,3/8,Everton de Vina v O'Higgins,,Chile Primera Division,Under 10.5 Asian Corners,1.0,2.03,1.81,112.15,Bet365,Win,1.03,2024-08-03
2024,3/8,Everton de Vina v O'Higgins,,Chile Primera Division,Under 8.5 Corners,0.5,3.75,,,Bet365,Win,1.38,2024-08-03
2024,3/8,Everton de Vina v O'Higgins,,Chile Primera Division,Under 7.5 Corners,0.25,5.5,,,Bet365,Win,1.13,2024-08-03
2024,3/8,Canada Women v Germany Women,,Olympics 2024 Soccer - Women,Germany Women 0.0 AH Cards,1.0,2.0,1.83,109.29,Bet365,Win,1.0,2024-08-03
2024,4/8,SV Darmstadt 98 v Fortuna Dusseldorf,,Germany 2. Bundesliga ,Fortuna Dusseldorf +1 Corner Handicap,1.0,1.95,1.66,117.47,William Hill,Loss,-1.0,2024-08-04
2024,4/8,SV Darmstadt 98 v Fortuna Dusseldorf,,Germany 2. Bundesliga ,Fortuna Dusseldorf Most Corners,0.5,2.5,2.07,120.77,Sky Bet,Loss,-0.5,2024-08-04
2024,4/8,FC Vaduz v Wil 1900,,Switzerland Challenge League,Over 9 Asian Corners,1.0,1.8,1.6,112.5,Bet365,Loss,-1.0,2024-08-04
2024,4/8,FC Vaduz v Wil 1900,,Switzerland Challenge League,Over 11.5 Corners,0.5,3.75,,,Bet365,Loss,-0.5,2024-08-04
2024,4/8,FC Vaduz v Wil 1900,,Switzerland Challenge League,Over 12.5 Corners,0.25,5.5,,,Bet365,Loss,-0.25,2024-08-04
2024,4/8,Sporting Cristal v Carlos Mannucci,,Peru Liga 1 - Clasura,Over 12.5 Corners,0.25,4.0,,,Bet365,Loss,-0.25,2024-08-04
2024,4/8,Athletico Paranaense v Gremio,,Brazil Serie A,Under 6 Asian Total Cards,1.0,2.03,,,Bet365,Win,1.03,2024-08-04
2024,4/8,Guabira v Universitario De Vinto,,Bolivia Division Profesional - Clasura,Under 9.5 Asian Corners,1.0,1.93,1.68,114.88,Bet365,Win,0.93,2024-08-04
2024,4/8,Guabira v Universitario De Vinto,,Bolivia Division Profesional - Clasura,Under 7.5 Corners,0.5,3.5,,,Bet365,Win,1.25,2024-08-04
2024,4/8,Guabira v Universitario De Vinto,,Bolivia Division Profesional - Clasura,Under 6.5 Corners,0.25,5.5,,,Bet365,Win,1.13,2024-08-04
2024,5/8,Sao Bernardo v Caxias,,Brazil Serie C,Under 10.5 Asian Corners,1.0,1.85,1.65,112.12,Bet365,Win,0.85,2024-08-05
2024,5/8,Sao Bernardo v Caxias,,Brazil Serie C,Under 8.5 Corners,0.5,3.25,,,Bet365,Win,1.13,2024-08-05
2024,5/8,Sao Bernardo v Caxias,,Brazil Serie C,Under 7.5 Corners,0.25,5.0,,,Bet365,Win,1.0,2024-08-05
2024,5/8,Sao Bernardo v Caxias,,Brazil Serie C,Under 6.5 Corners,0.1,8.0,,,Bet365,Win,0.7,2024-08-05
2024,5/8,Orlando City SC v Atletico San Luis,,CONCACAF Leagues Cup,Under 10 Asian Corners,1.0,1.8,1.62,111.11,Bet365,Loss,-1.0,2024-08-05
2024,5/8,Orlando City SC v Atletico San Luis,,CONCACAF Leagues Cup,Under 7.5 Corners,0.5,3.75,,,Bet365,Loss,-0.5,2024-08-05
2024,5/8,Orlando City SC v Atletico San Luis,,CONCACAF Leagues Cup,Under 6.5 Corners,0.25,6.0,,,Bet365,Loss,-0.25,2024-08-05
2024,5/8,OLS v KUPS Akatemia,,Finland Ykkonen,Under 10 Asian Corners,1.0,1.95,1.78,109.55,Bet365,Win,0.95,2024-08-05
2024,5/8,OLS v KUPS Akatemia,,Finland Ykkonen,Under 8.5 Corners,0.5,3.5,,,Bet365,Loss,-0.5,2024-08-05
2024,5/8,OLS v KUPS Akatemia,,Finland Ykkonen,Under 7.5 Corners,0.25,5.0,,,Bet365,Loss,-0.25,2024-08-05
2024,5/8,OLS v KUPS Akatemia,,Finland Ykkonen,Under 6.5 Corners,0.1,9.0,,,Bet365,Loss,-0.1,2024-08-05
2024,6/8,Estudiantes Rio Cuarto v CA Aldosivi,,Argentina Division 2,Under 9 Asian Corners,1.0,1.85,1.69,109.47,Bet365,Win,0.85,2024-08-06
2024,6/8,Estudiantes Rio Cuarto v CA Aldosivi,,Argentina Division 2,Under 6.5 Corners,0.5,4.33,,,Bet365,Loss,-0.5,2024-08-06
2024,6/8,Malmo FF v PAOK Salonika,,UEFA Champions League Qualifying,Malmo FF -0.5 AH Corners,1.0,1.95,1.78,109.55,Bet365,Win,0.95,2024-08-06
2024,6/8,Brazil Women v Spain Women,,Olympics 2024 Soccer - Women,Under 2.5 Asian Total Cards,1.0,2.05,1.85,110.81,Bet365,Loss,-1.0,2024-08-06
2024,6/8,Fram Reykjavik v Stjarnan,,Iceland Premier League,Stjarnan +0.5 AH Corners,1.0,1.98,1.69,117.16,Bet365,Loss,-1.0,2024-08-06
2024,7/8,Paksi v FK Mornar Bay,,UEFA Conference League Qualifying,FK Mornar Bay +4 AH Corners,1.0,1.88,1.79,105.03,Bet365,Win,0.88,2024-08-07
2024,7/8,Bragantino v Athletico Paranaense,,Copa do Brasil,Bragantino -3 AH Corners,2.0,1.8,,,Bet365,Win,1.6,2024-08-07
2024,7/8,Ypiranga RS v Caxias,,Brazil Serie C,Under 11.5 Asian Corners,1.0,1.9,1.66,114.46,Bet365,Win,0.9,2024-08-07
2024,7/8,Ypiranga RS v Caxias,,Brazil Serie C,Under 9.5 Corners,0.5,3.25,,,Bet365,Loss,-0.5,2024-08-07
2024,7/8,Ypiranga RS v Caxias,,Brazil Serie C,Under 8.5 Corners,0.25,4.5,,,Bet365,Loss,-0.25,2024-08-07
2024,7/8,Ypiranga RS v Caxias,,Brazil Serie C,Under 7.5 Corners,0.1,8.0,,,Bet365,Loss,-0.1,2024-08-07
2024,8/8,Palmeiras v Flamengo,,Copa do Brasil,Flamengo +2.5 AH Corners,1.0,1.88,2.32,81.03,Bet365,Loss,-1.0,2024-08-08
2024,8/8,Palmeiras v Flamengo,,Copa do Brasil,Under 10.5 Asian Corners,1.0,2.0,1.84,108.7,Bet365,Loss,-1.0,2024-08-08
2024,8/8,KF Ballkani v Larne,,UEFA Conference League Qualifying,Under 9.5 Asian Corners,1.0,1.9,1.64,115.85,Bet365,Win,0.9,2024-08-08
2024,8/8,KF Ballkani v Larne,,UEFA Conference League Qualifying,Under 7.5 Corners,0.5,3.5,,,Bet365,Win,1.25,2024-08-08
2024,8/8,KF Ballkani v Larne,,UEFA Conference League Qualifying,Under 6.5 Corners,0.25,5.5,,,Bet365,Win,1.13,2024-08-08
2024,8/8,HNK Rijeka v Elfsborg,,UEFA Europa League Qualifying,Elfsborg +1.5 AH Corners,1.0,1.88,1.72,109.3,Bet365,Loss,-1.0,2024-08-08
2024,8/8,UE Santa Coloma v Rigas FS,,UEFA Europa League Qualifying,Under 10 Asian Corners,1.0,1.93,1.71,112.87,Bet365,Win,0.93,2024-08-08
2024,9/8,Spain Women v Germany Women,,Olympics 2024 Soccer - Women,Spain Women +0.5 AH Cards,1.0,1.9,1.7,111.76,Bet365,Win,0.9,2024-08-09
2024,9/8,Spain Women v Germany Women,,Olympics 2024 Soccer - Women,Under 2.5 Asian Total Cards,1.0,1.9,,,Bet365,Win,0.9,2024-08-09
2024,9/8,Fjolnir v IBV Vestmannaeyjar,,Iceland 1 Delid,Over 11.5 Asian Corners,1.0,1.95,1.71,114.04,Bet365,Win,0.95,2024-08-09
2024,9/8,Preston v Sheff Utd,,England Championship,Under 4.5 Asian Total Cards,1.0,2.05,1.74,117.82,Bet365,Win,1.05,2024-08-09
2024,9/8,Double,Spain Women v Germany Women,Olympics 2024 Soccer - Women,Under 2.5 Asian Total Cards,0.25,3.89,,,Bet365,Win,0.72,2024-08-09
2024,10/8,Yokohama FC v V-Varen Nagasaki,,Japan J2 League,V-Varen Nagasaki +3 AH Corners,1.0,1.78,,,Bet365,Loss,-1.0,2024-08-10
2024,10/8,Ulsan Hyundai v Daegu FC,,K League 1,Under 4 FH Asian Corners,1.0,1.95,1.76,110.8,Bet365,Loss,-1.0,2024-08-10
2024,10/8,Elversberg v 1. FC Koln,,Germany 2. Bundesliga ,1. FC Koln Most Corners,1.0,1.91,1.62,117.9,Sky Bet,Win,0.91,2024-08-10
2024,10/8,Milwall v Watford,,England Championship,Under 4 Asian Total Cards,1.0,1.93,1.74,110.92,Bet365,Loss,-1.0,2024-08-10
2024,10/8,QPR v West Brom,,England Championship,Under 4 Asian Total Cards,1.0,1.85,1.66,111.45,Bet365,Win,0.85,2024-08-10
2024,10/8,Double,Milwall v Watford,England Championship,Under 4 Asian Total Cards,0.25,3.56,2.89,123.18,Bet365,Loss,-0.25,2024-08-10
2024,10/8,Shanghai Shenhua v Nantong Zhiyun,,China Super League,Shanghai Shenhua -4 AH Corners,2.0,1.93,,,Bet365,Win,1.86,2024-08-10
2024,10/8,Leixoes v Benfica B,,Liga Portugal 2,Under 10.5 Asian Corners,1.0,1.8,1.63,110.43,Bet365,Loss,-1.0,2024-08-10
2024,10/8,Leixoes v Benfica B,,Liga Portugal 2,Under 8.5 Corners,0.5,3.25,,,Bet365,Loss,-0.5,2024-08-10
2024,10/8,Leixoes v Benfica B,,Liga Portugal 2,Under 7.5 Corners,0.25,4.5,,,Bet365,Loss,-0.25,2024-08-10
2024,10/8,Brazil Women v USA Women,,Olympics 2024 Soccer - Women,Under 3.5 Asian Total Cards,1.0,1.85,,,Bet365,Win,0.85,2024-08-10
2024,10/8,Brazil Women v USA Women,,Olympics 2024 Soccer - Women,USA Women +0.5 AH Cards,1.0,2.05,1.85,110.81,Bet365,Loss,-1.0,2024-08-10
2024,10/8,Dundee v Hearts,,Scotland Premiership,Dundee +1 AH Corners,1.0,1.85,1.75,105.71,Bet365,Loss,-1.0,2024-08-10
2024,10/8,Universidad Catolica del Ecuador v Libertad FC,,Ecuador Liga Pro,Universidad Catolica del Ecuador -2.5 AH Corners,1.0,1.95,,,Bet365,Win,0.95,2024-08-10
2024,10/8,Universidad Catolica del Ecuador v Libertad FC,,Ecuador Liga Pro,Over 9.5 Asian Corners,1.0,1.95,,,Bet365,Win,0.95,2024-08-10
2024,10/8,Universidad Catolica del Ecuador v Libertad FC,,Ecuador Liga Pro,Over 11.5 Corners,0.5,3.4,,,Bet365,Win,1.2,2024-08-10
2024,10/8,Universidad Catolica del Ecuador v Libertad FC,,Ecuador Liga Pro,Over 12.5 Corners,0.25,4.5,,,Bet365,Win,0.88,2024-08-10
2024,10/8,Universidad Catolica del Ecuador v Libertad FC,,Ecuador Liga Pro,Over 13.5 Corners,0.1,7.0,,,Bet365,Win,0.6,2024-08-10
2024,10/8,Universidad Catolica del Ecuador v Libertad FC,,Ecuador Liga Pro,Over 4.5 FH Asian Corners,1.0,1.95,,,Bet365,Win,0.95,2024-08-10
2024,10/8,San Martin de San Juan v Talleres Remedios,,Argentina Nacional B,Under 9 Asian Corners,1.0,2.0,1.77,112.99,Bet365,Loss,-1.0,2024-08-10
2024,10/8,San Martin de San Juan v Talleres Remedios,,Argentina Nacional B,Under 7.5 Corners,0.5,3.25,2.68,121.27,Bet365,Loss,-0.5,2024-08-10
2024,10/8,San Martin de San Juan v Talleres Remedios,,Argentina Nacional B,Under 6.5 Corners,0.25,4.5,,,Bet365,Loss,-0.25,2024-08-10
2024,10/8,Cuiaba v Gremio,,Brazil Serie A,Cuiaba +0.5 AH Cards,1.0,2.05,,,Bet365,Loss,-1.0,2024-08-10
2024,10/8,Deportes Tolima v La Equidad,,Colombia Primera A,Over 9.5 Asian Corners,2.0,1.98,,,Bet365,Win,1.96,2024-08-10
2024,10/8,Deportes Tolima v La Equidad,,Colombia Primera A,Over 11.5 Corners,0.5,3.5,,,Bet365,Win,1.25,2024-08-10
2024,10/8,Deportes Tolima v La Equidad,,Colombia Primera A,Over 12.5 Corners,0.25,5.0,,,Bet365,Loss,-0.25,2024-08-10
2024,11/8,Corinthians v Bragantino,,Brazil Serie A,Under 6 Asian Total Cards,1.0,1.95,,,Bet365,Loss,-1.0,2024-08-11
2024,11/8,SC Preussen Munster v Hannover 96,,Germany 2. Bundesliga ,Hannover 96 Most Corners,1.0,1.93,1.63,118.4,Bet365,Loss,-1.0,2024-08-11
2024,11/8,KFUM v Rosenborg,,Norway Eliteserien,Under 9.5 Asian Corners,1.0,2.0,1.74,114.94,Bet365,Win,1.0,2024-08-11
2024,11/8,KFUM v Rosenborg,,Norway Eliteserien,Under 7.5 Corners,0.5,3.75,,,Bet365,Win,1.38,2024-08-11
2024,11/8,OLS v KPV,,Finland Ykkonen,Under 10 Asian Corners,1.0,1.98,1.7,116.47,Bet365,Win,0.98,2024-08-11
2024,11/8,CA Alvarado v CA Aldosivi,,Argentina Nacional B,Under 9.5 Asian Corners,1.0,1.98,1.76,112.5,Bet365,Loss,-1.0,2024-08-11
2024,11/8,CA Alvarado v CA Aldosivi,,Argentina Nacional B,Under 7.5 Corners,0.5,3.75,,,Bet365,Loss,-0.5,2024-08-11
2024,11/8,CA Alvarado v CA Aldosivi,,Argentina Nacional B,Under 6.5 Corners,0.25,5.5,,,Bet365,Loss,-0.25,2024-08-11
2024,11/8,Bahia v Vitoria,,Brazil Serie A,Under 7.5 Asian Total Cards,1.0,1.9,,,Bet365,Win,0.9,2024-08-11
2024,12/8,Piast Gliwice v GKS Katowice,,Poland Ekstraklasa ,GKS Katowice +2.5 AH Corners,1.0,1.93,1.71,112.87,Bet365,Loss,-1.0,2024-08-12
2024,12/8,Piast Gliwice v GKS Katowice,,Poland Ekstraklasa ,GKS Katowice Most Corners,0.25,3.75,,,Bet365,Loss,-0.25,2024-08-12
2024,12/8,Orsomarso v Tigres FC,,Colombia Primera B,Under 9.5 Asian Corners,2.0,1.93,,,Bet365,Loss,-2.0,2024-08-12
2024,13/8,Stockport v Blackburn,,EFL Cup,Blackburn -0.5 AH Corners,2.0,1.83,,,William Hill,Win,1.66,2024-08-13
2024,13/8,Preston v Sunderland,,EFL Cup,Preston 0.0 AH Corners,1.0,1.95,1.62,120.37,Bet365,Loss,-1.0,2024-08-13
2024,13/8,Leyton Orient v Newport County,,EFL Cup,Leyton Orient -2.5 AH Corners,1.0,1.88,1.7,110.59,Bet365,Win,0.88,2024-08-13
2024,13/8,Gremio v Fluminense,,Copa Libertadores,Under 9.5 Asian Corners,1.0,2.0,1.8,111.11,Bet365,Loss,-1.0,2024-08-13
2024,13/8,Gremio v Fluminense,,Copa Libertadores,Under 7.5 Corners,0.5,3.75,,,Bet365,Loss,-0.5,2024-08-13
2024,13/8,Gremio v Fluminense,,Copa Libertadores,Under 6.5 Corners,0.25,6.0,,,Bet365,Loss,-0.25,2024-08-13
2024,14/8,Plymouth v Cheltenham,,EFL Cup,Plymouth -2 AH Corners,1.0,1.95,1.7,114.71,Bet365,Win,0.95,2024-08-14
2024,14/8,Njardvik v Fjolnir,,Iceland 1 Deild,Over 11.5 Asian Corners,1.0,1.9,1.68,113.1,Bet365,Win,0.9,2024-08-14
2024,14/8,Njardvik v Fjolnir,,Iceland 1 Deild,Over 12.5 Corners,0.5,2.37,2.06,115.05,Bet365,Win,0.69,2024-08-14
2024,15/8,Pafos FC v CSKA 1948 Sofia,,UEFA Conference League Qualifying,Over 9.5 Asian Corners,1.0,1.98,1.79,110.61,Bet365,Win,0.98,2024-08-15
2024,15/8,Banik Ostrava v FC Copenhagen,,UEFA Conference League Qualifying,Banik Ostrava -0.5 AH Corners,1.0,2.0,1.76,113.64,Bet365,Win,1.0,2024-08-15
2024,16/8,Athletico Paranaense v Belgrano,,Copa Sudamericana,Under 10 Asian Corners,1.0,2.03,1.75,116.0,Bet365,Loss,-1.0,2024-08-16
2024,16/8,Athletico Paranaense v Belgrano,,Copa Sudamericana,Under 8.5 Corners,0.5,3.0,2.57,116.73,Bet365,Loss,-0.5,2024-08-16
2024,16/8,Athletico Paranaense v Belgrano,,Copa Sudamericana,Under 7.5 Corners,0.25,4.5,,,Bet365,Loss,-0.25,2024-08-16
2024,16/8,Athletico Paranaense v Belgrano,,Copa Sudamericana,Under 6.5 Corners,0.1,7.0,,,Bet365,Loss,-0.1,2024-08-16
2024,16/8,Athletico Paranaense v Belgrano,,Copa Sudamericana,Belgrano +3.5 AH Corners,1.0,2.0,1.78,112.36,Bet365,Loss,-1.0,2024-08-16
2024,16/8,Malut United FC v Persebaya Surubaya,,Indonesia Liga 1,Under 10.5 Asian Corners,1.0,1.9,1.64,115.85,Bet365,Loss,-1.0,2024-08-16
2024,16/8,Malut United FC v Persebaya Surubaya,,Indonesia Liga 1,Under 8.5 Corners,0.5,3.4,,,Bet365,Loss,-0.5,2024-08-16
2024,16/8,Malut United FC v Persebaya Surubaya,,Indonesia Liga 1,Under 7.5 Corners,0.25,5.0,,,Bet365,Loss,-0.25,2024-08-16
2024,16/8,Henan v Cangzhou Mighty Lions,,China Super League,Cangzhou Mighty Lions +2 AH Corners,1.0,1.95,1.63,119.63,Bet365,Loss,-1.0,2024-08-16
2024,16/8,Union Saint Gilloise v Charleroi,,Belgium Pro League,Charleroi +2.5 AH Corners,1.0,1.95,1.76,110.8,Bet365,Win,0.95,2024-08-16
2024,16/8,Sportivo Luqueno v Guarani Asuncion,,Paraguay Division Profesional,Under 9.5 Asian Corners,1.0,2.0,1.7,117.65,Bet365,Win,1.0,2024-08-16
2024,16/8,Sportivo Luqueno v Guarani Asuncion,,Paraguay Division Profesional,Under 7.5 Corners,0.5,3.75,,,Bet365,Loss,-0.5,2024-08-16
2024,16/8,Sportivo Luqueno v Guarani Asuncion,,Paraguay Division Profesional,Under 6.5 Corners,0.25,6.0,,,Bet365,Loss,-0.25,2024-08-16
2024,17/8,Vila Nova v Sport Recife,,Brazil Serie B,Under 5 FH Asian Corners,1.0,1.98,1.76,112.5,Bet365,Win,0.98,2024-08-17
2024,17/8,Jeonbuk Motors v Pohang Steelers ,,South Korea K League 1,Under 4 FH Asian Corners,1.0,1.9,1.69,112.43,Bet365,Win,0.9,2024-08-17
2024,17/8,Gyeongnam FC v Chungbuk Cheongju,,South Korea K League 2,Under 9.5 Asian Corners,1.0,1.95,1.6,121.88,Bet365,Win,0.95,2024-08-17
2024,17/8,Gyeongnam FC v Chungbuk Cheongju,,South Korea K League 2,Under 7.5 Corners,0.5,3.5,2.65,132.08,Bet365,Win,1.25,2024-08-17
2024,17/8,Gyeongnam FC v Chungbuk Cheongju,,South Korea K League 2,Under 6.5 Corners,0.25,5.5,,,Bet365,Loss,-0.25,2024-08-17
2024,17/8,Derby v Middlesbrough,,England Championship,Under 4.5 Asian Total Cards,1.0,1.7,,,Bet365,Win,0.7,2024-08-17
2024,17/8,Portsmouth v Luton,,England Championship,Under 4.5 Asian Total Cards,1.0,2.05,1.8,113.89,Bet365,Loss,-1.0,2024-08-17
2024,17/8,Caen v Paris FC,,France Ligue 2,Paris FC +0.5 AH Corners,1.0,1.93,1.83,105.46,Bet365,Loss,-1.0,2024-08-17
2024,18/8,Sandvikens IF v Landskrona,,Sweden Superettan,Under 10.5 Asian Corners,1.0,2.0,1.74,114.94,Bet365,Loss,-1.0,2024-08-18
2024,18/8,Sandvikens IF v Landskrona,,Sweden Superettan,Under 8.5 Corners,0.5,3.5,,,Bet365,Loss,-0.5,2024-08-18
2024,18/8,OH Leuven v Cercle Brugge,,Belgium Pro League,OH Leuven +1 AH Corners,1.0,1.85,1.68,110.12,Bet365,Win,0.85,2024-08-18
2024,18/8,Istanbul Basaksehir v Alanyaspor,,Turkey Super Lig,Alanyaspor +1 AH Corners,1.0,1.85,1.76,105.11,Bet365,Win,0.85,2024-08-18
2024,18/8,Puskas Academy v MTK Budapest,,Hungary OTP Bank Liga,Under 8.5 Corners,0.5,3.0,2.5,120.0,Bet365,Loss,-0.5,2024-08-18
2024,18/8,Puskas Academy v MTK Budapest,,Hungary OTP Bank Liga,Under 7.5 Corners,0.25,4.33,,,Bet365,Loss,-0.25,2024-08-18
2024,18/8,Puskas Academy v MTK Budapest,,Hungary OTP Bank Liga,Under 6.5 Corners,0.1,7.0,,,Bet365,Loss,-0.1,2024-08-18
2024,18/8,Confianca v Sao Bernardo,,Brazil Serie C,Under 10 Asian Corners,1.0,1.88,1.66,113.25,Bet365,Win,0.88,2024-08-18
2024,18/8,Confianca v Sao Bernardo,,Brazil Serie C,Under 7.5 Corners,0.5,4.0,,,Bet365,Loss,-0.5,2024-08-18
2024,19/8,Versailles v Le Mans,,France National,Under 9.5 Asian Corners,1.0,1.93,1.7,113.53,Bet365,Win,0.93,2024-08-19
2024,19/8,Versailles v Le Mans,,France National,Under 7.5 Corners,0.5,3.5,,,Bet365,Win,1.25,2024-08-19
2024,19/8,Metz v SC Bastia,,France Ligue 2,SC Bastia +1.5 AH Corners,1.0,2.0,1.85,108.11,Bet365,Loss,-1.0,2024-08-19
2024,19/8,Panetolikos v Lamia,,Greece Super League,Under 9 Asian Corners,1.0,1.88,1.71,109.94,Bet365,Win,0.88,2024-08-19
2024,19/8,Panetolikos v Lamia,,Greece Super League,Under 6.5 Corners,0.25,4.33,,,Bet365,Loss,-0.25,2024-08-19
2024,19/8,Ajax Reserves v Maastricht,,Netherlands Eerste Divisie,Over 9 Asian Corners,1.0,2.0,1.81,110.5,Bet365,Win,1.0,2024-08-19
2024,19/8,Ajax Reserves v Maastricht,,Netherlands Eerste Divisie,Over 10.5 Corners,0.5,3.0,,,Bet365,Win,1.0,2024-08-19
2024,19/8,Ajax Reserves v Maastricht,,Netherlands Eerste Divisie,Over 11.5 Corners,0.25,4.33,,,Bet365,Loss,-0.25,2024-08-19
2024,20/8,Ferroviaria v Volta Redonda,,Brazil Serie C,Under 10.5 Asian Corners,1.0,1.93,1.66,116.27,Bet365,Win,0.93,2024-08-20
2024,20/8,Ferroviaria v Volta Redonda,,Brazil Serie C,Under 8.5 Corners,0.5,3.4,,,Bet365,Win,1.2,2024-08-20
2024,20/8,Ferroviaria v Volta Redonda,,Brazil Serie C,Under 7.5 Corners,0.25,5.0,,,Bet365,Win,1.0,2024-08-20
2024,20/8,Ferroviaria v Volta Redonda,,Brazil Serie C,Under 6.5 Corners,0.1,9.0,,,Bet365,Win,0.8,2024-08-20
2024,20/8,Fluminense v Gremio,,Copa Libertadores,Fluminense -2.5 AH Corners,2.0,1.9,1.69,112.43,Bet365,Win,1.8,2024-08-20
2024,21/8,Odense BK v FC Fredericia,,Denmark Division 1,Over 10 Asian Corners,1.0,1.93,1.74,110.92,Bet365,Loss,-1.0,2024-08-21
2024,21/8,Odense BK v FC Fredericia,,Denmark Division 1,Over 12.5 Corners,0.5,3.75,,,Bet365,Loss,-0.5,2024-08-21
2024,21/8,Young Boys v Galatasaray ,,UEFA Champions League Qualifying,Over 5 FH Asian Corners,1.0,2.05,1.83,112.02,Bet365,Win,1.05,2024-08-21
2024,21/8,Malmo FF v Sparta Prague,,UEFA Champions League Qualifying,Malmo FF -1 AH Corners,1.0,2.0,1.88,106.38,Bet365,Loss,-1.0,2024-08-21
2024,21/8,CD Real Santander v Barranquilla FC,,Colombia Primera B,Under 10.5 Asian Corners,1.0,1.9,,,Bet365,Win,0.9,2024-08-21
2024,22/8,Shanghai Shenhua v Beijing Guoan,,China FA Cup,Under 10 Asian Corners,1.0,1.83,1.66,110.24,Bet365,Win,0.83,2024-08-22
2024,22/8,Shanghai Shenhua v Beijing Guoan,,China FA Cup,Under 7.5 Corners,0.5,4.0,,,Bet365,Win,1.5,2024-08-22
2024,23/8,US Latina Calcio v Casertana,,Italy Serie C Group C,Under 9 Asian Corners,1.0,2.05,1.83,112.02,Bet365,Loss,-1.0,2024-08-23
2024,23/8,US Latina Calcio v Casertana,,Italy Serie C Group C,Under 7.5 Corners,0.5,3.25,,,Bet365,Loss,-0.5,2024-08-23
2024,23/8,US Latina Calcio v Casertana,,Italy Serie C Group C,Under 6.5 Corners,0.25,5.0,,,Bet365,Loss,-0.25,2024-08-23
2024,23/8,US Latina Calcio v Casertana,,Italy Serie C Group C,Under 5.5 Corners,0.1,9.0,,,Bet365,Loss,-0.1,2024-08-23
2024,23/8,Sheffield Wednesday v Leeds,,England Championship,Over 4 Asian Total Cards,1.0,2.0,1.79,111.73,Bet365,Win,1.0,2024-08-23
2024,24/8,Livingston v Morton,,Scotland Championship,Livingston -1 AH Corners,1.0,2.0,1.78,112.36,Bet365,Win,1.0,2024-08-24
2024,24/8,Sunderland v Burnley,,England Championship,Burnley 0.0 AH Cards,1.5,2.03,1.73,117.34,Bet365,Loss,-1.5,2024-08-24
2024,24/8,Spartans FC v Peterhead,,Scotland League Two,Under 9.5 Asian Corners,1.0,1.83,1.57,116.56,Bet365,Win,0.83,2024-08-24
2024,24/8,Spartans FC v Peterhead,,Scotland League Two,Under 7.5 Corners,0.5,3.4,2.63,129.28,Bet365,Win,1.2,2024-08-24
2024,24/8,Spartans FC v Peterhead,,Scotland League Two,Under 6.5 Corners,0.25,5.0,,,Bet365,Win,1.0,2024-08-24
2024,24/8,Magallanes v Curico Unido,,Chile Primera B,Over 11.5 Corners,0.25,3.75,,,Bet365,Loss,-0.25,2024-08-24
2024,24/8,Real Santa Cruz v Always Ready,,Bolivia Clasura,Under 9.5 Asian Corners,1.0,1.9,1.62,117.28,Bet365,Win,0.9,2024-08-24
2024,24/8,Real Santa Cruz v Always Ready,,Bolivia Clasura,Under 7.5 Corners,0.5,3.5,,,Bet365,Loss,-0.5,2024-08-24
2024,24/8,Real Santa Cruz v Always Ready,,Bolivia Clasura,Under 6.5 Corners,0.25,5.5,,,Bet365,Loss,-0.25,2024-08-24
2024,24/8,Monza v Genoa,,Italy Serie A,Monza 0.0 AH Cards,1.5,1.98,1.81,109.39,Bet365,Loss,-1.5,2024-08-24
2024,25/8,Birmingham Legion FC v Pittsburgh Riverhounds ,,USA USL Championship,Under 9 Asian Corners,1.0,2.0,1.75,114.29,Bet365,Win,1.0,2024-08-25
2024,25/8,Birmingham Legion FC v Pittsburgh Riverhounds ,,USA USL Championship,Under 7.5 Corners,0.5,3.25,2.63,123.57,Bet365,Loss,-0.5,2024-08-25
2024,25/8,Birmingham Legion FC v Pittsburgh Riverhounds ,,USA USL Championship,Under 6.5 Corners,0.25,4.5,,,Bet365,Loss,-0.25,2024-08-25
2024,25/8,Aguilas Dorados v Millonarios,,Colombia Primera A ,Under 9 Asian Corners,1.0,1.85,,,Bet365,Win,0.85,2024-08-25
2024,25/8,Aguilas Dorados v Millonarios,,Colombia Primera A ,Under 6.5 Corners,0.25,4.33,,,Bet365,Win,0.83,2024-08-25
2024,27/8,Torreense U23 v Vizela U23,,Portugal U23 Championship,Under 9.5 Asian Corners,1.0,1.9,1.66,114.46,Bet365,Win,0.9,2024-08-27
2024,27/8,Kongsvinger v Sandnes Ulf,,Norway OBOS-ligaen,Over 10.5 Asian Corners,1.0,1.93,1.74,110.92,Bet365,Win,0.93,2024-08-27
2024,27/8,Kongsvinger v Sandnes Ulf,,Norway OBOS-ligaen,Over 12.5 Corners,0.5,3.25,,,Bet365,Win,1.13,2024-08-27
2024,27/8,Kongsvinger v Sandnes Ulf,,Norway OBOS-ligaen,Over 13.5 Corners,0.25,4.33,,,Bet365,Win,0.83,2024-08-27
2024,27/8,Brighton v Crawley Town,,EFL Cup,Brighton -4.5 AH Corners,1.0,1.98,1.76,112.5,Bet365,Loss,-1.0,2024-08-27
2024,27/8,Birmingham v Fulham,,EFL Cup,Fulham -2.5 AH Corners,1.5,2.0,1.86,107.53,Bet365,Loss,-1.5,2024-08-27
2024,27/8,Rayo Vallecano v Barcelona,,Spain La Liga,Under 5.5 Asian Total Cards,1.5,1.95,,,Bet365,Win,1.43,2024-08-27
2024,28/8,Tigres FC v Internacional FC de Palmira,,Colombia Primera B,Under 9 Asian Corners,1.0,1.95,,,Bet365,Loss,-1.0,2024-08-28
2024,28/8,Tigres FC v Internacional FC de Palmira,,Colombia Primera B,Under 7.5 Corners,0.5,3.0,,,Bet365,Loss,-0.5,2024-08-28
2024,28/8,Tigres FC v Internacional FC de Palmira,,Colombia Primera B,Under 6.5 Corners,0.25,4.5,,,Bet365,Loss,-0.25,2024-08-28
2024,28/8,Gent v Partizan Belgrade,,UEFA Conference League Qualification,Gent -1 AH Corners,1.0,1.85,1.56,118.59,Bet365,Loss,-1.0,2024-08-28
2024,28/8,FK Qarabag v Dinamo Zagreb,,UEFA Champions League Qualification,Dinamo Zagreb +5 AH Corners,1.0,1.9,1.66,114.46,Bet365,Win,0.9,2024-08-28
2024,28/8,Slavia Prague v Lille,,UEFA Champions League Qualification,Lille +3.5 AH Corners,1.0,2.0,1.79,111.73,Bet365,Win,1.0,2024-08-28
2024,29/8,HJK Helsinki v Kl Klaksvik,,UEFA Conference League Qualification,HJK Helsinki -1.5 AH Corners,1.5,2.0,1.79,111.73,Bet365,Win,1.5,2024-08-29
2024,29/8,Elfsborg v Molde,,UEFA Europa League Qualification,Elfsborg +1.5 AH Corners,1.0,1.95,1.81,107.73,Bet365,Win,0.95,2024-08-29
2024,30/8,Vasco da Gama v Athletico Paranaense ,,Copa do Brasil,Under 6 Asian Total Cards,1.0,2.0,,,Bet365,Loss,-1.0,2024-08-30
2024,30/8,FC Sellier & Bellot Vlasim v Sigma Olomouc B,,Czech Republic FNL,Over 10 Asian Corners,1.0,1.95,1.69,115.38,Bet365,Loss,-1.0,2024-08-30
2024,30/8,FC Sellier & Bellot Vlasim v Sigma Olomouc B,,Czech Republic FNL,Over 12.5 Corners,0.5,3.75,,,Bet365,Loss,-0.5,2024-08-30
2024,30/8,FC Sellier & Bellot Vlasim v Sigma Olomouc B,,Czech Republic FNL,Over 13.5 Corners,0.25,5.5,,,Bet365,Loss,-0.25,2024-08-30
2024,30/8,KFUM v Lillestrom,,Norway Eliteserien,Under 10 Asian Corners,1.0,1.83,1.66,110.24,Bet365,Win,0.83,2024-08-30
2024,30/8,KFUM v Lillestrom,,Norway Eliteserien,Under 7.5 Corners,0.5,4.0,,,Bet365,Win,1.5,2024-08-30
2024,30/8,KFUM v Lillestrom,,Norway Eliteserien,Under 6.5 Corners,0.25,6.0,,,Bet365,Win,1.25,2024-08-30
2024,30/8,Fenerbahce v Alanyaspor,,Turkey Super Lig,Alanyaspor +4 AH Corners,1.0,1.73,1.62,106.79,Bet365,Win,0.73,2024-08-30
2024,30/8,HNK Gorica v HNK Sibenik,,Croatia HNL,HNK Gorica 0.0 AH Corners,1.0,1.85,1.68,110.12,Bet365,Loss,-1.0,2024-08-30
2024,30/8,Genk v Westerlo ,,Belgium Pro League,Westerlo +2 AH Corners,1.0,2.0,1.83,109.29,Bet365,Win,1.0,2024-08-30
2024,31/8,Universidada Catolica del Ecuador v Mushuc Runa,,Ecuador Serie A,Over 9.5 Asian Total Corners,1.0,1.9,,,Bet365,Win,0.9,2024-08-31
2024,31/8,Universidada Catolica del Ecuador v Mushuc Runa,,Ecuador Serie A,Over 11.5 Corners,0.5,3.25,,,Bet365,Loss,-0.5,2024-08-31
2024,31/8,Universidada Catolica del Ecuador v Mushuc Runa,,Ecuador Serie A,Over 12.5 Corners,0.25,4.5,,,Bet365,Loss,-0.25,2024-08-31
2024,31/8,Universidada Catolica del Ecuador v Mushuc Runa,,Ecuador Serie A,Over 14.5 Corners,0.1,10.0,,,Bet365,Loss,-0.1,2024-08-31
2024,31/8,Orebro SK v GIF Sundsvall,,Sweden Superatten,GIF Sundsvall +3.5 AH Corners,1.0,1.85,1.65,112.12,Bet365,Loss,-1.0,2024-08-31
2024,31/8,KV Mechelen v Charleroi,,Belgium Pro League,Charleroi +0.5 AH Corners,1.0,2.0,1.77,111.58,Bet365,Win,0.98,2024-08-31
2024,31/8,Farnborough v St Albans,,England National League,Under 10.5 Asian Corners,1.0,1.83,1.52,120.39,Bet365,Loss,-1.0,2024-08-31
2024,31/8,Farnborough v St Albans,,England National League,Under 8.5 Corners,0.5,3.25,,,Bet365,Loss,-0.5,2024-08-31
2024,31/8,Farnborough v St Albans,,England National League,Under 7.5 Corners,0.25,4.5,,,Bet365,Loss,-0.25,2024-08-31
2024,31/8,Farnborough v St Albans,,England National League,Under 6.5 Corners,0.1,8.0,,,Bet365,Loss,-0.1,2024-08-31
2024,31/8,Brest v St Etienne,,France Ligue 1,Under 4 Asian Total Cards,1.0,1.9,,,Bet365,Loss,-1.0,2024-08-31
2024,31/8,Brest v St Etienne,,France Ligue 1,Brest +0.5 AH Cards,1.0,1.85,,,Bet365,Loss,-1.0,2024-08-31
2024,31/8,Bologna v Empoli,,Italy Serie A,Under 5 Asian Total Cards,1.0,1.83,,,Bet365,Loss,-1.0,2024-08-31
2024,31/8,West Ham v Manchester City,,Premier League,Under 3.5 Asian Total Cards,1.0,1.85,1.8,102.78,Bet365,Loss,-1.0,2024-08-31
2024,31/8,Hajduk Split v NK Osijek,,Croatia HNL,Hajduk Split -1.5 AH Corners,2.0,1.98,1.91,103.66,Bet365,Loss,-2.0,2024-08-31
2024,31/8,Rimini v Virtus Entella,,Italy Serie C,Under 9.5 Asian Corners,1.0,1.95,1.69,115.38,Bet365,Win,0.95,2024-08-31
2024,31/8,Rimini v Virtus Entella,,Italy Serie C,Under 7.5 Corners,0.5,3.5,,,Bet365,Win,1.25,2024-08-31
2024,31/8,Rimini v Virtus Entella,,Italy Serie C,Under 6.5 Corners,0.25,5.5,,,Bet365,Win,1.13,2024-08-31
2024,31/8,Valencia v Villareal,,Spain La Liga,Under 6 Asian Total Cards,1.0,1.83,,,Bet365,Loss,-1.0,2024-08-31
2024,31/8,Jaguares de Cordoba v Atletico Nacional Medellin,,Colombia Primera A,Jagueres de Cordoba +1 AH Corners,1.0,1.93,,,Bet365,Win,0.93,2024-08-31
2024,3/9,Toluca Women v Chivas Guadalajara Women,,Mexico Liga MX Women,Under 9 Asian Corners,1.0,2.0,1.79,111.73,Bet365,Loss,-1.0,2024-09-03
2024,3/9,Toluca Women v Chivas Guadalajara Women,,Mexico Liga MX Women,Under 7.5 Corners,0.5,3.25,,,Bet365,Loss,-0.5,2024-09-03
2024,3/9,Toluca Women v Chivas Guadalajara Women,,Mexico Liga MX Women,Under 6.5 Corners,0.25,4.5,,,Bet365,Loss,-0.25,2024-09-03
2024,3/9,Lincoln City v Chesterfield,,EFL Trophy,Under 10 Asian Corners,1.0,1.93,1.72,112.21,Bet365,Loss,-1.0,2024-09-03
2024,3/9,Lincoln City v Chesterfield,,EFL Trophy,Under 7.5 Corners,0.5,4.0,,,Bet365,Loss,-0.5,2024-09-03
2024,3/9,Lincoln City v Chesterfield,,EFL Trophy,Under 6.5 Corners,0.25,6.5,,,Bet365,Loss,-0.25,2024-09-03
2024,3/9,Accrington Stanley v Stockport,,EFL Trophy,Stockport -1.5 AH Corners,1.0,1.78,1.52,117.11,Bet365,Win,0.78,2024-09-03
2024,3/9,Accrington Stanley v Stockport,,EFL Trophy,Under 10 Asian Corners,1.25,1.8,1.56,115.38,Bet365,Win,1.0,2024-09-03
2024,3/9,Accrington Stanley v Stockport,,EFL Trophy,Under 7.5 Corners,0.5,3.75,,,Bet365,Loss,-0.5,2024-09-03
2024,3/9,Accrington Stanley v Stockport,,EFL Trophy,Under 6.5 Corners,0.25,6.0,,,Bet365,Loss,-0.25,2024-09-03
2024,3/9,Barrow v Bolton,,EFL Trophy,Bolton -1 AH Corners,1.5,1.88,1.68,111.9,Bet365,Win,1.32,2024-09-03
2024,4/9,Tanzania v Ethiopia,,Africa Cup of Nations Qualification,Under 8 Asian Corners,1.0,1.95,1.78,109.55,Bet365,Win,0.95,2024-09-04
2024,4/9,Tanzania v Ethiopia,,Africa Cup of Nations Qualification,Under 6.5 Corners,0.5,3.25,,,Bet365,Win,1.13,2024-09-04
2024,4/9,Tanzania v Ethiopia,,Africa Cup of Nations Qualification,Under 5.5 Corners,0.25,5.0,,,Bet365,Win,1.0,2024-09-04
2024,5/9,Azerbaijan v Sweden,,UEFA Nations League,Under 4.5 Asian Total Cards,1.0,1.95,,,Bet365,Win,0.95,2024-09-05
2024,6/9,Kazakhstan v Norway,,UEFA Nations League,Norway -3.5 AH Corners,1.0,2.0,2.1,95.24,Bet365,Win,1.0,2024-09-06
2024,6/9,Belgium v Israel,,Euro U21 Qualification,Belgium -3.5 AH Corners,1.0,1.95,1.84,105.98,Bet365,Win,0.95,2024-09-06
2024,6/9,Wales v Turkey,,Euro U21 Qualification,Wales 0.0 AH Cards,1.0,2.0,1.81,110.5,Bet365,Loss,-1.0,2024-09-06
2024,6/9,Real Soacha Cundinamarca v Llaneros,,Colombia Primera B ,Under 9.5 Asian Corners,1.0,1.95,,,Bet365,Win,0.95,2024-09-06
2024,7/9,Barrow v Swindon,,England League 2,Swindon +2 Corner Handicap,1.5,1.91,1.69,113.02,William Hill,Win,1.37,2024-09-07
2024,7/9,Barrow v Swindon,,England League 2,Swindon Most Corners,0.5,3.25,,,Sky Bet,Loss,-0.5,2024-09-07
2024,7/9,Racing Club de Montevideo v Montevideo Wanderers,,Uruguay Primera Division,Under 10 Asian Corners,1.0,1.83,1.74,105.17,Bet365,Loss,-1.0,2024-09-07
2024,7/9,Racing Club de Montevideo v Montevideo Wanderers,,Uruguay Primera Division,Under 7.5 Corners,0.5,4.0,,,Bet365,Loss,-0.5,2024-09-07
2024,7/9,Racing Club de Montevideo v Montevideo Wanderers,,Uruguay Primera Division,Under 6.5 Corners,0.25,6.5,,,Bet365,Loss,-0.25,2024-09-07
2024,7/9,AZ Picerno ASD v Casertana,,Italy Serie C,Under 8.5 Asian Corners,1.0,1.88,1.66,113.25,Bet365,Win,0.88,2024-09-07
2024,7/9,AZ Picerno ASD v Casertana,,Italy Serie C,Under 6.5 Corners,0.5,3.5,,,Bet365,Loss,-0.5,2024-09-07
2024,7/9,AZ Picerno ASD v Casertana,,Italy Serie C,Under 5.5 Corners,0.25,6.0,,,Bet365,Loss,-0.25,2024-09-07
2024,7/9,Greece v Finland,,UEFA Nations League,Greece -2 AH Corners,1.0,1.85,1.85,100.0,Bet365,Win,0.85,2024-09-07
2024,7/9,Greece v Finland,,UEFA Nations League,Under 4 Asian Total Cards,1.5,1.9,1.45,131.03,Bet365,Loss,-1.5,2024-09-07
2024,7/9,Double,Greece v Finland,UEFA Nations League,Greece -2 AH Corners,0.5,3.51,2.68,130.97,Bet365,Loss,-0.5,2024-09-07
2024,7/9,Patriotas FC v Envigado FC,,Colombia Primera A,Under 10.5 Asian Corners,1.0,1.9,,,Bet365,Win,0.9,2024-09-07
2024,7/9,Patriotas FC v Envigado FC,,Colombia Primera A,Under 7.5 Corners,0.5,5.0,,,Bet365,Loss,-0.5,2024-09-07
2024,7/9,Patriotas FC v Envigado FC,,Colombia Primera A,Under 6.5 Corners,0.25,8.0,,,Bet365,Loss,-0.25,2024-09-07
2024,8/9,Fjolnir v Afturelding,,Iceland 1. Deild,Over 12.5 Corners,0.5,3.75,,,Bet365,Loss,-0.5,2024-09-08
2024,8/9,Bulgaria v Northern Ireland,,UEFA Nations League,Under 4.5 Asian Total Cards,2.0,2.0,,,Bet365,Loss,-2.0,2024-09-08
2024,8/9,Slovakia v Azerbaijan,,UEFA Nations League,Slovakia -2 Corner Handicap,1.0,1.7,1.56,108.97,William Hill,Loss,-1.0,2024-09-08
2024,8/9,Legnago Salus v Vis Pesaro,,Italy Serie C,Under 10 Asian Corners,1.0,2.0,,,Bet365,Win,1.0,2024-09-08
2024,8/9,Legnago Salus v Vis Pesaro,,Italy Serie C,Under 7.5 Corners,0.5,3.25,2.64,123.11,Bet365,Loss,-0.5,2024-09-08
2024,8/9,Legnago Salus v Vis Pesaro,,Italy Serie C,Under 6.5 Corners,0.25,4.5,,,Bet365,Loss,-0.25,2024-09-08
2024,8/9,Sestao River v Lugo,,Spain Primera RFEF G1,Under 9.5 Asian Corners,1.0,2.0,1.74,114.94,Bet365,Win,1.0,2024-09-08
2024,8/9,Sestao River v Lugo,,Spain Primera RFEF G1,Under 7.5 Corners,0.5,3.75,,,Bet365,Loss,-0.5,2024-09-08
2024,8/9,Switzerland v Spain,,UEFA Nations League,Spain -2 AH Corners,1.0,1.9,1.8,105.56,Bet365,Loss,-1.0,2024-09-08
2024,8/9,Arzignano Valchiampo v Padova,,Italy Serie C,Under 9.5 Asian Corners,1.0,1.88,1.64,114.63,Bet365,Win,0.88,2024-09-08
2024,8/9,Arzignano Valchiampo v Padova,,Italy Serie C,Under 7.5 Corners,0.5,3.4,,,Bet365,Loss,-0.5,2024-09-08
2024,8/9,Arzignano Valchiampo v Padova,,Italy Serie C,Under 6.5 Corners,0.25,5.5,,,Bet365,Loss,-0.25,2024-09-08
2024,9/9,Norrby IF v Falkenbergs FF,,Sweden Division 1 Sodra ,Under 10.5 Asian Corners,1.0,1.9,1.62,117.28,Bet365,Loss,-1.0,2024-09-09
2024,10/9,Rwanda v Nigeria,,AFCON Qualifiers ,Under 9 Asian Corners,1.0,1.85,1.64,112.8,Bet365,Loss,-1.0,2024-09-10
2024,10/9,Rwanda v Nigeria,,AFCON Qualifiers ,Under 6.5 Corners,0.5,4.33,,,Bet365,Loss,-0.5,2024-09-10
2024,10/9,Bostwana v Egypt,,AFCON Qualifiers ,Under 8.5 Asian Corners,1.0,1.93,1.67,115.57,Bet365,Win,0.93,2024-09-10
2024,10/9,Bostwana v Egypt,,AFCON Qualifiers ,Under 6.5 Corners,0.5,3.75,,,Bet365,Loss,-0.5,2024-09-10
2024,10/9,Kuwait v Iraq,,Asia World Cup Qualifiers ,Under 9 Asian Corners,1.5,1.83,1.62,112.96,Bet365,Win,1.25,2024-09-10
2024,10/9,Kuwait v Iraq,,Asia World Cup Qualifiers ,Under 6.5 Corners,0.5,4.0,,,Bet365,Win,1.5,2024-09-10
2024,10/9,Hungary v Bosnia-Herzegovina,,UEFA Nations League,Hungary -2 AH Corners,1.0,2.0,1.82,109.89,Bet365,Win,1.0,2024-09-10
2024,11/9,Deportes Quindio v Barranquilla FC,,Colombia Primera B ,Under 10 Asian Corners,1.5,1.8,,,Bet365,Win,1.2,2024-09-11
2024,11/9,Deportes Quindio v Barranquilla FC,,Colombia Primera B ,Under 7.5 Corners,0.5,3.75,,,Bet365,Loss,-0.5,2024-09-11
2024,12/9,TPS v Jippo,,Finland Ykkosliiga,Over 4.5 FH Asian Corners,1.0,1.8,1.7,105.88,Bet365,Loss,-1.0,2024-09-12
2024,12/9,TPS v Jippo,,Finland Ykkosliiga,Over 10 Asian Corners,1.0,1.98,1.74,113.79,Bet365,Loss,-1.0,2024-09-12
2024,12/9,Germany U20 Women v Argentina U20 Women,,FIFA World Cup U20 Women,Over 9 Asian Corners,1.0,1.85,1.64,112.8,Bet365,Loss,-1.0,2024-09-12
2024,12/9,Germany U20 Women v Argentina U20 Women,,FIFA World Cup U20 Women,Over 4.5 FH Asian Corners,1.0,2.05,1.94,105.67,Bet365,Win,1.05,2024-09-12
2024,12/9,Germany U20 Women v Argentina U20 Women,,FIFA World Cup U20 Women,Over 11.5 Corners,0.25,3.75,,,Bet365,Loss,-0.25,2024-09-12
2024,13/9,Novoriozontino v Botagofo SP,,Brazil Serie B,Under 10 Asian Corners,1.0,1.95,1.76,110.8,Bet365,Loss,-1.0,2024-09-13
2024,14/9,SC Freiburg v Bochum,,Germany Bundesliga,Under 10 Asian Corners,1.0,1.8,1.63,110.43,Bet365,Loss,-1.0,2024-09-14
2024,14/9,Middlesbrough v Preston,,England Championship,Preston -1 AH Cards,1.5,1.95,1.7,114.71,Bet365,Win,1.43,2024-09-14
2024,14/9,Liverpool v Nottm Forest ,,Premier League,Under 4.5 Asian Total Cards,1.0,1.8,,,Bet365,Loss,-1.0,2024-09-14
2024,14/9,Holstein Kiel v Bayern Munich,,Germany Bundesliga,Under 4 Asian Total Cards,1.0,1.8,,,Bet365,Win,0.8,2024-09-14
2024,15/9,Monza v Inter Milan,,Italy Serie A,Under 3.5 Asian Total Cards,1.0,2.03,1.82,111.54,Bet365,Win,1.03,2024-09-15
2024,15/9,SC Aucas v Mushuc Runa,,Ecuador Serie A,Under 12.5 Asian Corners,2.0,2.1,,,Bet365,Loss,-2.0,2024-09-15
2024,15/9,Tigres FC v Boca Juniors De Cali,,Colombia Primera B,Under 10.5 Asian Corners,1.0,1.8,,,Bet365,Win,0.8,2024-09-15
2024,16/9,Lazio v Verona,,Italy Serie A,Verona Most Booking Points,1.0,1.8,1.61,111.8,William Hill,Loss,-1.0,2024-09-16
2024,16/9,Birmingham v Wrexham ,,England League 1,Birmingham -1 AH Corners,1.5,1.95,1.72,113.37,Bet365,Win,1.43,2024-09-16
2024,16/9,Lucchese v Rimini,,Italy Serie C,Under 9.5 Asian Corners,1.0,1.95,1.72,113.37,Bet365,Win,0.95,2024-09-16
2024,17/9,Envigado FC v Jaguares de Cordoba,,Colombia Cup,Under 10 Asian Corners,1.0,1.85,,,Bet365,Win,0.85,2024-09-17
2024,17/9,Real Soacha Cundinamarca v Real Cartagena,,Colombia Primera B,Under 9.5 Asian Corners,1.0,1.83,,,Bet365,Loss,-1.0,2024-09-17
2024,17/9,Real Soacha Cundinamarca v Real Cartagena,,Colombia Primera B,Under 4.5 FH Asian Corners,1.0,1.83,,,Bet365,Loss,-1.0,2024-09-17
2024,18/9,SK Brann v KFUM,,Norway Eliteserien,Under 10.5 Asian Corners,1.0,1.88,1.68,111.9,Bet365,Win,0.88,2024-09-18
2024,18/9,SK Brann v KFUM,,Norway Eliteserien,Under 5 FH Asian Corners,1.0,1.83,1.7,107.65,Bet365,Win,0.83,2024-09-18
2024,18/9,Brighton v Wolves,,EFL Cup,Under 4 Asian Total Cards,1.0,2.03,,,Bet365,Loss,-1.0,2024-09-18
2024,18/9,Coventry v Tottenham,,EFL Cup,Tottenham +1 AH Cards,1.0,1.9,1.58,120.25,Bet365,Loss,-1.0,2024-09-18
2024,20/9,Libertad FC v Independiente del Valle,,Ecuador Serie A,Under 12.5 Asian Corners,1.0,1.8,,,Bet365,Loss,-1.0,2024-09-20
2024,21/9,Shanghai Shenhua v Tianjin Jinmen Tigers,,China Super League,Shanghai Shenhua -3.5 AH Corners,1.5,2.0,1.79,111.73,Bet365,Win,1.5,2024-09-21
2024,21/9,Westerlo v Antwerp ,,Belgium First Division A,Under 10 Asian Corners,1.0,1.8,1.63,110.43,Bet365,Loss,-1.0,2024-09-21
2024,21/9,Westerlo v Antwerp ,,Belgium First Division A,Under 7.5 Corners,0.25,3.75,,,Bet365,Loss,-0.25,2024-09-21
2024,21/9,Real Madrid v Espanyol ,,Spain La Liga,Real Madrid +2 AH Cards,1.0,1.9,,,Bet365,Win,0.9,2024-09-21
2024,21/9,Real Madrid v Espanyol ,,Spain La Liga,Real Madrid +2 Card Handicap,0.5,2.37,,,Bet365,Win,0.69,2024-09-21
2024,21/9,Real Madrid v Espanyol ,,Spain La Liga,Real Madrid +1 Card Handicap,0.25,5.0,,,Bet365,Win,1.0,2024-09-21
2024,22/9,Monza v Bologna,,Italy Serie A,Monza 0.0 AH Cards,1.0,1.7,1.59,106.92,Bet365,Win,0.7,2024-09-22
2024,22/9,Sigma Olomouc v Dukla Praha,,Czech Republic Chance Liga,Sigma Olomouc -1.5 AH Corners,1.0,1.85,1.66,111.45,Bet365,Loss,-1.0,2024-09-22
2024,22/9,Roma v Udinese,,Italy Serie A,Udinese -0.5 AH Corners,1.0,1.85,1.68,110.12,Bet365,Loss,-1.0,2024-09-22
2024,22/9,Silkeborg IF v Brondby,,Denmark Superliga,Brondby -1 AH Corners,1.0,1.98,1.95,101.54,Bet365,Win,0.98,2024-09-22
2024,22/9,Sporting v AVS	,,Liga Portugal Betclic,Sporting -5.5 AH Corners,1.0,1.9,1.68,113.1,Bet365,Win,0.9,2024-09-22
2024,24/9,Athletic Club MG v Ferroviaria ,,Brazil Serie C,Race to 7 Corners - Neither,1.0,1.83,,,Bet365,Win,0.83,2024-09-24
2024,24/9,Athletic Club MG v Ferroviaria ,,Brazil Serie C,Under 4.5 FH Asian Corners,1.0,2.05,1.88,109.04,Bet365,Loss,-1.0,2024-09-24
2024,24/9,Atalanta v Como,,Italy Serie A,Under 4.5 Asian Total Cards,1.0,1.95,1.68,116.07,Bet365,Win,0.95,2024-09-24
2024,24/9,Real Madrid v Alaves,,Spain La Liga,Real Madrid +1 AH Cards,1.0,1.78,1.64,108.54,Bet365,Win,0.78,2024-09-24
2024,25/9,Abha v Al Taawon Buraidah ,,Saudi Arabia Kings Cup,Under 9.5 Asian Corners,1.0,1.98,1.54,128.57,Bet365,Win,0.98,2024-09-25
2024,25/9,Abha v Al Taawon Buraidah ,,Saudi Arabia Kings Cup,Under 7.5 Corners,0.5,3.75,2.6,144.23,Bet365,Win,1.38,2024-09-25
2024,25/9,Liverpool v West Ham,,EFL Cup,West Ham +5 AH Corners,1.0,1.98,1.57,126.11,Bet365,Win,0.98,2024-09-25
2024,25/9,Barcelona v Getafe,,Spain La Liga,Under 5 Asian Total Cards,1.0,1.9,,,Bet365,Win,0.9,2024-09-25
2024,25/9,Ludogorets Razgrad v Slavia Prague,,UEFA Europa League,Slavia Prague 0.0 AH Cards,1.0,2.0,1.91,104.71,Bet365,Win,1.0,2024-09-25
2024,25/9,Dynamo Kyiv v Lazio	,,UEFA Europa League,Under 5.5 Asian Total Cards,1.0,1.93,,,Bet365,Loss,-1.0,2024-09-25
2024,26/9,Carpi v Ascoli,,Italy Serie C ,Under 10.5 Asian Corners,1.0,1.8,1.57,114.65,Bet365,Win,0.8,2024-09-26
2024,26/9,Carpi v Ascoli,,Italy Serie C ,Under 7.5 Corners,0.25,4.5,,,Bet365,Loss,-0.25,2024-09-26
2024,26/9,Virtus Entella v Pescara,,Italy Serie C ,Under 10 Asian Corners,1.0,1.9,1.66,114.46,Bet365,Win,0.9,2024-09-26
2024,26/9,Virtus Entella v Pescara,,Italy Serie C ,Under 7.5 Corners,0.25,4.0,,,Bet365,Win,0.75,2024-09-26
2024,26/9,Tottenham v Qarabag,,UEFA Europa League,Tottenham -5 AH Corners,1.0,1.85,1.7,108.82,Bet365,Loss,-1.0,2024-09-26
2024,26/9,Penarol v Flamengo,,Copa Libertadores,Penarol 0.0 AH Cards,1.0,1.88,1.84,102.17,Bet365,Loss,-1.0,2024-09-26
2024,27/9,FC Eindhoven v Roda JC,,Netherlands Eerste Divisie,Under 10.5 Asian Corners,1.0,1.88,1.67,112.57,Bet365,Win,0.88,2024-09-27
2024,27/9,AC Milan v Lecce,,Italy Serie A,Lecce -1 AH Cards,1.0,1.85,1.93,95.85,Bet365,Loss,-1.0,2024-09-27
2024,28/9,Blackburn v QPR ,,England Championship,Under 10.5 Asian Corners,1.0,1.85,1.71,108.19,Bet365,Win,0.85,2024-09-28
2024,28/9,Sheff Wed v West Brom,,England Championship,Under 10.5 Asian Corners,1.0,1.98,1.76,112.5,Bet365,Win,0.98,2024-09-28
2024,28/9,Double,Blackburn v QPR 	,England Championship,Under 10.5 Asian Corners,0.5,3.65,3.01,121.26,Bet365,Win,1.33,2024-09-28
2024,28/9,Arsenal v Leicester,,Premier League,Under 10 Asian Corners,1.0,2.0,1.75,114.29,Bet365,Loss,-1.0,2024-09-28
2024,28/9,Newport County v Crewe,,England League 2,Crewe -0.5 AH Corners,1.0,1.83,1.63,112.27,Bet365,Win,0.83,2024-09-28
2024,28/9,Millwall v Preston,,England Championship,Preston 0.0 AH Cards,1.0,1.65,1.49,110.74,Bet365,Loss,-1.0,2024-09-28
2024,28/9,Watford v Sunderland,,England Championship,Over 4 Asian Total Cards,1.5,1.85,,,Bet365,Loss,-1.5,2024-09-28
2024,28/9,Dukla Banska Bystrica v FC Kosice,,Slovakia Nike liga,Under 10.5 Asian Corners,1.0,2.03,1.74,116.67,Bet365,Win,1.03,2024-09-28
2024,28/9,Dukla Banska Bystrica v FC Kosice,,Slovakia Nike liga,Under 5 FH Asian Corners,1.0,2.0,1.74,114.94,Bet365,Win,1.0,2024-09-28
2024,28/9,Genoa v Juventus ,,Italy Serie A,Juventus 0.0 AH Cards,1.0,1.8,1.5,120.0,Bet365,Loss,-1.0,2024-09-28
2024,28/9,Bayern Munich v Bayer Leverkusen,,Germany Bundesliga,Bayern Leverkusen 0.0 AH Cards,1.0,1.83,,,Bet365,Win,0.83,2024-09-28
2024,28/9,Legia Warsaw v Gornik Zabrze ,,Poland Ekstraklasa,Gornik Zabrze +2.5 AH Corners,1.0,2.03,1.91,106.28,Bet365,Win,1.03,2024-09-28
2024,28/9,Independiente del Valle v Universidad Catolica del Ecuador,,Ecuador Serie A,Over 9.5 Asian Corners,1.0,1.9,,,Bet365,Win,0.9,2024-09-28
2024,28/9,Independiente del Valle v Universidad Catolica del Ecuador,,Ecuador Serie A,Over 4.5 FH Asian Corners,1.0,1.9,,,Bet365,Win,0.9,2024-09-28
2024,28/9,Bologna v Atalanta,,Italy Serie A,Under 5.5 Asian Total Cards,1.0,1.85,,,Bet365,Loss,-1.0,2024-09-28
2024,28/9,Osasuna v Barcelona,,Spain La Liga,Under 5 Asian Total Cards,1.0,1.95,1.79,108.94,Bet365,Win,0.95,2024-09-28
2024,29/9,DC Utd v Columbus Crew,,USA MLS,DC Utd 0.0 AH Corners,1.0,2.03,1.87,108.56,Bet365,Win,1.03,2024-09-29
2024,29/9,FC Cincinnati v LAFC,,USA MLS,LAFC +0.5 AH Cards,1.0,2.05,1.83,112.02,Bet365,Win,1.05,2024-09-29
2024,29/9,UD Ibiza v Alcoyano,,Spain RFEF Group 2,Under 9.5 Asian Corners,1.0,1.98,1.65,120.0,Bet365,Win,0.98,2024-09-29
2024,29/9,UD Ibiza v Alcoyano,,Spain RFEF Group 2,Under 4.5 FH Asian Corners,1.0,1.95,1.69,115.38,Bet365,Win,0.95,2024-09-29
2024,29/9,UD Ibiza v Alcoyano,,Spain RFEF Group 2,Under 7.5 Corners,0.25,3.75,,,Bet365,Win,0.69,2024-09-29
2024,29/9,RKC v Ajax,,Netherlands Eredivisie,Over 10 Asian Corners,1.0,1.95,1.74,112.07,Bet365,Win,0.95,2024-09-29
2024,29/9,RKC v Ajax,,Netherlands Eredivisie,Over 4.5 FH Asian Corners,1.0,1.8,1.78,101.12,Bet365,Win,0.8,2024-09-29
2024,29/9,RKC v Ajax,,Netherlands Eredivisie,Over 12.5 Corners,0.25,3.75,,,Bet365,Win,0.69,2024-09-29
2024,29/9,Bohemians 1905 v Slavia Prague,,Czech Republic Chance Liga,Slavia Prague -3 AH Corners,1.0,2.0,1.78,112.36,Bet365,Win,1.0,2024-09-29
2024,29/9,Cordoba v Racing Ferrol,,Spain Segunda Division,Cordoba -1.5 AH Corners,1.0,1.8,1.65,109.09,Bet365,Win,0.8,2024-09-29
2024,30/9,Borneo FC v Persita Tangerang,,Indonesia Liga 1,Under 9.5 Asian Corners,1.0,1.98,1.81,109.39,Bet365,Loss,-1.0,2024-09-30
2024,30/9,Borneo FC v Persita Tangerang,,Indonesia Liga 1,Under 4.5 FH Asian Corners,1.0,1.95,1.81,107.73,Bet365,Loss,-1.0,2024-09-30
2024,30/9,AVS v SC Farense,,Liga Portugal Betclic,Farense +2 AH Corners,1.0,2.0,1.73,115.61,Bet365,Loss,-1.0,2024-09-30
2024,30/9,Patriotas FC v Deportivo Cali,,Colombia Primera A,Under 9.5 Asian Corners,1.0,2.0,,,Bet365,Win,1.0,2024-09-30
2024,1/10,Newcastle v AFC Wimbledon,,EFL Cup,Newcastle -3 AH Corners,2.0,1.93,1.54,125.32,Bet365,Win,1.86,2024-10-01
2024,1/10,Morecambe v Bradford,,England League 2,Bradford -0.5 AH Corners,1.0,1.9,1.79,106.15,Bet365,Win,0.9,2024-10-01
2024,2/10,Dinamo Zagreb U19 v Monaco U19,,UEFA Youth League U19,Monaco U19 -0.5 AH Corners,1.0,1.95,1.74,112.07,Bet365,Win,0.95,2024-10-02
2024,2/10,Guimaraes v NK Celje,,UEFA Conference League,Guimaraes -3.5 AH Corners,1.0,1.95,1.53,127.45,Bet365,Loss,-1.0,2024-10-02
2024,2/10,FC Sellier & Bellot Vlasim v Slavia Prague B,,Czech Republic FNL,Over 10.5 Asian Corners,1.0,2.03,1.73,117.34,Bet365,Win,1.03,2024-10-02
2024,2/10,FC Sellier & Bellot Vlasim v Slavia Prague B,,Czech Republic FNL,Over 5 FH Asian Corners,1.0,2.0,1.93,103.63,Bet365,Win,1.0,2024-10-02
2024,2/10,Preston v Watford,,England Championship,Over 3.5 Asian Total Cards,2.0,1.8,,,Bet365,Loss,-2.0,2024-10-02
2024,2/10,Liverpool v Bologna,,UEFA Champions League,Bologna -0.5 AH Cards,1.0,1.98,1.86,106.45,Bet365,Loss,-1.0,2024-10-02
2024,2/10,RB Leipzig v Juventus,,UEFA Champions League,Under 4 Asian Total Cards,1.0,1.93,1.76,109.66,Bet365,Loss,-1.0,2024-10-02
2024,2/10,Lille v Real Madrid,,UEFA Champions League,Real Madrid 0.0 AH Cards,1.0,2.03,1.88,107.98,Bet365,Win,1.03,2024-10-02
2024,2/10,CD Real Santander v Orsomarso,,Colombia Primera B,Under 9.5 Asian Corners,1.0,1.8,,,Bet365,Win,0.8,2024-10-02
2024,2/10,CD Real Santander v Orsomarso,,Colombia Primera B,Under 4.5 FH Asian Corners,1.0,1.8,,,Bet365,Win,0.8,2024-10-02
2024,3/10,Al Wahda v Al Feiha,,Saudi Arabia Professional League,Al Feiha +1 AH Corners,1.0,1.93,,,Bet365,Win,0.93,2024-10-03
2024,3/10,Atletico Cali FC v Boca Juniors De Cali,,Colombia Primera B,Under 10 Asian Corners,1.0,1.8,,,Bet365,Loss,-1.0,2024-10-03
2024,4/10,Paris FC v Laval,,France Ligue 2,Under 9.5 Asian Corners,1.0,1.85,1.66,111.45,Bet365,Loss,-1.0,2024-10-04
2024,4/10,Sunderland v Leeds ,,England Championship,Under 10 Asian Corners,1.0,1.85,1.66,111.45,Bet365,Win,0.85,2024-10-04
2024,4/10,Sunderland v Leeds ,,England Championship,Under 4.5 FH Asian Corners,1.0,2.03,1.85,109.73,Bet365,Win,1.03,2024-10-04
2024,4/10,Union Santa Fe v Central Cordoba SdE,,Argentina Liga Professional,Central Cordoba SdE +1.5 AH Corners,1.0,2.0,1.87,106.95,Bet365,Loss,-1.0,2024-10-04
2024,5/10,Gremio v Fortaleza,,Brazil Serie A,Gremio +1 AH Cards,1.0,2.0,,,Bet365,Loss,-1.0,2024-10-05
2024,5/10,Varbergs BoIS v Orebro SK,,Sweden Superettan,Under 10.5 Asian Corners,1.0,1.8,1.63,110.43,Bet365,Loss,-1.0,2024-10-05
2024,5/10,Varbergs BoIS v Orebro SK,,Sweden Superettan,Under 5 FH Asian Corners,1.0,1.8,1.62,111.11,Bet365,Loss,-1.0,2024-10-05
2024,5/10,Southport v Brackley,,England National League North,Under 10 Asian Corners,1.0,1.83,1.56,117.31,Bet365,Win,0.83,2024-10-05
2024,5/10,Southport v Brackley,,England National League North,Under 4.5 FH Asian Corners,1.0,2.03,1.76,115.34,Bet365,Loss,-1.0,2024-10-05
2024,5/10,Southport v Brackley,,England National League North,Under 7.5 Corners,0.5,4.0,,,Bet365,Loss,-0.5,2024-10-05
2024,5/10,Arsenal v Southampton,,Premier League,Southampton +5.5 AH Corners,1.0,1.95,1.73,112.72,Bet365,Loss,-1.0,2024-10-05
2024,5/10,Leicester v Bournemouth ,,Premier League,Bournemouth 0.0 AH Cards,1.0,2.05,1.75,117.14,Bet365,Loss,-1.0,2024-10-05
2024,5/10,Mushuc Runa v Independiente del Valle,,Ecuador Serie A,Under 11.5 Asian Corners,1.0,1.9,,,Bet365,Loss,-1.0,2024-10-05
2024,5/10,NS Mura v NK Domzale,,Slovenia Prva Liga ,Under 10.5 Asian Corners,1.0,1.8,1.59,113.21,Bet365,Win,0.8,2024-10-05
2024,5/10,NS Mura v NK Domzale,,Slovenia Prva Liga ,Under 5 FH Asian Corners,1.0,1.8,1.63,110.43,Bet365,Win,0.8,2024-10-05
2024,5/10,Deportivo Cuenca v Tecnico Universitario,,Ecuador Serie A ,Under 10 Asian Corners,1.0,2.0,,,Bet365,Win,1.0,2024-10-05
2024,6/10,Sporting KC v LAFC,,USA MLS,Over 4 Asian Total Cards,1.0,2.1,,,Bet365,Loss,-1.0,2024-10-06
2024,6/10,LASK Linz v Austria Klagenfurt,,Austria Bundesliga,Austria Klagenfurt +2 AH Corners,1.0,1.93,1.72,112.21,Bet365,Win,0.93,2024-10-06
2024,6/10,Chelsea v Nottm Forest,,Premier League,Chelsea +0.5 AH Cards,1.0,1.95,1.85,105.41,Bet365,Win,0.95,2024-10-06
2024,6/10,Aston Villa v Man Utd,,Premier League,Man Utd 0.0 AH Cards,1.25,1.8,,,Bet365,Win,1.0,2024-10-06
2024,6/10,Aston Villa v Man Utd,,Premier League,Man Utd +1.5 AH Corners,1.0,1.95,1.71,114.04,Bet365,Loss,-1.0,2024-10-06
2024,6/10,Frankfurt v Bayern Munich,,Germany Bundesliga,Bayern Munich -2.5 AH Corners,1.0,2.0,1.96,102.04,Bet365,Win,1.0,2024-10-06
2024,6/10,Sevilla v Betis,,Spain La Liga,Sevilla 0.0 AH Cards,1.0,1.78,,,Bet365,Win,0.78,2024-10-06
2024,6/10,Nice v PSG,,France Ligue 1,PSG -1 AH Corners,1.0,1.95,1.79,108.94,Bet365,Win,0.95,2024-10-06
2024,8/10,Grimsby v Lincoln City,,EFL Trophy,Under 10 Asian Corners,1.0,1.85,1.64,112.8,Bet365,Win,0.85,2024-10-08
2024,8/10,Grimsby v Lincoln City,,EFL Trophy,Under 4.5 FH Asian Corners,1.0,2.03,1.79,113.41,Bet365,Win,1.03,2024-10-08
2024,8/10,Celtic Women v FC Twente Women,,UEFA Champions League Women,FC Twente Women -1 AH Corners,1.0,2.0,1.74,114.94,Bet365,Loss,-1.0,2024-10-08
2024,9/10,Bayern Munich Women v Arsenal Women,,UEFA Champions League Women,Arsenal Women +0.5 AH Corners,1.0,1.9,1.68,113.1,Bet365,Loss,-1.0,2024-10-09
2024,9/10,Atletico Mineiro v Gremio,,Brazil Serie A,Under 5.5 Asian Total Cards,1.0,2.0,,,Bet365,Loss,-1.0,2024-10-09
2024,10/10,Namibia v Zimbabwe,,AFCON Qualifiers,Under 8.5 Asian Corners,1.0,1.98,1.74,113.79,Bet365,Win,0.98,2024-10-10
2024,10/10,Namibia v Zimbabwe,,AFCON Qualifiers,Under 4 FH Asian Corners,1.0,2.0,1.79,111.73,Bet365,Win,1.0,2024-10-10
2024,10/10,Ghana v Sudan,,AFCON Qualifiers,Over 8 Asian Corners,1.0,1.8,1.71,105.26,Bet365,Win,0.8,2024-10-10
2024,10/10,Qatar v Kyrgyzstan,,FIFA World Cup Qualifiers Asia,Under 10 Asian Corners,1.0,1.93,1.7,113.53,Bet365,Loss,-1.0,2024-10-10
2024,10/10,Gibraltar v San Marino,,UEFA Nations League,San Marino +2 AH Corners,1.0,2.0,1.94,103.09,Bet365,Win,1.0,2024-10-10
2024,10/10,England v Greece,,UEFA Nations League,Greece -1 AH Cards,1.0,2.0,1.7,117.65,Bet365,Win,1.0,2024-10-10
2024,10/10,Algeria v Togo,,AFCON Qualifiers,Over 8 Asian Corners,1.0,1.95,1.71,114.04,Bet365,Win,0.95,2024-10-10
2024,10/10,Bolivia v Colombia,,FIFA World Cup Qualifiers South America,Colombia +1 AH Corners,1.0,2.0,1.59,125.79,Bet365,Win,1.0,2024-10-10
2024,11/10,Estonia v Azerbaijan,,UEFA Nations League,Estonia 0.0 AH Cards,1.0,2.08,1.79,116.2,Bet365,Win,1.08,2024-10-11
2024,11/10,Iceland v Wales,,UEFA Nations League,Iceland +0.5 AH Cards,1.0,1.83,,,Bet365,Loss,-1.0,2024-10-11
2024,11/10,Iceland v Wales,,UEFA Nations League,Iceland Most Cards,0.5,3.0,,,Bet365,Loss,-0.5,2024-10-11
2024,11/10,Turkey v Montenegro ,,UEFA Nations League,Montenegro -1 AH Cards,1.0,2.1,1.76,119.32,Bet365,Loss,-1.0,2024-10-11
2024,11/10,Slovakia v Ukraine,,UEFA Nations League,Slovakia 0.0 AH Cards,1.0,2.0,1.78,112.36,Bet365,Win,1.0,2024-10-11
2024,11/10,England U21 v Ukraine U21,,UEFA U21 Euro Championship,England U21 -3 AH Corners,1.0,1.95,1.76,110.8,Bet365,Loss,-1.0,2024-10-11
2024,12/10,Peru v Uruguay,,FIFA World Cup Qualifiers South America,Peru -0.5 AH Cards,1.0,2.1,,,Bet365,Loss,-1.0,2024-10-12
2024,13/10,Fuenlabrada v Alcoyano ,,Spain Primera RFEF,Under 9 Asian Corners,1.0,1.88,1.61,116.77,Bet365,Win,0.88,2024-10-13
2024,14/10,Kenya v Cameroon,,AFCON Qualifiers,Under 8.5 Asian Corners,1.0,1.93,1.74,110.92,Bet365,Win,0.93,2024-10-14
2024,14/10,Zimbabwe v Namibia,,AFCON Qualifiers,Under 8.5 Asian Corners,1.0,1.8,1.63,110.43,Bet365,Win,0.8,2024-10-14
2024,14/10,Zimbabwe v Namibia,,AFCON Qualifiers,Under 4 FH Asian Corners,1.0,1.8,1.59,113.21,Bet365,Win,0.8,2024-10-14
2024,14/10,Italy v Israel,,UEFA Nations League,Under 10 Asian Corners,1.0,2.0,1.76,113.64,Bet365,Loss,-1.0,2024-10-14
2024,14/10,Patriotas FC v Independiente Santa Fe,,Colombia Primera A,Over 9.5 Asian Corners,1.0,1.95,,,Bet365,Win,0.95,2024-10-14
2024,14/10,Patriotas FC v Independiente Santa Fe,,Colombia Primera A,Over 4.5 FH Asian Corners,1.0,1.95,,,Bet365,Win,0.95,2024-10-14
2024,14/10,Patriotas FC v Independiente Santa Fe	,,Colombia Primera A,Over 11.5 Corners,0.5,3.4,,,Bet365,Loss,-0.5,2024-10-14
2024,15/10,China PR v Indonesia,,FIFA World Cup Qualifiers Asia,China PR -0.5 AH Corners,1.0,1.95,1.81,107.73,Bet365,Loss,-1.0,2024-10-15
2024,15/10,Tanzania v DR Congo ,,AFCON Qualifiers,Under 8 Asian Corners,1.0,1.95,1.68,116.07,Bet365,Loss,-1.0,2024-10-15
2024,15/10,Tanzania v DR Congo ,,AFCON Qualifiers,Under 4 FH Asian Corners,1.0,1.75,1.57,111.46,Bet365,Loss,-1.0,2024-10-15
2024,15/10,Norway U21 v Turkey U21,,UEFA U21 Euro Championship,Under 10.5 Asian Corners,1.0,2.08,1.83,113.66,Bet365,Win,1.08,2024-10-15
2024,15/10,Luxembourg U19 v North Macedonia U19,,UEFA U19 Euro Championship,Over 4 FH Asian Corners,1.0,1.88,1.77,106.21,Bet365,Win,0.88,2024-10-15
2024,15/10,Luxembourg U19 v North Macedonia U19,,UEFA U19 Euro Championship,Over 8.5 Asian Corners,1.0,1.85,1.62,114.2,Bet365,Loss,-1.0,2024-10-15
2024,15/10,Luxembourg U19 v North Macedonia U19,,UEFA U19 Euro Championship,Over 10.5 Corners,0.5,3.4,,,Bet365,Loss,-0.5,2024-10-15
2024,15/10,Belarus v Luxembourg,,UEFA Nations League,Over 8.5 Asian Corners,1.5,2.0,1.96,102.04,Bet365,Loss,-1.5,2024-10-15
2024,15/10,Belarus v Luxembourg,,UEFA Nations League,Over 4 FH Asian Corners,1.0,1.98,1.83,108.2,Bet365,Loss,-1.0,2024-10-15
2024,15/10,Belarus v Luxembourg,,UEFA Nations League,Over 10.5 Corners,0.5,3.75,,,Bet365,Loss,-0.5,2024-10-15
2024,15/10,Spain v Serbia,,UEFA Nations League,Serbia -1 AH Cards,1.0,1.95,1.83,106.56,Bet365,Win,0.95,2024-10-15
2024,15/10,Spain v Serbia,,UEFA Nations League,Spain -3.5 AH Corners,1.0,2.0,1.85,108.11,Bet365,Win,1.0,2024-10-15
2024,16/10,Paraguay v Venezuela,,FIFA World Cup Qualifiers South America,Venezuela +1.5 AH Corners,1.0,2.05,1.83,112.02,Bet365,Loss,-1.0,2024-10-16
2024,16/10,Argentina v Bolivia,,FIFA World Cup Qualifiers South America,Argentina -4.5 AH Corners,1.5,1.9,,,Bet365,Loss,-1.5,2024-10-16
2024,18/10,Shandong Taishan v Tianjin Jinmen Tiger,,China Super League,Over 10.5 Asian Corners,1.0,2.0,1.75,114.29,Bet365,Win,1.0,2024-10-18
2024,18/10,FC Sellier & Bellot Vlasim v FC Silon Taborsko,,Czech Republic FNL,Over 4.5 FH Asian Corners,1.0,1.83,1.81,101.1,Bet365,Loss,-1.0,2024-10-18
2024,18/10,FC Sellier & Bellot Vlasim v FC Silon Taborsko,,Czech Republic FNL,Over 10 Asian Corners,1.0,2.0,1.79,111.73,Bet365,Loss,-1.0,2024-10-18
2024,19/10,Botafogo v Criciuma,,Brazil Serie A,Criciuma -0.5 AH Cards,1.0,1.85,1.55,119.35,Bet365,Win,0.85,2024-10-19
2024,19/10,Vitoria BA v Bragantino,,Brazil Serie A,Bragantino 0.0 AH Cards,1.0,1.85,1.54,120.13,Bet365,Loss,-1.0,2024-10-19
2024,19/10,Sorrento v Benevento,,Italy Serie C,Over 4 FH Asian Corners,1.0,1.75,1.74,100.57,Bet365,Loss,-1.0,2024-10-19
2024,19/10,Sorrento v Benevento,,Italy Serie C,Over 9 Asian Corners,1.0,2.0,1.74,114.94,Bet365,Loss,-1.0,2024-10-19
2024,19/10,Man Utd v Brentford,,Premier League,Man Utd +0.5 AH Cards,1.5,1.75,,,Bet365,Win,1.13,2024-10-19
2024,19/10,Man Utd v Brentford,,Premier League,Man Utd +0 Card Handicap,0.5,2.87,,,Bet365,Loss,-0.5,2024-10-19
2024,19/10,Kaiserslautern v Paderborn,,Germany Bundesliga 2,Over 10.5 Asian Corners,1.0,2.0,1.81,110.5,Bet365,Loss,-1.0,2024-10-19
2024,20/10,Wolfsburg v Werder Bremen,,Germany Bundesliga,Over 5 Asian Total Cards,1.0,2.0,1.78,112.36,Bet365,Loss,-1.0,2024-10-20
2024,20/10,Barcelona v Sevilla,,Spain La Liga,Sevilla -0.5 AH Cards,1.0,1.85,1.52,121.71,Bet365,Win,0.85,2024-10-20
2024,21/10,IFK Goteborg v AIK,,Sweden Allsvenskan,Under 10.5 Asian Corners,1.0,1.93,1.71,112.87,Bet365,Loss,-1.0,2024-10-21
2024,21/10,Asane v Ranheim,,Norway 1st Division,Under 5 FH Asian Corners,1.0,2.05,1.83,112.02,Bet365,Win,1.05,2024-10-21
2024,21/10,Asane v Ranheim,,Norway 1st Division,Under 11 Asian Corners,1.0,1.88,1.69,111.24,Bet365,Loss,-1.0,2024-10-21
2024,21/10,Cambuur Leeuwarden v FC Eindhoven,,Netherlands Eerste Divisie,Under 11 Asian Corners,1.0,1.95,1.71,114.04,Bet365,Win,0.95,2024-10-21
2024,21/10,Ajax Reserves v ADO Den Haag,,Netherlands Eerste Divisie,Over 10 Asian Corners,1.0,1.95,1.76,110.8,Bet365,Loss,-1.0,2024-10-21
2024,21/10,Ajax Reserves v ADO Den Haag,,Netherlands Eerste Divisie,Over 12.5 Corners,0.5,3.75,,,Bet365,Loss,-0.5,2024-10-21
2024,21/10,Verona v Monza,,Italy Serie A,Under 4.5 Asian Total Cards,1.0,1.85,1.66,111.45,Bet365,Loss,-1.0,2024-10-21
2024,22/10,Erzgebirge Aue v Cottbus,,Germany 3. Liga,Under 10.5 Asian Corners,1.0,2.0,1.78,112.36,Bet365,Loss,-1.0,2024-10-22
2024,22/10,Leyton Orient v Rotherham,,England League 1,Rotherham +0.5 AH Corners,1.0,2.0,1.84,108.7,Bet365,Win,1.0,2024-10-22
2024,22/10,Cardiff v Portsmouth,,England Championship,Cardiff -1 AH Corners,1.0,1.85,1.63,113.5,Bet365,Win,0.85,2024-10-22
2024,22/10,Sheff Wed v Swansea,,England Championship,Over 4.5 Asian Total Cards,1.0,1.9,1.76,107.95,Bet365,Loss,-1.0,2024-10-22
2024,22/10,Real Madrid v Dortmund,,UEFA Champions League,Real Madrid -2.5 AH Corners,1.0,1.98,1.78,111.24,Bet365,Win,0.98,2024-10-22
2024,22/10,Raja Casablanca v FAR Rabat,,Morocco Botola Pro,Under 10 Asian Corners,1.0,1.8,1.47,122.45,Bet365,Win,0.8,2024-10-22
2024,22/10,Raja Casablanca v FAR Rabat	,,Morocco Botola Pro,Under 7.5 Corners,0.25,3.75,,,Bet365,Win,0.69,2024-10-22
2024,24/10,Roma v Dynamo Kyiv,,UEFA Europa League,Roma -2 AH Corners,1.0,1.95,1.74,112.07,Bet365,Win,0.95,2024-10-24
2024,24/10,Lyon v Besiktas,,UEFA Europa League,Over 4.5 Asian Total Cards,1.0,1.9,1.68,113.1,Bet365,Win,0.9,2024-10-24
2024,24/10,Rangers v FCSB,,UEFA Europa League,Over 4.5 Asian Total Cards,1.0,1.88,1.65,113.94,Bet365,Win,0.88,2024-10-24
2024,24/10,Fenerbahce v Man Utd,,UEFA Europa League,Over 4.5 Asian Total Cards,1.0,1.88,1.6,117.5,Bet365,Loss,-1.0,2024-10-24
2024,24/10,Panathinaikos v Chelsea,,UEFA Conference League,Over 4 Asian Total Cards,1.0,1.83,1.65,110.91,Bet365,Loss,-1.0,2024-10-24
2024,25/10,Udinese v Cagliari,,Italy Serie A,Over 4 Asian Total Cards,1.0,2.0,,,Bet365,Win,1.0,2024-10-25
2024,25/10,Udinese v Cagliari,,Italy Serie A,Over 5.5 Cards,0.5,3.75,,,Bet365,Win,1.38,2024-10-25
2024,25/10,Rennes v Le Havre,,France Ligue 1,Le Havre 0.0 AH Cards,1.0,1.8,,,Bet365,Win,0.8,2024-10-25
2024,26/10,Cancun FC v Atletico Morelia,,Mexico Liga de Expansion,Under 10.5 Asian Corners,1.0,1.98,1.74,113.79,Bet365,Win,0.98,2024-10-26
2024,26/10,IF Vestri v Fylkir Reykjavik,,Iceland Premier League,Fylkir Reykjavik +3.5 AH Corners,1.0,1.83,,,Bet365,Win,0.83,2024-10-26
2024,26/10,Brentford v Ipswich,,Premier League,Ipswich -0.5 AH Cards,1.0,2.0,1.64,121.95,Bet365,Win,1.0,2024-10-26
2024,26/10,Werder Bremen v Bayer Leverkusen,,Germany Bundesliga,Bayer Leverkusen -2.5 AH Corners,1.0,1.93,1.75,110.29,Bet365,Loss,-1.0,2024-10-26
2024,27/10,Alanyaspor v Antalyaspor,,Turkey Super Lig,Under 9 Asian Corners,1.0,2.0,1.82,109.89,Bet365,Loss,-1.0,2024-10-27
2024,27/10,Alanyaspor v Antalyaspor,,Turkey Super Lig,Under 7.5 Corners,0.5,3.25,,,Bet365,Loss,-0.5,2024-10-27
2024,27/10,Chelsea v Newcastle,,Premier League,Over 5 Asian Total Cards,1.0,2.0,1.57,127.39,Bet365,Win,1.0,2024-10-27
2024,27/10,Heidenheim v TSG Hoffenheim,,Germany Bundesliga,TSG Hoffenheim +2 AH Corners,1.0,1.78,,,Bet365,Loss,-1.0,2024-10-27
2024,27/10,AZ v Go Ahead Eagles,,Netherlands Eredivisie,Under 10.5 Asian Corners,1.0,1.83,1.61,113.66,Bet365,Win,0.83,2024-10-27
2024,29/10,Novara v Vicenza,,Italy Serie C,Under 9.5 Asian Corners,1.0,1.9,1.65,115.15,Bet365,Win,0.9,2024-10-29
2024,30/10,Aston Villa v Crystal Palace,,EFL Cup,Crystal Palace +2 AH Corners,1.0,2.0,1.89,105.82,Bet365,Win,1.0,2024-10-30
2024,30/10,Genemuiden v Willem II,,Netherlands Cup,Under 10.5 Asian Corners,1.0,1.9,1.74,109.2,Bet365,Win,0.9,2024-10-30
2024,31/10,VV Dovo v FC Volendam,,Netherlands Cup,Under 11 Asian Corners,1.0,1.85,1.68,110.12,Bet365,Loss,-1.0,2024-10-31
2024,31/10,Tubize v Anderlecht,,Belgium Cup,Under 9.5 Asian Corners,1.0,1.85,1.74,106.32,Bet365,Win,0.85,2024-10-31
2024,2/11,Liverpool v Brighton,,Premier League,Under 5 Asian Total Cards,1.0,2.0,,,Bet365,Win,1.0,2024-11-02
2024,2/11,Southampton v Everton,,Premier League,Everton +0.5 AH Cards,1.0,1.8,,,Bet365,Loss,-1.0,2024-11-02
2024,2/11,Oxford Utd v Swansea,,England Championship,Under 4.5 Asian Total Cards,1.0,1.95,1.7,114.71,Bet365,Win,0.95,2024-11-02
2024,2/11,Stoke v Derby,,England Championship,Over 4 Asian Total Cards,1.0,1.9,1.67,113.77,Bet365,Win,0.9,2024-11-02
2024,2/11,Blackburn v Sheff Utd,,England Championship,Over 4 Asian Total Cards,1.5,1.9,,,Bet365,Loss,-1.5,2024-11-02
2024,2/11,Treble,Oxford Utd v Swansea	,England Championship,Under 4.5 Asian Total Cards,0.25,7.03,,,Bet365,Loss,-0.25,2024-11-02
2024,2/11,Preston v Bristol City,,England Championship,Over 3.5 Asian Total Cards,1.0,1.85,,,Bet365,Win,0.85,2024-11-02
2024,3/11,Atletico Sanluqueno v Recreativo Huelva,,Spain Primera RFEF Group 2,Under 9 Asian Corners,1.5,1.8,1.6,112.5,Bet365,Win,1.2,2024-11-03
2024,3/11,Millwall v Burnley,,England Championship,Under 10 Asian Corners,1.0,1.85,1.75,105.71,Bet365,Win,0.85,2024-11-03
2024,3/11,Aris Salonika v Levadiakos,,Greece Super League,Aris Salonika -1.5 AH Corners,1.0,1.83,1.59,115.09,Bet365,Loss,-1.0,2024-11-03
2024,3/11,SC Freiburg v Mainz,,Germany Bundesliga,Under 4.5 Asian Total Cards,1.0,2.05,1.98,103.54,Bet365,Win,1.05,2024-11-03
2024,3/11,Sporting Cristal v Comerciantes Unidos,,Peru Liga 1,Over 9.5 Asian Corners,1.0,2.0,1.77,112.99,Bet365,Win,1.0,2024-11-03
2024,3/11,Bohemians 1905 v Pardubice,,Czech Republic Czech Liga,Pardubice +3.5 AH Corners,1.0,1.83,1.63,112.27,Bet365,Loss,-1.0,2024-11-03
2024,3/11,Warta Poznan v Chrobry Glogow ,,Poland 1st Liga,Under 10.5 Asian Corners,1.0,1.98,1.77,111.86,Bet365,Loss,-1.0,2024-11-03
2024,3/11,Man Utd v Chelsea,,Premier League,Over 10.5 Asian Corners,1.0,1.8,1.63,110.43,Bet365,Win,0.8,2024-11-03
2024,3/11,Man Utd v Chelsea,,Premier League,Over 12.5 Corners,0.5,3.0,,,Bet365,Loss,-0.5,2024-11-03
2024,3/11,Man Utd v Chelsea,,Premier League,Over 13.5 Corners,0.25,4.0,,,Bet365,Loss,-0.25,2024-11-03
2024,3/11,Man Utd v Chelsea,,Premier League,Over 14.5 Corners,0.1,5.5,,,Bet365,Loss,-0.1,2024-11-03
2024,3/11,Sevilla v Real Sociedad ,,Spain La Liga,Under 9 Asian Corners,1.0,2.0,1.77,112.99,Bet365,Loss,-1.0,2024-11-03
2024,3/11,KFCO Beerschot Wilrijk v Gent,,Belgium Pro League,Gent -0.5 AH Corners,1.0,1.8,1.6,112.5,Bet365,Loss,-1.0,2024-11-03
2024,3/11,CS U Craiova v FCSB,,Romania Liga 1,FCSB +1 AH Corners,1.0,1.95,1.71,114.04,Bet365,Win,0.95,2024-11-03
2024,3/11,FC Porto v Estoril,,Portugal Primera Liga,Under 10.5 Asian Corners,1.0,1.9,1.83,103.83,Bet365,Loss,-1.0,2024-11-03
2024,3/11,Athletic Club v Betis,,Spain La Liga,Over 3.5 Asian Total Cards,1.0,1.93,1.74,110.92,Bet365,Loss,-1.0,2024-11-03
2024,5/11,Swansea v Watford,,England Championship,Over 4 Asian Total Cards,1.0,2.05,,,Bet365,Win,1.05,2024-11-05
2024,5/11,Sheff Wed v Norwich,,England Championship,Over 4 Asian Total Cards,1.0,1.75,,,Bet365,Loss,-1.0,2024-11-05
2024,5/11,Bristol City v Sheff Utd,,England Championship,Under 5 Asian Total Cards,1.0,1.8,,,Bet365,Win,0.8,2024-11-05
2024,6/11,Internacional v Criciuma,,Brazil Serie A,Under 5.5 Asian Total Cards,1.0,1.98,1.82,108.79,Bet365,Win,0.98,2024-11-06
2024,6/11,Luton v Cardiff,,England Championship,Over 3.5 Asian Total Cards,1.0,1.8,,,Bet365,Loss,-1.0,2024-11-06
2024,6/11,Coventry v Derby,,England Championship,Over 4 Asian Total Cards,1.0,2.0,1.69,118.34,Bet365,Loss,-1.0,2024-11-06
2024,6/11,Crvena Zvezda v Barcelona,,UEFA Champions League,Crvena Zvezda +5 AH Corners,1.5,2.0,1.77,112.99,Bet365,Loss,-1.5,2024-11-06
2024,7/11,Man Utd v PAOK,,UEFA Europa League,Man Utd -3 AH Corners,1.0,1.83,1.63,112.27,Bet365,Win,0.83,2024-11-07
2024,8/11,Al Hilal v Al Ettifaq,,Saudi Arabia Pro League,Al Hilal -3.5 AH Corners,1.0,1.98,1.75,113.14,Bet365,Win,0.98,2024-11-08
2024,8/11,Watford v Oxford Utd,,England Championship,Watford -2.5 AH Corners,1.0,2.03,1.72,118.02,Bet365,Win,1.03,2024-11-08
2024,9/11,Darmstadt v Hertha Berlin,,Germany Bundesliga 2,Hertha Berlin +1.5 AH Corners,1.0,1.78,1.63,109.2,Bet365,Win,0.78,2024-11-09
2024,9/11,Cottbus v Dortmund II,,Germany Bundesliga 3,Dortmund II +2.5 AH Corners,1.0,1.9,1.79,106.15,Bet365,Loss,-1.0,2024-11-09
2024,9/11,GIF Sundsvall v Gefle IF,,Sweden Superettan,Gefle IF +1.5 AH Corners,1.0,1.88,1.74,108.05,Bet365,Win,0.88,2024-11-09
2024,9/11,Birmingham v Northampton,,England League 1,Birmingham -4 AH Corners,1.0,1.93,1.69,114.2,Bet365,Win,0.93,2024-11-09
2024,9/11,Villarreal v Alaves,,Spain La Liga,Alaves +0.5 AH Cards,1.5,1.73,1.43,120.98,Bet365,Win,1.1,2024-11-09
2024,10/11,FC Sion v Lucerne,,Switzerland Super League,Lucerne +1 AH Corners,1.0,1.95,1.74,112.07,Bet365,Win,0.95,2024-11-10
2024,10/11,Huachipato v Nublense,,Chile Primera Division,Nublense +0.5 AH Corners,1.0,2.0,2.19,91.32,Bet365,Loss,-1.0,2024-11-10
2024,10/11,Panathinaikos v Lamia,,Greece Super League,Panathinaikos -3.5 AH Corners,1.5,1.8,1.62,111.11,Bet365,Win,1.2,2024-11-10
2024,10/11,Lyon v St Etienne,,France Ligue 1,Lyon -3 AH Corners,1.5,1.8,1.54,116.88,Bet365,Loss,-1.5,2024-11-10
2024,12/11,Port Vale v Wrexham,,EFL Trophy,Under 10 Asian Corners,1.5,1.88,1.65,113.94,Bet365,Loss,-1.5,2024-11-12
2024,12/11,Buxton v Brackley,,England National League North,Under 9.5 Asian Corners,1.0,1.85,1.6,115.63,Bet365,Loss,-1.0,2024-11-12
2024,14/11,Malta v Liechtenstein,,UEFA Nations League,Under 8.5 Asian Corners,1.0,1.95,1.74,112.07,Bet365,Win,0.95,2024-11-14
2024,14/11,Malta v Liechtenstein,,UEFA Nations League,Under 6.5 Corners,0.25,3.75,,,Bet365,Loss,-0.25,2024-11-14
2024,14/11,France v Israel,,UEFA Nations League,France -3.5 AH Corners,2.0,1.93,,,Bet365,Win,1.86,2024-11-14
2024,15/11,America de Cali v Once Caldas,,Colombia Primera A,America de Cali -1 AH Corners,1.5,1.83,,,Bet365,Loss,-1.5,2024-11-15
2024,15/11,Ecuador v Bolivia,,FIFA World Cup Qualifiers South America,Bolivia -1 AH Cards,1.0,2.0,1.78,112.36,Bet365,Win,1.0,2024-11-15
2024,16/11,Accrington Stanley v Swindon,,England League 2,Accrington Stanley -0.5 AH Corners,1.0,2.03,1.76,115.34,Bet365,Win,1.03,2024-11-16
2024,16/11,Netherlands v Hungary,,UEFA Nations League,Netherlands -3 AH Corners,1.0,2.0,1.8,111.11,Bet365,Loss,-1.0,2024-11-16
2024,18/11,Bulgaria v Belarus,,UEFA Nations League,Belarus +1.5 AH Corners,1.0,2.0,1.87,106.95,Bet365,Win,1.0,2024-11-18
2024,19/11,Sweden v Azerbaijan	,,UEFA Nations League,Sweden -4 AH Corners,2.0,1.98,,,Bet365,Win,1.96,2024-11-19
2024,19/11,Montenegro v Turkey,,UEFA Nations League,Montenegro -0.5 AH Cards,1.0,2.0,1.71,116.96,Bet365,Win,1.0,2024-11-19
2024,20/11,Wolfsburg Women v Galatasaray Women,,UEFA Champions League Women,Over 11.5 Asian Corners,1.0,1.98,1.63,121.47,Bet365,Win,0.98,2024-11-20
2024,20/11,Wolfsburg Women v Galatasaray Women,,UEFA Champions League Women,Over 13.5 Corners,0.25,3.25,,,Bet365,Win,0.56,2024-11-20
2024,20/11,Chelsea Women v Celtic Women,,UEFA Champions League Women,Over 10.5 Asian Corners,1.5,1.8,,,Bet365,Win,1.2,2024-11-20
2024,20/11,Chelsea Women v Celtic Women,,UEFA Champions League Women,Over 12.5 Corners,0.5,3.75,,,Bet365,Win,1.38,2024-11-20
2024,20/11,Chelsea Women v Celtic Women,,UEFA Champions League Women,Over 13.5 Corners,0.25,5.0,,,Bet365,Win,1.0,2024-11-20
2024,22/11,Lierse Kempenzonen v Genk II,,Belgium Challenger Pro League,Lierse Kempenzonen -0.5 AH Corners,1.5,1.9,1.68,113.1,Bet365,Win,1.35,2024-11-22
2024,22/11,Al Ahly Cairo v Al Ittihad Al Sakandary,,Egypt Premier League,Under 9.5 Asian Corners,1.0,1.85,1.59,116.35,Bet365,Win,0.85,2024-11-22
2024,23/11,Al Wahda v Al Taawon,,Saudi Arabia Professional League,Al Wahda +1.5 AH Corners,1.0,1.8,1.58,113.92,Bet365,Loss,-1.0,2024-11-23
2024,23/11,Heracles v RKC,,Netherlands Eredivisie,Heracles -1.5 AH Corners,1.0,1.95,1.72,113.37,Bet365,Win,0.95,2024-11-23
2024,25/11,Newcastle v West Ham,,Premier League,West Ham -0.5 AH Cards,1.0,1.75,,,Bet365,Loss,-1.0,2024-11-25
2024,28/11,Athletic Club v Elfsborg,,UEFA Europa League,Athletic Club -4 AH Corners,1.0,1.9,1.7,111.76,Bet365,Win,0.9,2024-11-28
2024,28/11,Noah v Vikingur Reykjavik ,,UEFA Conference League,Under 9.5 Asian Corners,1.0,1.95,1.65,118.18,Bet365,Loss,-1.0,2024-11-28
2024,28/11,Noah v Vikingur Reykjavik ,,UEFA Conference League,Under 7.5 Corners,0.3,3.5,,,Bet365,Loss,-0.3,2024-11-28
2024,28/11,Noah v Vikingur Reykjavik ,,UEFA Conference League,Under 6.5 Corners,0.2,5.5,,,Bet365,Loss,-0.2,2024-11-28
2024,28/11,Borac Banja Luka v LASK Linz,,UEFA Conference League,Borac Banja Luka +2.5 AH Corners,1.0,1.95,,,Bet365,Win,0.95,2024-11-28
2024,28/11,Rapid Vienna v Shamrock Rovers,,UEFA Conference League,Rapid Vienna -4.5 AH Corners,1.0,1.85,1.74,106.32,Bet365,Win,0.85,2024-11-28
2024,28/11,Fiorentina v Pafos,,UEFA Conference League,Fiorentina -3.5 AH Corners,2.0,1.9,1.72,110.47,Bet365,Loss,-2.0,2024-11-28
2024,30/11,Auckland FC v Newcastle Jets,,Australia A-League,Newcastle Jets +3 AH Corners,1.0,1.83,,,Bet365,Loss,-1.0,2024-11-30
2024,30/11,FC Groningen v Willem II,,Netherlands Eredivisie,Under 10 Asian Corners,1.0,2.0,,,Bet365,Win,1.0,2024-11-30
2024,1/12,Man Utd v Everton,,Premier League,Under 11 Asian Corners,1.0,1.95,1.72,113.37,Bet365,Win,0.95,2024-12-01
2024,1/12,Man Utd v Everton,,Premier League,Under 8.5 Corners,0.25,4.0,,,Bet365,Win,0.75,2024-12-01
2024,2/12,Monopoli v Avellino ,,Italy Serie C,Under 9 Asian Corners,1.0,1.8,1.54,116.88,Bet365,Win,0.8,2024-12-02
2024,2/12,Monopoli v Avellino 	,,Italy Serie C,Under 6.5 Corners,0.25,4.0,,,Bet365,Win,0.75,2024-12-02
2024,8/12,AZ v Ajax,,Netherlands Eredivisie,Ajax 0.0 AH Corners,1.0,1.98,1.78,111.24,Bet365,Loss,-1.0,2024-12-08
2024,8/12,Chelsea Women v Brighton Women,,England Women Super League,Chelsea Women -5 AH Corners,1.0,1.8,1.53,117.65,Bet365,Loss,-1.0,2024-12-08
2024,8/12,Lamia v Panetolikos,,Greece Super League,Lamia +0.5 AH Corners,2.0,1.9,1.6,118.75,Bet365,Win,1.8,2024-12-08
2024,10/12,Plymouth v Swansea,,England Championship,Swansea -1.5 AH Corners,1.0,1.8,1.68,107.14,Bet365,Loss,-1.0,2024-12-10
2024,10/12,Exeter v Birmingham,,EFL Trophy,Under 10.5 Asian Corners,1.0,1.83,1.56,117.31,Bet365,Win,0.83,2024-12-10
2024,12/12,HJK Helsinki v Molde,,UEFA Europa League,HJK Helsinki +1.5 AH Corners,1.0,2.03,1.79,113.41,Bet365,Win,1.03,2024-12-12
2024,13/12,Estrela Amadora U23 v Sporting U23,,Portugal U23 Championship,Under 9 Asian Corners,1.0,2.0,1.73,115.61,Bet365,Win,1.0,2024-12-13
2024,13/12,Ankaragucu v Manisa FK,,Turkey 1st League,Over 8 Asian Corners,1.0,1.83,1.62,112.96,Bet365,Win,0.83,2024-12-13
2024,14/12,Wellington Phoenix v Macarthur FC,,Australia A-League,Under 4 Asian Total Cards,1.5,1.88,1.56,120.51,Bet365,Win,1.32,2024-12-14
2024,14/12,Union Berlin v Bochum,,Germany Bundesliga  ,Union Berlin +0.5 AH Cards,1.0,1.8,1.78,101.12,Bet365,Loss,-1.0,2024-12-14
2024,14/12,Volos NFC v Asteras Tripolis,,Greece Super League,Under 9 Asian Corners,1.0,1.9,1.68,113.1,Bet365,Loss,-1.0,2024-12-14
2024,14/12,KV Kortrijk v Dender,,Belgium,KV Kortrijk -0.5 AH Corners,1.0,1.8,1.65,109.09,Bet365,Win,0.8,2024-12-14
2024,15/12,Norwich v Burnley,,England Championship,Under 4.5 Asian Total Cards,1.0,2.0,,,Bet365,Win,1.0,2024-12-15
2024,16/12,Rio Ave v Guimaraes,,Portugal Liga Betclic,Guimaraes -1.5 AH Corners,1.0,1.95,1.85,105.41,Bet365,Win,0.95,2024-12-16
2024,18/12,Barcelona Women v Man City Women,,UEFA Champions League Women,10+ Corners,1.25,1.8,1.66,108.43,Sky Bet,Win,1.0,2024-12-18
2024,18/12,Barcelona Women v Man City Women,,UEFA Champions League Women,11+ Corners,0.25,2.25,2.07,108.7,Sky Bet,Loss,-0.25,2024-12-18
2024,18/12,Monaco v PSG ,,France Ligue 1,PSG Most Corners,1.5,1.73,1.63,106.13,Sky Bet,Win,1.1,2024-12-18
2024,20/12,Bayern Munich v RB Leipzig,,Germany Bundesliga,Bayern Munich -4.5 AH Corners,1.0,1.8,,,Bet365,Win,0.8,2024-12-20
2024,20/12,Wycombe v Bolton,,England League 1,Wycombe -0.5 AH Corners,1.0,1.93,,,Bet365,Win,0.93,2024-12-20
2024,21/12,Leeds v Oxford Utd,,England Championship,Under 3.5 Asian Total Cards,1.0,1.93,1.71,112.87,Bet365,Win,0.93,2024-12-21
2024,22/12,Sparta Rotterdam v Ajax,,Netherlands Eredivisie,Ajax -2 AH Corners,1.5,2.1,1.95,107.69,Bet365,Loss,-1.5,2024-12-22
2024,22/12,Utrecht v Fortuna Sittard,,Netherlands Eredivisie,Utrecht -2 AH Corners,2.0,1.9,1.62,117.28,Bet365,Loss,-2.0,2024-12-22
2024,22/12,Bochum v Heidenheim,,Germany Bundesliga,Bochum -0.5 AH Corners,1.0,1.9,1.69,112.43,Bet365,Win,0.9,2024-12-22
2024,26/12,Liverpool v Leicester,,Premier League,Liverpool -6 AH Corners,1.0,2.03,1.76,115.34,Bet365,Win,1.03,2024-12-26
2024,26/12,Liverpool v Leicester	,,Premier League,Under 4.5 Asian Total Cards,1.0,1.73,,,Bet365,Loss,-1.0,2024-12-26
2024,27/12,Brighton v Brentford,,Premier League,Under 11 Asian Corners,1.0,1.9,1.68,113.1,Bet365,Win,0.9,2024-12-27
2024,27/12,Arouca v Gil Vicente ,,Portugal Liga Betclic,Under 9.5 Asian Corners,1.0,1.95,1.72,113.37,Bet365,Loss,-1.0,2024-12-27
2024,27/12,Arsenal v Ipswich,,Premier League,Ipswich -1 AH Cards,1.0,1.9,1.69,112.43,Bet365,Loss,-1.0,2024-12-27
2024,28/12,Empoli v Genoa,,Italy Serie A,Empoli 0.0 AH Cards,1.0,2.08,2.1,99.05,Bet365,Loss,-1.0,2024-12-28
2024,28/12,Estoril v Moreirense,,Portugal Liga Betclic,Over 9 Asian Corners,1.0,1.8,1.96,91.84,Bet365,Loss,-1.0,2024-12-28
2024,29/12,Sheff Utd v West Brom,,England Championship,Under 4 Asian Total Cards,1.0,1.95,1.72,113.37,Bet365,Loss,-1.0,2024-12-29
2024,29/12,Napoli v Venezia,,Italy Serie A,Under 10 Asian Corners,1.0,1.9,1.69,112.43,Bet365,Loss,-1.0,2024-12-29
2024,29/12,St Mirren v Dundee,,Scotland Premiership,St Mirren -0.5 AH Corners,1.0,1.83,1.64,111.59,Bet365,Loss,-1.0,2024-12-29
2024,29/12,Coventry v Millwall,,England Championship,Under 4 Asian Total Cards,1.0,2.0,1.84,108.7,Bet365,Win,1.0,2024-12-29
2024,29/12,Stoke v Sunderland,,England Championship,Under 4.5 Asian Total Cards,1.0,1.9,1.74,109.2,Bet365,Loss,-1.0,2024-12-29
2024,29/12,Tottenham v Wolves,,Premier League,Tottenham +0.5 AH Cards,1.0,2.03,1.8,112.78,Bet365,Loss,-1.0,2024-12-29
2025,1/1,Millwall v Oxford Utd,,England Championship,Under 5 FH Asian Corners,1.0,1.85,1.65,112.12,Bet365,Win,0.85,2025-01-01
2025,1/1,Burnley v Stoke,,England Championship,Under 4 Asian Total Cards,1.0,1.93,1.71,112.87,Bet365,Loss,-1.0,2025-01-01
2025,1/1,Stockport v Birmingham,,England League 1,Birmingham 0.0 AH Corners,1.0,1.9,1.69,112.43,Bet365,Loss,-1.0,2025-01-01
2025,2/1,Aberdeen v Ross County,,Scottish Premiership,Ross County +3 AH Corners,1.0,1.85,1.65,112.12,Bet365,Loss,-1.0,2025-01-02
2025,2/1,Rangers v Celtic,,Scottish Premiership,Under 11 Asian Corners,1.0,1.98,1.75,113.14,Bet365,Loss,-1.0,2025-01-02
2025,3/1,Valencia v Real Madrid,,Spain La Liga,Under 4.5 Asian Total Cards,1.5,1.95,1.84,105.98,Bet365,Loss,-1.5,2025-01-03
2025,4/1,Brighton v Arsenal,,Premier League,Under 4.5 Asian Total Cards,1.0,2.03,,,Bet365,Loss,-1.0,2025-01-04
2025,4/1,Samsunspor v Trabzonspor,,Turkey Super Lig,Trabzonspor +2 AH Corners,1.0,1.78,1.53,116.34,Bet365,Win,0.78,2025-01-04
2025,4/1,Man City v West Ham,,Premier League,Man City +1 AH Cards,1.0,1.93,1.66,116.27,Bet365,Win,0.93,2025-01-04
2025,5/1,Ponferradina v Real Sociedad,,Spain Copa del Rey,Ponferradina +3 AH Corners,1.0,2.0,1.8,111.11,Bet365,Win,1.0,2025-01-05
2025,5/1,Celtic v St Mirren,,Scottish Premiership,Celtic -5.5 AH Corners,1.0,1.9,1.68,113.1,Bet365,Loss,-1.0,2025-01-05
2025,6/1,Deportiva Minera v Real Madrid,,Spain Copa del Rey,Real Madrid -4.5 AH Corners,1.0,1.93,1.58,122.15,Bet365,Win,0.93,2025-01-06
2025,6/1,Macarthur v Adelaide Utd,,Australia A-League,Under 4 Asian Total Cards,1.0,1.88,1.68,111.9,Bet365,Win,0.88,2025-01-06
2025,6/1,Virtus Entella v Rimini,,Italy Serie C,Under 9.5 Asian Corners,1.0,1.8,1.59,113.21,Bet365,Win,0.8,2025-01-06
2025,6/1,Gil Vicente v Rio Ave,,Portugal Liga Betclic,Rio Ave +1.5 AH Corners,1.0,2.0,1.67,119.76,Bet365,Win,1.0,2025-01-06
2025,8/1,Sydney FC v Perth Glory,,Australia A-League,Under 5.5 FH Asian Corners,1.0,1.85,1.65,112.12,Bet365,Loss,-1.0,2025-01-08
2025,10/1,Dortmund v Bayer Leverkusen,,Germany Bundesliga,Dortmund 0.0 AH Cards,1.0,1.85,1.79,103.35,Bet365,Loss,-1.0,2025-01-10
2025,10/1,Villefranche v Bourg-Peronnas,,France National,Under 9 Asian Corners,1.0,1.93,1.72,112.21,Bet365,Win,0.93,2025-01-10
2025,10/1,Villefranche v Bourg-Peronnas,,France National,Under 7.5 Corners,0.5,3.0,2.59,115.83,Bet365,Win,1.0,2025-01-10
2025,11/1,Tenerife v CD Castellon,,Spain Segunda Division,CD Castellon 0.0 AH Corners,1.0,1.93,1.79,107.82,Bet365,Win,0.93,2025-01-11
2025,11/1,Wellington Phoenix v Adelaide Utd,,Australia A-League,Under 3.5 Asian Total Cards,1.0,2.0,1.86,107.53,Bet365,Win,1.0,2025-01-11
2025,11/1,Perth Glory v Auckland FC,,Australia A-League,Auckland FC +0.5 AH Cards,1.0,1.8,1.63,110.43,Bet365,Loss,-1.0,2025-01-11
2025,11/1,Al Orubah v Al Hilal,,Saudi Arabia Professional League,Al Hilal -3.5 AH Corners,1.0,1.98,1.75,113.14,Bet365,Loss,-1.0,2025-01-11
2025,11/1,Ross County v Celtic,,Scottish Premiership,Ross County +5.5 AH Corners,1.0,2.03,1.74,116.67,Bet365,Win,1.03,2025-01-11
2025,11/1,Ross County v Celtic,,Scottish Premiership,Under 11.5 Asian Corners,1.0,2.0,1.84,108.7,Bet365,Loss,-1.0,2025-01-11
2025,11/1,Double,Aberdeen v Hearts	,Scottish Premiership,Under 11 Asian Corners,0.25,3.95,3.2,123.44,Bet365,Loss,-0.25,2025-01-11
2025,11/1,Reading v Burnley,,England FA Cup,Under 10.5 Asian Corners,1.0,1.8,1.67,107.78,Bet365,Win,0.8,2025-01-11
2025,11/1,Man City v Salford,,England FA Cup,Salford -0.5 AH Cards,1.0,1.75,,,Bet365,Win,0.75,2025-01-11
2025,11/1,Mainz v Bochum,,Germany Bundesliga,Bochum +3 AH Corners,1.0,2.0,1.74,114.94,Bet365,Win,1.0,2025-01-11
2025,11/1,Swindon v Crewe,,England League 2,Under 10 Asian Corners,1.0,1.88,1.68,111.9,Bet365,Loss,-1.0,2025-01-11
2025,11/1,Liverpool v Accrington Stanley,,England FA Cup,Liverpool -6.5 AH Corners,1.0,1.93,1.71,112.87,Bet365,Loss,-1.0,2025-01-11
2025,11/1,Bournemouth v West Brom,,England FA Cup,Under 3.5 Asian Total Cards,1.0,1.9,1.65,115.15,Bet365,Loss,-1.0,2025-01-11
2025,11/1,Torquay v Welling,,England National League,Under 10.5 Asian Corners,1.0,1.8,1.54,116.88,Bet365,Win,0.8,2025-01-11
2025,11/1,Torquay v Welling,,England National League,Under 8.5 Corners,0.5,3.25,2.5,130.0,Bet365,Win,1.13,2025-01-11
2025,11/1,Besiktas v Bodrum FK,,Turkey Super Lig,Bodrum FK +2 AH Corners,1.0,1.93,1.57,122.93,Bet365,Win,0.93,2025-01-11
2025,11/1,Coventry v Sheff Wed,,England FA Cup,Under 4 Asian Total Cards,1.0,1.9,1.74,109.2,Bet365,Win,0.9,2025-01-11
2025,12/1,Chivas Guadalajara v Santos Laguna,,Mexico Liga MX,Santos Laguna +4 AH Corners,1.0,1.95,1.55,125.81,Bet365,Win,0.95,2025-01-12
2025,12/1,Tamworth v Tottenham,,England FA Cup,Tottenham -5 AH Corners,1.0,1.9,1.58,120.25,Bet365,Loss,-1.0,2025-01-12
2025,12/1,Feyenoord v FC Utrecht,,Netherlands Eredivisie,Feyenoord +2.5 AH Corners,1.0,1.93,1.53,126.14,Bet365,Win,0.93,2025-01-12
2025,12/1,Aberdeen v Hearts,,Scottish Premiership,Under 11 Asian Corners,1.0,1.98,1.74,113.79,Bet365,Win,0.98,2025-01-12
2025,12/1,Atletico Madrid v Osasuna,,Spain La Liga,Osasuna 0.0 AH Cards,1.0,2.1,1.73,121.39,Bet365,Loss,-1.0,2025-01-12
2025,12/1,Southampton v Swansea,,England FA Cup,Over 3.5 Asian Total Cards,1.0,2.03,,,Bet365,Loss,-1.0,2025-01-12
2025,12/1,AEK Athens v Athens Kallithea,,Greece Super League,AEK Athens -5 AH Corners,1.0,2.0,1.81,110.5,Bet365,Win,1.0,2025-01-12
2025,14/1,Leverkusen v Mainz,,Germany Bundesliga,Under 4 Asian Total Cards,1.0,1.95,2.17,89.86,Bet365,Loss,-1.0,2025-01-14
2025,14/1,SU Dives Cabourg v Le Puy,,France Cup,SU Dives Cabourg +2.5 AH Corners,1.0,2.03,1.68,120.83,Bet365,Loss,-1.0,2025-01-14
2025,14/1,Guingamp v Sochaux,,France Cup,Sochaux +3 AH Corners,1.0,1.88,1.69,111.24,Bet365,Loss,-1.0,2025-01-14
2025,15/1,Wellington Phoenix v Sydney FC,,Australia A-League,Sydney FC 0.0 AH Cards,2.0,1.95,1.78,109.55,Bet365,Win,1.9,2025-01-15
2025,15/1,Brest v Nantes,,France Ligue 1 ,Under 4 Asian Total Cards,1.0,1.95,1.52,128.29,Bet365,Win,0.95,2025-01-15
2025,15/1,Espaly v PSG,,France Cup,PSG -4.5 AH Corners,1.0,1.88,,,Bet365,Loss,-1.0,2025-01-15
2025,18/1,Hamburg v Cologne,,Germany Bundesliga 2,Under 11 Asian Corners,1.0,1.8,1.63,110.43,Bet365,Loss,-1.0,2025-01-18
2025,18/1,Derby v Watford,,England Championship,Derby -0.5 AH Corners,1.0,1.9,1.63,116.56,Bet365,Loss,-1.0,2025-01-18
2025,18/1,Coventry v Bristol City,,England Championship,Under 4 Asian Total Cards,1.0,2.08,2.03,102.46,Bet365,Win,1.08,2025-01-18
2025,19/1,Paderborn v Hertha Berlin,,Germany Bundesliga 2,Hertha Berlin +1 AH Corners,1.0,2.0,1.77,112.99,Bet365,Loss,-1.0,2025-01-19
2025,19/1,Leeds v Sheff Utd,,England Championship,Under 4 Asian Total Cards,1.0,1.8,1.48,121.62,Bet365,Win,0.8,2025-01-19
2025,19/1,Almeria v Huesca,,Spain Segunda,Huesca +3 AH Corners,1.0,1.95,1.64,118.9,Bet365,Loss,-1.0,2025-01-19
2025,20/1,Rapid Bucuresti v CSM Politehnica Iasi,,Romania Liga 1,Rapid Bucurest -2 AH Corners,1.0,1.95,1.53,127.45,Bet365,Win,0.95,2025-01-20
2025,23/1,Rigas FS v Ajax,,UEFA Europa League,Under 3.5 Asian Total Cards,1.0,2.0,1.81,110.5,Bet365,Loss,-1.0,2025-01-23
2025,24/1,Melbourne Victory v Sydney FC,,Australia A-League,Under 4.5 Asian Total Cards,2.0,1.9,,,Bet365,Win,1.8,2025-01-24
2025,24/1,Melbourne Victory v Sydney FC,,Australia A-League,Under 3.5 Cards,0.5,2.75,,,Bet365,Loss,-0.5,2025-01-24
2025,24/1,Sportivo Luqueno v Club Atletico Tembetary,,Paraguay Division Profesional,Under 9 Asian Corners,1.0,1.73,1.51,114.57,Bet365,Loss,-1.0,2025-01-24
2025,24/1,Sportivo Luqueno v Club Atletico Tembetary,,Paraguay Division Profesional,Under 7.5 Corners,0.3,2.62,2.16,121.3,Bet365,Loss,-0.3,2025-01-24
2025,24/1,Sportivo Luqueno v Club Atletico Tembetary,,Paraguay Division Profesional,Under 6.5 Corners,0.2,3.75,,,Bet365,Loss,-0.2,2025-01-24
2025,25/1,Norwich v Swansea ,,England Championship,Under 4.5 Asian Total Cards,1.5,1.7,,,Bet365,Win,1.05,2025-01-25
2025,25/1,Galatasaray v Konyaspor,,Turkey Super Lig,Over 9.5 Asian Corners,1.0,1.8,1.53,117.65,Bet365,Loss,-1.0,2025-01-25
2025,25/1,Grasshoppers v Young Boys,,Switzerland Super League,Young Boys +0.5 AH Corners,1.0,1.83,1.62,112.96,Bet365,Win,0.83,2025-01-25
2025,25/1,Verl v Alemannia Aachen,,Germany Bundesliga 3,Under 10 Asian Corners,1.0,1.8,1.57,114.65,Bet365,Win,0.8,2025-01-25
2025,25/1,Verl v Alemannia Aachen,,Germany Bundesliga 3,Under 7.5 Corners,0.3,3.75,,,Bet365,Loss,-0.3,2025-01-25
2025,25/1,Verl v Alemannia Aachen,,Germany Bundesliga 3,Under 6.5 Corners,0.2,6.0,,,Bet365,Loss,-0.2,2025-01-25
2025,25/1,Bournemouth v Southampton,,Premier League,Nottm Forest 0.0 AH Cards,1.0,1.9,1.86,102.15,Bet365,Win,0.9,2025-01-25
2025,25/1,Wigan v Bristol Rovers,,England League 1,Under 10 Asian Corners,1.0,1.8,1.52,118.42,Bet365,Win,0.8,2025-01-25
2025,26/1,Penafiel v Vizela ,,Portugal Segunda Liga,Penafiel +1 AH Corners ,1.0,1.98,1.75,113.14,Bet365,Loss,-1.0,2025-01-26
2025,26/1,BG Pathum Utd v Khonkaen Utd,,Thailand League 1,Over 9.5 Asian Corners,1.0,1.88,1.64,114.63,Bet365,Win,0.88,2025-01-26
2025,26/1,BG Pathum Utd v Khonkaen Utd,,Thailand League 1,Over 11.5 Corners,0.3,3.25,,,Bet365,Loss,-0.3,2025-01-26
2025,26/1,BG Pathum Utd v Khonkaen Utd,,Thailand League 1,Over 12.5 Corners,0.2,4.33,,,Bet365,Loss,-0.2,2025-01-26
2025,26/1,Al Taawon v Al Orubah,,Saudi Arabia Professional League,Under 9 Asian Corners,1.0,1.88,,,Bet365,Win,0.88,2025-01-26
2025,27/1,Venezia v Verona,,Italy Serie A,Under 4.5 Asian Total Cards,1.0,2.0,1.76,113.64,Bet365,Win,1.0,2025-01-27
2025,29/1,Girona v Arsenal,,UEFA Champions League,Under 4 Asian Total Cards,1.0,1.8,1.63,110.43,Bet365,Loss,-1.0,2025-01-29
2025,29/1,Salzburg v Atletico Madrid,,UEFA Champions League,Under 3.5 Asian Total Cards,1.0,2.1,1.89,111.11,Bet365,Win,1.1,2025-01-29
2025,29/1,Lille v Feyenoord,,UEFA Champions League,Under 4.5 Asian Total Cards,1.0,2.05,1.83,112.02,Bet365,Win,1.05,2025-01-29
2025,29/1,Sturm Graz v RB Leipzig,,UEFA Champions League,Under 3.5 Asian Total Cards,1.0,1.83,1.66,110.24,Bet365,Win,0.83,2025-01-29
2025,1/2,Central Coast Mariners v Newcastle Jets,,Australia A-League,Under 4 Asian Total Cards,1.0,1.9,1.52,125.0,Bet365,Win,0.9,2025-02-01
2025,1/2,Perth Glory v Melbourne Victory,,Australia A-League,Under 3.5 Asian Total Cards,1.0,1.9,1.73,109.83,Bet365,Win,0.9,2025-02-01
2025,1/2,Double,Central Coast Mariners v Newcastle Jets,Australia A-League,Under 4 Asian Total Cards,0.25,3.61,2.63,137.26,Bet365,Win,0.65,2025-02-01
2025,1/2,Auckland v Macarthur ,,Australia A-League,Auckland +0.5 AH Cards,1.0,1.85,1.63,113.5,Bet365,Loss,-1.0,2025-02-01
2025,1/2,Central Coast Mariners v Newcastle Jets,,Australia A-League,Central Coast Mariners 0.0 AH Cards,1.5,1.88,1.64,114.63,Bet365,Win,1.32,2025-02-01
2025,1/2,Double,Auckland v Macarthur 	,Australia A-League,Auckland +0.5 AH Cards,0.25,3.46,2.67,129.59,Bet365,Loss,-0.25,2025-02-01
2025,1/2,Getafe v Sevilla,,Spain La Liga,Sevilla 0.0 AH Cards,1.0,1.98,,,Bet365,Win,0.98,2025-02-01
2025,1/2,Derby v Sheff Utd ,,England Championship,Under 5 FH Asian Corners,1.0,1.9,1.85,102.7,Bet365,Win,0.9,2025-02-01
2025,1/2,Ipswich v Southampton,,Premier League,Under 5 Asian Total Cards,1.0,1.9,,,Bet365,Win,0.9,2025-02-01
2025,2/2,Reims v Nantes,,France Ligue 1,Under 4 Asian Total Cards,1.0,1.9,1.68,113.1,Bet365,Loss,-1.0,2025-02-02
2025,2/2,NK Osijek v Dinamo Zagreb,,Croatia HNL,Dinamo Zagreb -0.5 AH Corners,1.0,1.8,1.69,106.51,Bet365,Win,0.8,2025-02-02
2025,2/2,Arsenal v Man City,,Premier League,Under 5 Asian Total Cards,1.0,1.9,,,Bet365,Win,0.9,2025-02-02
2025,3/2,Asteras Tripolis v Lamia,,Greece Super League ,Lamia +3 AH Corners,1.5,2.0,1.85,108.11,Bet365,Win,1.5,2025-02-03
2025,3/2,CA Tigre v Union Santa Fe,,Argentina Liga Pro,CA Tigre 0.0 AH Corners,1.0,1.83,1.6,114.38,Bet365,Loss,-1.0,2025-02-03
2025,5/2,Leganes v Real Madrid,,Spain Copa del Rey,Real Madrid +1 AH Corners,1.5,1.9,1.57,121.02,Bet365,Win,1.35,2025-02-05
2025,7/2,FC Botosani v Dinamo Bucharest,,Romania Liga 1,Dinamo Bucharest +1 AH Corners,1.0,1.78,1.58,112.66,Bet365,Loss,-1.0,2025-02-07
2025,7/2,PSG v Monaco,,France Ligue 1,Under 3.5 Asian Total Cards,1.0,2.0,1.73,115.61,Bet365,Win,1.0,2025-02-07
2025,8/2,Mainz v Augsburg,,Germany Bundesliga,Under 10 Asian Corners,1.5,1.9,1.62,117.28,Bet365,Win,1.35,2025-02-08
2025,8/2,Real Madrid v Atletico Madrid ,,Spain La Liga,Real Madrid +1 AH Cards,1.0,1.9,,,Bet365,Loss,-1.0,2025-02-08
2025,9/2,Aston Villa v Tottenham,,England FA Cup,Under 4 Asian Total Cards,1.0,1.95,1.76,110.8,Bet365,Win,0.95,2025-02-09
2025,10/2,Odisha FC v Punjab FC,,India Super League,Over 9.5 Asian Corners,1.0,1.93,1.71,112.87,Bet365,Win,0.93,2025-02-10
2025,10/2,Odisha FC v Punjab FC,,India Super League,Over 11.5 Corners,0.25,3.4,,,Bet365,Win,0.6,2025-02-10
2025,10/2,Lamia v Levadiakos,,Greece Super League,Under 9 Asian Corners,1.0,1.8,1.61,111.8,Bet365,Loss,-1.0,2025-02-10
2025,10/2,Lamia v Levadiakos,,Greece Super League,Under 6.5 Corners,0.25,4.0,,,Bet365,Loss,-0.25,2025-02-10
2025,10/2,Trabzonspor v Eyupspor ,,Turkey Super Lig,Eyupspor +2.5 AH Corners,1.0,2.0,1.84,108.7,Bet365,Win,1.0,2025-02-10
2025,12/2,Defensor Sporting v Monagas,,Copa Libertadores,Over 9 Asian Corners,1.0,1.98,,,Bet365,Loss,-1.0,2025-02-12
2025,12/2,Everton v Liverpool,,Premier League,Liverpool +0.5 AH Cards,1.0,1.98,1.9,104.21,Bet365,Win,0.98,2025-02-12
2025,12/2,Plymouth v Millwall,,England Championship,Millwall 0.0 AH Cards,1.5,1.9,1.57,121.02,Bet365,Loss,-1.5,2025-02-12
2025,12/2,Club Brugge v Atalanta,,UEFA Champions League,Under 3.5 Asian Total Cards,1.0,2.2,1.97,111.68,Bet365,Win,1.2,2025-02-12
2025,12/2,Monaco v Benfica,,UEFA Champions League,Benfica 0.0 AH Cards,1.0,2.0,1.95,102.56,Bet365,Loss,-1.0,2025-02-12
2025,14/2,Melbourne Victory v Wellington Phoenix,,Australia A-League,Under 3.5 Asian Total Cards,1.0,2.08,1.76,118.18,Bet365,Loss,-1.0,2025-02-14
2025,15/2,Barnsley v Huddersfield,,England League 1,Under 11.5 Asian Corners,1.5,1.95,1.66,117.47,Bet365,Win,1.43,2025-02-15
2025,15/2,Sheff Wed v Coventry ,,England Championship,Under 11.5 Asian Corners,1.5,1.93,1.66,116.27,Bet365,Win,1.4,2025-02-15
2025,15/2,Dinamo Zagreb v HNK Gorica,,Croatia HNL,Dinamo Zagreb -4 AH Corners,1.5,1.98,1.7,116.47,Bet365,Loss,-1.5,2025-02-15
2025,15/2,Lazio v Napoli,,Italy Serie A,Under 6 Asian Total Cards,1.5,1.95,1.47,132.65,Bet365,Win,1.43,2025-02-15
2025,16/2,Slovan Liberec v Mlada Boleslav,,Czechia First League,Slovan Liberec -1 AH Corners,1.5,1.85,1.61,114.91,Bet365,Loss,-1.5,2025-02-16
2025,16/2,Jagiellonia Bialystok v Motor Lubin,,Poland Ekstraklasa,Jagiellonia Bialystok -1 AH Corners,1.5,1.9,1.58,120.25,Bet365,Loss,-1.5,2025-02-16
2025,16/2,Liverpool v Wolves,,Premier League,Under 11 Asian Corners,1.0,1.95,1.75,111.43,Bet365,Win,0.95,2025-02-16
2025,16/2,Liverpool v Wolves,,Premier League,Under 8.5 Corners,0.25,4.0,,,Bet365,Win,0.75,2025-02-16
2025,18/2,Atalanta v Club Brugge,,UEFA Champions League,Under 10 Asian Corners,1.5,1.9,1.69,112.43,Bet365,Loss,-1.5,2025-02-18
2025,18/2,Atalanta v Club Brugge,,UEFA Champions League,Under 7.5 Corners,0.25,4.0,,,Bet365,Loss,-0.25,2025-02-18
2025,18/2,Benfica v Monaco,,UEFA Champions League,Under 10 Asian Corners,1.0,1.9,1.75,108.57,Bet365,Win,0.9,2025-02-18
2025,18/2,Benfica v Monaco	,,UEFA Champions League,Over 4 Asian Total Cards,1.0,1.9,,,Bet365,Loss,-1.0,2025-02-18
2025,20/2,FCSB v PAOK,,UEFA Europa League,PAOK +0.5 AH Cards,1.0,2.0,1.8,111.11,Bet365,Win,1.0,2025-02-20
2025,22/2,Ipswich v Tottenham,,Premier League,Under 4.5 Asian Total Cards,1.5,2.05,,,Bet365,Win,1.58,2025-02-22
2025,22/2,Aston Villa v Chelsea,,Premier League,Chelsea 0.0 AH Cards,1.5,1.9,,,Bet365,Win,1.35,2025-02-22
2025,22/2,Valencia v Atletico Madrid,,Spain La Liga,Under 5.5 Asian Total Cards,1.0,1.88,,,Bet365,Win,0.88,2025-02-22
2025,22/2,Al Kholood v Al Wahda ,,Saudi Arabia Professional League,Over 9.5 Asian Corners,1.0,2.0,1.81,110.5,Bet365,Loss,-1.0,2025-02-22
2025,22/2,CD Alaves v Espanyol,,Spain La Liga,Espanyol -0.5 AH Cards,2.0,2.0,1.71,116.96,Bet365,Loss,-2.0,2025-02-22
2025,23/2,Orlando City v Philadelphia Union,,USA MLS,Philadelphia Union +2 AH Corners,1.5,2.0,1.89,105.82,Bet365,Win,1.5,2025-02-23
2025,23/2,Bangkok Utd v Nong Bua Pitchaya,,Thailand League 1 ,Over 9.5 Asian Corners,1.0,1.83,1.6,114.38,Bet365,Loss,-1.0,2025-02-23
2025,23/2,Nice v Montpellier,,France Ligue 1,Under 5 Asian Total Cards,1.5,1.75,,,Bet365,Win,1.13,2025-02-23
2025,25/2,Barcelona v Atletico Madrid,,Spain Super Cup,Barcelona +1 AH Cards,1.0,1.8,1.85,97.3,Bet365,Loss,-1.0,2025-02-25
2025,25/2,Chelsea v Southampton,,Premier League,Under 4.5 Asian Total Cards,1.5,1.85,,,Bet365,Win,1.28,2025-02-25
2025,26/2,Real Sociedad v Real Madrid,,Spain Super Cup,Under 5 Asian Total Cards,1.0,1.95,1.81,107.73,Bet365,Win,0.95,2025-02-26
2025,26/2,Real Sociedad v Real Madrid,,Spain Super Cup,Real Madrid +0.5 AH Cards,1.0,1.83,1.75,104.57,Bet365,Win,0.83,2025-02-26
2025,26/2,Tottenham v Man City,,Premier League,Under 4.5 Asian Total Cards,1.0,1.83,1.62,112.96,Bet365,Win,0.83,2025-02-26
2025,27/2,Galatasaray v Konyaspor,,Turkey Cup,Galatasaray -2.5 AH Corners,1.0,1.9,1.62,117.28,Bet365,Win,0.9,2025-02-27
2025,1/3,PSG v Lille,,France Ligue 1,Lille -0.5 AH Cards,1.0,1.8,1.69,106.51,Bet365,Win,0.8,2025-03-01
2025,1/3,Union Saint Gilloise v Dender,,Belgium Pro League,Union Saint Gilloise -2.5 AH Corners,1.0,1.85,1.66,111.45,Bet365,Loss,-1.0,2025-03-01
2025,1/3,Almeria v Malaga,,Spain La Liga 2 ,Malaga +2.5 AH Corners,1.0,2.0,1.84,108.7,Bet365,Loss,-1.0,2025-03-01
2025,2/3,Xamax v Bellinzona,,Switzerland Challenge League,Over 8.5 Asian Corners,1.0,1.83,1.64,111.59,Bet365,Loss,-1.0,2025-03-02
2025,2/3,Xamax v Bellinzona,,Switzerland Challenge League,Over 10.5 Corners,0.25,3.25,,,Bet365,Loss,-0.25,2025-03-02
2025,2/3,Tottenham Women v Man City Women,,England Women Super League,Man City Women -2.5 AH Corners,1.0,1.9,1.6,118.75,Bet365,Loss,-1.0,2025-03-02
2025,2/3,Bologna v Cagliari,,Italy Serie A,Bologna -2.5 AH Corners,1.0,1.85,1.67,110.78,Bet365,Win,0.85,2025-03-02
2025,2/3,Man Utd v Fulham,,England FA Cup,Fulham +0.5 AH Corners,1.0,1.9,1.7,111.76,Bet365,Win,0.9,2025-03-02
2025,3/3,Slavia Sofia v Botev Plovdiv,,Bulgaria First League,Under 10 Asian Corners,1.0,1.85,1.75,105.71,Bet365,Win,0.85,2025-03-03
2025,3/3,Nottm Forest v Ipswich,,England FA Cup,Nottm Forest -1.5 AH Corners,1.0,2.0,1.72,116.28,Bet365,Win,1.0,2025-03-03
2025,3/3,Union Magdalena v Deportivo Cali,,Colombia Primera A ,Over 4 FH Asian Corners,1.0,1.9,,,Bet365,Win,0.9,2025-03-03
2025,4/3,Dortmund v Lille,,UEFA Champions League,Under 4 Asian Total Cards,1.0,1.78,1.65,107.88,Bet365,Win,0.78,2025-03-04
2025,5/3,Bayern Munich v Bayer Leverkusen,,UEFA Champions League,Under 4 Asian Total Cards,1.0,1.7,,,Bet365,Loss,-1.0,2025-03-05
2025,8/3,Bayer Leverkusen v Werder Bremem,,Germany Bundesliga,Werder Bremen -0.5 AH Cards,1.0,1.85,1.77,104.52,Bet365,Loss,-1.0,2025-03-08
2025,8/3,Melbourne Victory v Central Coast Mariners,,Australia A-League,Under 3.5 Asian Total Cards,1.0,2.03,1.85,109.73,Bet365,Loss,-1.0,2025-03-08
2025,8/3,Dortmund v Augsburg,,Germany Bundesliga,Under 10 Asian Corners,1.0,1.9,1.71,111.11,Bet365,Loss,-1.0,2025-03-08
2025,8/3,Dortmund v Augsburg,,Germany Bundesliga,Under 7.5 Corners,0.25,4.0,,,Bet365,Loss,-0.25,2025-03-08
2025,8/3,Sunderland v Cardiff ,,England Champiosnhip,Sunderland -2.5 AH Corners,1.0,1.88,1.72,109.3,Bet365,Loss,-1.0,2025-03-08
2025,8/3,Derby v Blackburn ,,England Champiosnhip,Blackburn +1 AH Corners,1.0,2.03,1.72,118.02,Bet365,Win,1.03,2025-03-08
2025,8/3,Liverpool v Southampton,,Premier League,Liverpool +1 AH Cards,2.0,2.08,1.76,118.18,Bet365,Win,2.16,2025-03-08
2025,8/3,Valencia v Valladolid,,Spain La Liga   ,Under 5.5 Asian Total Cards,1.5,1.95,1.6,121.88,Bet365,Win,1.43,2025-03-08
2025,9/3,Levski Sofia v Slavia Sofia,,Bulgaria First League,Under 9.5 Asian Corners,1.0,1.95,1.72,113.37,Bet365,Loss,-1.0,2025-03-09
2025,9/3,Hannover 96 v Eintracht Braunschweig,,Germany Bundesliga 2,Eintracht Braunschweig +2.5 AH Corners,1.0,1.95,1.75,111.43,Bet365,Win,0.95,2025-03-09
2025,9/3,Chelsea v Leicester,,Premier League,Under 4 Asian Total Cards,1.0,1.95,,,Bet365,Win,0.95,2025-03-09
2025,9/3,Westerlo v Anderlecht,,Belgium Pro League,Anderlecht +0.5 AH Corners,1.0,1.83,1.63,112.27,Bet365,Win,0.83,2025-03-09
2025,9/3,Man Utd v Arsenal,,Premier League,Under 4 Asian Total Cards,1.0,1.83,,,Bet365,Win,0.83,2025-03-09
2025,9/3,Pardubice v Plzen,,Czech Republic Czech Liga,Under 10.5 Asian Corners,1.0,1.88,1.68,111.9,Bet365,Loss,-1.0,2025-03-09
2025,9/3,Athletic Bilbao v Mallorca,,Spain La Liga,Under 4.5 Asian Total Cards,1.0,2.1,1.85,113.51,Bet365,Win,1.1,2025-03-09
2025,12/3,Atletico Madrid v Real Madrid,,UEFA Champions League,Real Madrid +0.5 AH Cards,1.0,1.9,1.74,109.2,Bet365,Win,0.9,2025-03-12
2025,12/3,Atletico Madrid v Real Madrid,,UEFA Champions League,Real Madrid 0.0 Card Handicap,0.25,3.1,,,Bet365,Loss,-0.25,2025-03-12
2025,13/3,Olympiakos v Bodo Glimt,,UEFA Europa League,Under 4.5 Asian Total Cards,1.0,1.95,,,Bet365,Loss,-1.0,2025-03-13
2025,13/3,Al Shabab v Al Orubah,,Saudi Arabia Professional League,Al Shabab -2.5 AH Corners,1.5,1.85,1.62,114.2,Bet365,Win,1.28,2025-03-13
2025,14/3,Genoa v Lecce	,,Italy Serie A,Lecce 0.0 AH Cards,1.5,1.8,1.56,115.38,Bet365,Loss,-1.5,2025-03-14
2025,15/3,Everton v West Ham,,Premier League,Everton 0.0 AH Cards,1.0,2.03,1.83,110.93,Bet365,Loss,-1.0,2025-03-15
2025,15/3,New York Red Bulls v Orlando City,,USA MLS,Orlando City +0.5 AH Corners,1.0,2.0,1.85,108.11,Bet365,Win,1.0,2025-03-15
2025,16/3,Roma v Cagliari,,Italy Serie A,Under 4.5 Asian Total Cards,1.5,1.85,,,Bet365,Win,1.28,2025-03-16
2025,16/3,Bologna v Lazio,,Italy Serie A,Lazio 0.0 AH Cards,1.5,1.85,,,Bet365,Win,1.28,2025-03-16
2025,16/3,Liverpool v Newcastle,,EFL Cup,Over 10 Asian Corners,1.5,1.95,1.65,118.18,Bet365,Win,1.43,2025-03-16
2025,16/3,Stuttgart v Bayer Leverkusen,,Germany Bundesliga,Stuttgart 0.0 AH Cards,1.0,2.2,1.92,114.58,Bet365,Win,1.2,2025-03-16
2025,23/3,France v Croatia,,UEFA Nations League A,France -4 Corner Handicap,1.5,2.1,1.7,123.53,Paddy Power,Win,1.65,2025-03-23
2025,23/3,France v Croatia,,UEFA Nations League A,Over 9.5 Corners,1.0,2.0,1.73,115.61,Paddy Power,Win,1.0,2025-03-23
2025,23/3,France v Croatia,,UEFA Nations League A,Over 10.5 Corners,0.4,2.6,2.2,118.18,Paddy Power,Win,0.64,2025-03-23
2025,23/3,France v Croatia,,UEFA Nations League A,Over 11.5 Corners,0.3,3.6,,,Paddy Power,Win,0.78,2025-03-23
2025,23/3,France v Croatia,,UEFA Nations League A,Over 12.5 Corners,0.2,5.5,,,Paddy Power,Win,0.9,2025-03-23
2025,23/3,France v Croatia,,UEFA Nations League A,Over 13.5 Corners,0.1,7.5,,,Paddy Power,Win,0.65,2025-03-23
2025,23/3,Germany v Italy,,UEFA Nations League A,Under 4 Asian Total Cards,1.0,1.9,1.79,106.15,Bet365,Loss,-1.0,2025-03-23
2025,28/3,Macathur FC v Newcastle Jets,,Australia A-League,Newcastle Jets +0.5 AH Cards,1.0,2.0,1.78,112.36,Bet365,Win,1.0,2025-03-28
2025,29/3,Como v Empoli,,Italy Serie A,Como +1 AH Cards,1.0,1.9,1.67,113.77,Bet365,Loss,-1.0,2025-03-29
2025,29/3,Middlesbrough v Oxford Utd,,England Championship,Middlesbrough +0.5 AH Cards,1.0,2.05,1.76,116.48,Bet365,Loss,-1.0,2025-03-29
2025,29/3,Reims v Marseille,,France Ligue 1,Marseille +0.5 AH Cards,1.0,1.95,1.72,113.37,Bet365,Win,0.95,2025-03-29
2025,29/3,St Etienne v PSG,,France Ligue 1,PSG +0.5 AH Cards,1.0,2.35,2.13,110.33,Bet365,Loss,-1.0,2025-03-29
2025,29/3,Toronto FC v Vancouver Whitecaps,,USA MLS,Vancouver Whitecaps +0.5 AH Cards,1.0,1.95,,,Bet365,Win,0.95,2025-03-29
2025,29/3,New England Revolution v New York Red Bulls,,USA MLS,Over 4 Asian Total Cards,1.0,2.0,1.98,101.01,Bet365,Win,1.0,2025-03-29
2025,30/3,FC Dallas v Sporting Kansas City,,USA MLS,Over 3.5 Asian Total Cards,1.0,1.9,,,Bet365,Loss,-1.0,2025-03-30
2025,30/3,San Jose Earthquakes v Seattle Sounders FC,,USA MLS,Over 3.5 Asian Total Cards,1.0,1.9,,,Bet365,Loss,-1.0,2025-03-30
2025,30/3,St Louis City SC v Austin FC,,USA MLS,Austin FC 0.0 AH Cards,1.0,2.08,1.83,113.66,Bet365,Win,1.08,2025-03-30
2025,30/3,Portland Timbers v Houston Dynamo,,USA MLS,Houston Dynamo 0 Card Handicap,1.0,2.25,1.93,116.58,Bet365,Loss,-1.0,2025-03-30
2025,30/3,Getafe v Villarreal,,Spain La Liga,Villarreal +0.5 AH Cards,1.0,1.95,1.87,104.28,Bet365,Win,0.95,2025-03-30
2025,30/3,Fiorentina v Atalanta,,Italy Serie A,Fiorentina +0.5 AH Cards,1.5,1.85,,,Bet365,Loss,-1.5,2025-03-30
2025,30/3,Inter v Udinese,,Italy Serie A,Udinese -0.5 AH Cards,1.5,1.9,,,Bet365,Loss,-1.5,2025-03-30
2025,30/3,Napoli v AC Milan,,Italy Serie A,Under 4.5 Asian Total Cards,1.5,1.85,,,Bet365,Win,1.28,2025-03-30
2025,31/3,Celta Vigo v Las Palmas,,Spain La Liga,Under 5.5 Asian Total Cards,1.0,1.83,,,Bet365,Win,0.83,2025-03-31
2025,1/4,Empoli v Bologna,,Coppa Italia,Bologna +0.5 AH Cards,1.0,1.98,1.78,111.24,Bet365,Win,0.98,2025-04-01
2025,1/4,Arsenal v Fulham,,Premier League,Under 4.5 Asian Total Cards,1.0,1.83,,,Bet365,Win,0.83,2025-04-01
2025,1/4,Wolves v West Ham,,Premier League,Over 3.5 Asian Total Cards,1.0,1.95,,,Bet365,Win,0.95,2025-04-01
2025,1/4,Boston River v Guarani Asuncion,,Copa Sudamerica,Boston River -1 AH Corners,1.0,1.85,1.72,107.56,Bet365,Win,0.85,2025-04-01
2025,1/4,Union Santa Fe v Cruzeiro,,Copa Sudamerica,Union Santa Fe -0.5 AH Corners,1.0,1.88,1.69,111.24,Bet365,Win,0.88,2025-04-01
2025,1/4,Nacional Potosi v CA Independiente,,Copa Sudamerica,CA Independiente +2 AH Corners,1.0,1.93,1.71,112.87,Bet365,Win,0.93,2025-04-01
2025,2/4,Corinthians v Huracan,,Copa Sudamerica,Huracan +2.5 AH Corners,1.0,1.83,1.71,107.02,Bet365,Win,0.83,2025-04-02
2025,3/4,Racing Club de Montevideo v America de Cali,,Copa Sudamerica,Racing Club de Montevideo +1 AH Corners,1.0,1.85,1.69,109.47,Bet365,Win,0.85,2025-04-03
2025,3/4,Chelsea v Tottenham,,Premier League,Under 5 Asian Total Cards,1.0,1.9,,,Bet365,Loss,-1.0,2025-04-03
2025,3/4,Double,Chelsea v Tottenham,Premier League,Under 5 Asian Total Cards,0.5,3.71,,,Bet365,Loss,-0.5,2025-04-03
2025,3/4,Academia Puerto Cabello v Lanus,,Copa Sudamerica,Lanus -1 AH Corners,1.0,1.85,1.76,105.11,Bet365,Loss,-1.0,2025-04-03
2025,4/4,Mushuc Runa v Palestino,,Copa Sudamerica,Palestino +2.5 AH Corners,1.0,1.78,1.93,92.23,Bet365,Win,0.78,2025-04-04
2025,4/4,Rayo Vallecano v Espanyol,,Spain La Liga,Espanyol -0.5 AH Cards,1.0,2.0,1.74,114.94,Bet365,Loss,-1.0,2025-04-04
2025,5/4,Western Utd v Perth Glory,,Australia A-League,Over 3 Asian Total Cards,1.0,1.95,,,Bet365,Loss,-1.0,2025-04-05
2025,5/4,Everton v Arsenal,,Premier League,Arsenal +0.5 AH Cards,1.0,2.0,1.74,114.94,Bet365,Loss,-1.0,2025-04-05
2025,5/4,Freiburg v Dortmund,,Germany Bundesliga,Dortmund 0.0 AH Cards,1.0,1.88,1.66,113.25,Bet365,Loss,-1.0,2025-04-05
2025,5/4,Bochum v Stuttgart,,Germany Bundesliga,Under 4.5 Asian Total Cards,1.0,1.88,1.62,116.05,Bet365,Win,0.88,2025-04-05
2025,5/4,Luton v Leeds,,England Championship,Over 3.5 Asian Total Cards,1.0,2.05,1.95,105.13,Bet365,Loss,-1.0,2025-04-05
2025,5/4,Aston Villa v Nottm Forest,,Premier League,Aston Villa +0.5 AH Cards,1.0,2.03,1.83,110.93,Bet365,Win,1.03,2025-04-05
2025,5/4,Charlotte FC v Nashville,,USA MLS,Under 4 Asian Total Cards,1.0,1.93,1.72,112.21,Bet365,Loss,-1.0,2025-04-05
2025,6/4,Columbus Crew v CF Montreal,,USA MLS,Columbus Crew +1 AH Cards,1.0,1.9,1.66,114.46,Bet365,Loss,-1.0,2025-04-06
2025,6/4,FC Cincinnati v New England Revolution ,,USA MLS,FC Cincinnati +0.5 AH Cards,1.0,1.9,1.68,113.1,Bet365,Win,0.9,2025-04-06
2025,6/4,New York Red Bulls v Chicago Fire,,USA MLS,Over 3.5 Asian Total Cards,1.0,2.1,,,Bet365,Loss,-1.0,2025-04-06
2025,6/4,Philadelphia Union v Orlando City,,USA MLS,Under 4.5 Asian Total Cards,1.0,2.08,1.82,114.29,Bet365,Loss,-1.0,2025-04-06
2025,6/4,Houston Dynamo v LAFC,,USA MLS,Over 4.5 Asian Total Cards,1.0,2.1,1.88,111.7,Bet365,Win,1.1,2025-04-06
2025,6/4,Sporting Kansas City v St Louis City,,USA MLS,Over 4 Asian Total Cards,1.0,1.88,,,Bet365,Loss,-1.0,2025-04-06
2025,6/4,Las Palmas v Real Sociedad,,Spain La Liga,Over 5 Asian Total Cards,2.0,2.03,1.92,105.73,Bet365,Loss,-2.0,2025-04-06
2025,6/4,Torino v Verona,,Italy Serie A,Verona Most Cards,1.0,1.91,1.79,106.7,Paddy Power,Loss,-1.0,2025-04-06
2025,6/4,Tottenham v Southampton,,Premier League,Tottenham +1 AH Cards,1.0,2.0,1.7,117.65,Bet365,Win,1.0,2025-04-06
2025,6/4,Brentford v Chelsea,,Premier League,Chelsea 0.0 AH Cards,1.5,1.8,1.57,114.65,Bet365,Win,1.2,2025-04-06
2025,6/4,New York City FC v Minnesota Utd,,USA MLS,New York City FC +0.5 AH Cards,1.5,2.0,1.7,117.65,Bet365,Loss,-1.5,2025-04-06
2025,6/4,San Jose Earthquakes v DC Utd,,USA MLS,Under 5 Asian Total Cards,1.0,1.88,,,Bet365,Win,0.88,2025-04-06
2025,6/4,Atalanta v Lazio,,Italy Serie A,Lazio 0.0 AH Cards,1.0,2.05,1.61,127.33,Bet365,Win,1.05,2025-04-06
2025,6/4,Internacional v Cruzeiro,,Brazil Serie A,Internacional +1 AH Cards,1.0,1.95,,,Bet365,Loss,-1.0,2025-04-06
2025,7/4,Leicester v Newcastle ,,Premier League,Newcastle +0.5 AH Cards,1.5,2.0,1.83,109.29,Bet365,Loss,-1.5,2025-04-07
2025,7/4,Leicester v Newcastle ,,Premier League,Under 4.5 Cards,1.5,1.67,,,Paddy Power,Win,1.01,2025-04-07
2025,7/4,Leicester v Newcastle ,,Premier League,Under 3.5 Cards,0.5,2.5,1.91,130.89,Paddy Power,Win,0.75,2025-04-07
2025,7/4,Leicester v Newcastle ,,Premier League,Under 2.5 Cards,0.25,4.5,,,Paddy Power,Win,0.88,2025-04-07
2025,7/4,Leicester v Newcastle ,,Premier League,Under 1.5 Cards,0.15,9.0,,,Paddy Power,Loss,-0.15,2025-04-07
2025,7/4,Leicester v Newcastle ,,Premier League,Under 0.5 Cards,0.1,26.0,,,Paddy Power,Loss,-0.1,2025-04-07
2025,10/4,NK Celje v Fiorentina,,UEFA Conference League,Fiorentina +0.5 AH Cards,1.0,2.0,1.75,114.29,Bet365,Win,1.0,2025-04-10
2025,11/4,Melbourne City v Brisbane Roar,,Australia A-League,Melbourne City +1 AH Cards,1.5,1.8,,,Bet365,Win,1.2,2025-04-11
2025,11/4,Melbourne City v Brisbane Roar,,Australia A-League,Melbourne City -2 AH Corners,1.0,2.0,,,Bet365,Win,1.0,2025-04-11
2025,11/4,Melbourne City v Brisbane Roar,,Australia A-League,Under 9.5 Asian Corners,1.0,1.98,,,Bet365,Win,0.98,2025-04-11
2025,12/4,Bayern Munich v Dortmund,,Germany Bundesliga,Dortmund Most Cards,2.0,2.0,1.74,114.94,Paddy Power,Loss,-2.0,2025-04-12
2025,12/4,QPR v Bristol City,,England Championship,Bristol City 0.0 AH Cards,1.0,1.93,1.73,111.56,Bet365,Loss,-1.0,2025-04-12
2025,12/4,Sheff Wed v Oxford Utd,,England Championship,Oxford Utd 0.0 AH Cards,1.0,1.85,1.57,117.83,Bet365,Win,0.85,2025-04-12
2025,12/4,Sunderland v Swansea,,England Championship,Swansea 0.0 AH Cards,1.0,1.85,1.63,113.5,Bet365,Win,0.85,2025-04-12
2025,12/4,Celta Vigo v Espanyol,,Spain La Liga,Over 4.5 Asian Total Cards,1.0,2.0,1.85,108.11,Bet365,Loss,-1.0,2025-04-12
2025,12/4,Hoffenheim v Mainz,,Germany Bundesliga,Mainz 0.0 AH Cards,1.0,1.95,1.76,110.8,Bet365,Loss,-1.0,2025-04-12
2025,13/4,Osasuna v Girona,,Spain La Liga,Over 4 Asian Total Cards,1.0,1.95,,,Bet365,Loss,-1.0,2025-04-13
2025,13/4,Le Havre v Rennes,,France Ligue 1,Rennes 0.0 AH Cards,1.0,2.08,1.88,110.64,Bet365,Win,1.08,2025-04-13
2025,13/4,Betis v Villarreal,,Spain La Liga,Under 6.5 Asian Total Cards,1.5,1.9,,,Bet365,Win,1.35,2025-04-13
2025,13/4,Lazio v Roma,,Italy Serie A,Under 7 Asian Total Cards,1.0,2.03,1.59,127.67,Bet365,Win,1.03,2025-04-13
2025,13/4,Auxerre v Lyon,,France Ligue 1,Lyon +0.5 AH Cards,1.0,1.93,1.71,112.87,Bet365,Loss,-1.0,2025-04-13
2025,16/4,Inter v Bayern Munich,,UEFA Champions League,Bayern Munich 0.0 AH Cards,1.0,2.0,1.88,106.38,Bet365,Win,1.0,2025-04-16
2025,18/4,Middlesbrough v Plymouth,,England Championship,Under 3.5 Cards,0.5,2.3,1.86,123.66,Paddy Power,Win,0.65,2025-04-18
2025,18/4,Swansea v Hull,,England Championship,Under 4 Asian Total Cards,1.0,1.95,,,Bet365,Loss,-1.0,2025-04-18
2025,19/4,RB Leipzig v Kiel,,Germany Bundesliga,Under 4.5 Asian Total Cards,2.0,1.95,,,Bet365,Win,1.9,2025-04-19
2025,19/4,Crystal Palace v Bournemouth,,Premier League,Bournemouth 0.0 AH Cards,1.0,1.85,1.66,111.45,Bet365,Loss,-1.0,2025-04-19
2025,19/4,West Ham v Southampton,,Premier League,Under 3.5 Cards,1.5,1.83,1.59,115.09,Paddy Power,Win,1.25,2025-04-19
2025,19/4,Aston Villa v Newcastle,,Premier League,Under 4.5 Cards,1.0,2.0,1.78,112.36,SpreadEx,Win,1.0,2025-04-19
2025,19/4,Monaco v Strasbourg,,France Ligue 1,Under 4 Asian Total Cards,1.0,1.75,1.59,110.06,Bet365,Loss,-1.0,2025-04-19
2025,19/4,Austin FC v LA Galaxy,,USA MLS,LA Galaxy +0.5 AH Cards,1.5,2.05,1.72,119.19,Bet365,Win,1.58,2025-04-19
2025,19/4,Austin FC v LA Galaxy,,USA MLS,Under 5.5 Asian Total Cards,1.0,1.65,,,Bet365,Loss,-1.0,2025-04-19
2025,19/4,Marseille v Montpellier,,France Ligue 1,Under 4.5 Asian Total Cards,1.0,1.65,,,Bet365,Win,0.65,2025-04-19
2025,20/4,San Jose Earthquakes v Sporting KC,,USA MLS,San Jose Earthquakes +0.5 AH Cards,1.0,1.9,,,Bet365,Win,0.9,2025-04-20
2025,20/4,Ipswich v Arsenal,,Premier League,Under 3.5 Cards,1.5,2.38,1.83,130.05,SpreadEx,Win,2.07,2025-04-20
2025,20/4,Fulham v Chelsea,,Premier League,Chelsea 0.0 AH Cards,1.0,1.9,1.68,113.1,Bet365,Win,0.9,2025-04-20
2025,20/4,Sevilla v Alaves,,Spain La Liga,Over 5.5 Cards,1.5,2.38,2.09,113.88,Paddy Power,Loss,-1.5,2025-04-20
2025,20/4,Nice v Angers,,France Ligue 1,Under 4 Asian Total Cards,1.0,1.9,,,Bet365,Win,0.9,2025-04-20
2025,20/4,AC Milan v Atalanta,,Italy Serie A,Under 4.5 Asian Total Cards,1.0,1.9,,,Bet365,Win,0.9,2025-04-20
2025,21/4,Hull v Preston,,England Championship,Under 4 Asian Total Cards,1.0,1.98,,,Bet365,Win,0.98,2025-04-21
2025,21/4,Luton v Bristol City,,England Championship,Under 4 Asian Total Cards,1.0,1.8,,,Bet365,Win,0.8,2025-04-21
2025,21/4,Millwall v Norwich,,England Championship,Norwich 0.0 AH Cards,1.0,2.0,1.93,103.63,Bet365,Win,1.0,2025-04-21
2025,21/4,Portsmouth v Watford,,England Championship,Watford +0.5 AH Cards,1.5,1.85,,,Bet365,Win,1.28,2025-04-21
2025,22/4,Brisbane Roar v Adelaide Utd,,Australia A-League,Brisbane Roar 0.0 AH Cards,1.0,1.8,,,Bet365,Win,0.8,2025-04-22
2025,22/4,Barcelona v Mallorca,,Spain La Liga,Mallorca 0.0 AH Cards,3.0,1.95,,,Bet365,Win,2.85,2025-04-22
2025,22/4,Barcelona v Mallorca,,Spain La Liga,Under 4 Asian Total Cards,1.0,1.95,,,Bet365,Win,0.95,2025-04-22
2025,23/4,Parma v Juventus,,Italy Serie A,Under 3.5 Cards,1.0,2.05,1.85,110.81,Paddy Power,Loss,-1.0,2025-04-23
2025,23/4,Genoa v Lazio,,Italy Serie A,Lazio 0.0 AH Cards,2.0,2.68,,,Bet365,Loss,-2.0,2025-04-23
2025,23/4,Inter v AC Milan,,Coppa Italia,Inter -1 AH Corners,1.0,1.95,1.76,110.8,Bet365,Loss,-1.0,2025-04-23
2025,23/4,Alaves v Real Sociedad,,Spain La Liga,Under 6 Asian Total Cards,1.0,1.9,,,Bet365,Loss,-1.0,2025-04-23
2025,24/4,Bologna v Empoli,,Coppa Italia,Empoli -0.5 AH Cards,1.0,1.8,,,Bet365,Win,0.8,2025-04-24
2025,24/4,Bolivar v Palmeiras,,Copa Libertadores,Under 10.5 Corners,1.0,2.05,1.83,112.02,Paddy Power,Loss,-1.0,2025-04-24
2025,26/4,Hoffenheim v Dortmund ,,Germany Bundesliga,Under 4.5 Asian Total Cards,1.0,1.88,,,Bet365,Loss,-1.0,2025-04-26
2025,26/4,Blackburn v Watford,,England Championship,Over 3.5 Asian Total Cards,1.0,2.0,1.76,113.64,Bet365,Win,1.0,2025-04-26
2025,26/4,Oxford Utd v Sunderland,,England Championship,Sunderland 0.0 AH Cards,1.0,2.0,1.7,117.65,Bet365,Loss,-1.0,2025-04-26
2025,26/4,Toronto FC v New York City FC,,USA MLS,Under 4.5 Asian Total Cards,1.0,1.8,,,Bet365,Loss,-1.0,2025-04-26
2025,26/4,Lyon v Rennes,,France Ligue 1,Over 3.5 Asian Total Cards,1.5,2.0,,,Bet365,Loss,-1.5,2025-04-26
2025,26/4,New York Red Bulls v CF Montreal,,USA MLS,Over 3.5 Asian Total Cards,1.0,1.75,,,Bet365,Win,0.75,2025-04-26
2025,27/4,Charlotte FC v New England Revolution,,USA MLS,Under 4.5 Asian Total Cards,1.0,1.9,,,Bet365,Loss,-1.0,2025-04-27
2025,27/4,Columbus Crew v San Jose Earthquakes,,USA MLS,Under 4.5 Asian Total Cards,1.0,1.83,,,Bet365,Win,0.83,2025-04-27
2025,27/4,Nashville SC v Chicago Fire,,USA MLS,Under 4.5 Asian Total Cards,1.0,1.75,,,Bet365,Win,0.75,2025-04-27
2025,27/4,Auckland FC v Perth Glory,,Australia A-League,Over 2.5 Asian Total Cards,1.0,2.03,,,Bet365,Win,1.03,2025-04-27
2025,27/4,Fiorentina v Empoli,,Italy Serie A,Under 4.5 Asian Total Cards,1.0,2.0,,,Bet365,Loss,-1.0,2025-04-27
2025,27/4,Inter Miami v FC Dallas,,USA MLS,FC Dallas Most Cards,1.0,2.88,,,Paddy Power,Win,1.88,2025-04-27
2025,27/4,Palmeiras v Bahia,,Brazil Serie A,Over 5 Asian Total Cards,1.0,1.9,1.79,106.15,Bet365,Loss,-1.0,2025-04-27
2025,27/4,Vitoria v Gremio,,Brazil Serie A,Gremio 0.0 AH Cards,1.0,1.83,1.63,112.27,Bet365,Loss,-1.0,2025-04-27
2025,28/4,Udinese v Bologna,,Italy Serie A,Udinese Most Booking Points,1.0,2.2,1.95,112.82,Sky Bet,Win,1.2,2025-04-28
2025,29/4,Arsenal v PSG,,UEFA Champions League,Arsenal Most Corners & Under 5.5 Cards,1.0,2.54,,,Bet365,Win,1.54,2025-04-29
2025,2/5,Heidenheim v Bochum,,Germany Bundesliga,Under 4.5 Asian Total Cards,1.0,2.0,2.19,91.32,Bet365,Win,1.0,2025-05-02
2025,2/5,Torino v Venezia,,Italy Serie A ,Torino +1 AH Cards,1.0,1.8,1.54,116.88,Bet365,Win,0.8,2025-05-02
2025,3/5,Western Utd v Auckland FC,,Australia A-League,Western Utd +0.5 AH Cards,1.0,1.9,,,Bet365,Win,0.9,2025-05-03
2025,3/5,Coventry v Middlesbrough,,England Championship,Under 4.5 Asian Total Cards,1.0,1.85,,,Bet365,Win,0.85,2025-05-03
2025,3/5,Derby v Stoke,,England Championship,Stoke Most Cards,1.0,2.2,,,Bet365,Loss,-1.0,2025-05-03
2025,3/5,Portsmouth v Hull,,England Championship,Portsmouth +0.5 AH Cards,1.5,2.0,1.69,118.34,Bet365,Loss,-1.5,2025-05-03
2025,3/5,West Brom v Luton,,England Championship,West Brom +0.5 AH Cards,1.5,2.1,1.88,111.7,Bet365,Win,1.65,2025-05-03
2025,3/5,Aston Villa v Fulham,,Premier League,Under 4.5 Asian Total Cards,1.0,1.93,,,Bet365,Win,0.93,2025-05-03
2025,3/5,RB Leipzig v Bayern Munich,,Germany Bundesliga ,RB Leipzig 0.0 AH Cards,1.5,2.1,1.76,119.32,Bet365,Win,1.65,2025-05-03
2025,3/5,RB Leipzig v Bayern Munich,,Germany Bundesliga ,Under 4.5 Asian Total Cards,1.5,1.9,,,Bet365,Win,1.35,2025-05-03
2025,3/5,Union Berlin v Werder Bremen,,Germany Bundesliga,Over 3.5 Asian Total Cards,1.0,1.85,,,Bet365,Win,0.85,2025-05-03
2025,4/5,San Jose Earthquakes v Portland Timbers,,USA MLS,San Jose Earthquakes +0.5 AH Cards,1.0,1.9,,,Bet365,Win,0.9,2025-05-04
2025,4/5,Brighton v Newcastle ,,Premier League,Brighton 0.0 AH Cards,1.0,2.1,1.8,116.67,Bet365,Win,1.1,2025-05-04
2025,4/5,West Ham v Tottenham,,Premier League,Tottenham +0 Card Handicap,1.0,3.25,,,Bet365,Loss,-1.0,2025-05-04
2025,4/5,Monza v Atalanta,,Italy Serie A,Atalanta +0.5 AH Cards,1.0,2.0,1.75,114.29,Bet365,Win,1.0,2025-05-04
2025,4/5,Empoli v Lazio,,Italy Serie A,Under 5 Asian Total Cards,1.0,1.8,,,Bet365,Loss,-1.0,2025-05-04
2025,5/5,Girona v Mallorca,,Spain La Liga,Under 5 Asian Total Cards,1.0,1.9,,,Bet365,Win,0.9,2025-05-05
2025,5/5,Crystal Palace v Nottm Forest,,Premier League,Nottm Forest 0.0 AH Cards,1.0,1.78,1.65,107.88,Bet365,Win,0.78,2025-05-05
2025,6/5,Juventude v Atletico Mineiro,,Brazil Serie A,Under 6 Asian Total Cards,1.0,1.78,,,Bet365,Win,0.78,2025-05-06
2025,7/5,PSG v Arsenal,,UEFA Champions League,Arsenal 0.0 AH Cards,1.5,1.73,1.61,107.45,Paddy Power,Win,1.1,2025-05-07
2025,8/5,Bodo Glimt v Tottenham,,UEFA Europa League,Bodo Glimt Most Corners,0.25,3.6,,,Bet365,Loss,-0.25,2025-05-08
2025,8/5,Chelsea v Djurgarden,,UEFA Conference League,Chelsea +1 AH Cards,1.0,1.8,1.6,112.5,Bet365,Win,0.8,2025-05-08
2025,9/5,Coventry v Sunderland,,England Championship,Coventry +0.5 AH Cards,1.0,1.98,1.78,111.24,Bet365,Win,0.98,2025-05-09
2025,10/5,Valencia v Getafe,,Spain La Liga,Valencia +1 AH Cards,1.0,2.05,1.85,110.81,Bet365,Loss,-1.0,2025-05-10
2025,10/5,Como v Cagliari,,Italy Serie A,Over 3.5 Asian Total Cards,1.0,2.05,,,Bet365,Win,1.05,2025-05-10
2025,10/5,Southampton v Man City,,Premier League,Under 3.5 Asian Total Cards,1.5,1.95,1.56,125.0,Bet365,Win,1.43,2025-05-10
2025,10/5,Bournemouth v Aston Villa,,Premier League,Bournemouth 0.0 AH Cards,1.0,1.9,1.72,110.47,Bet365,Loss,-1.0,2025-05-10
2025,10/5,Chicago Fire v Atlanta Utd,,USA MLS,Over 3.5 Asian Total Cards,1.0,1.9,,,Bet365,Win,0.9,2025-05-10
2025,10/5,Auxerre v Nantes,,France Ligue 1,Over 3 Asian Total Cards,1.0,1.78,,,Bet365,Win,0.78,2025-05-10
2025,11/5,New York Red Bulls v LA Galaxy,,USA MLS,Over 4 Asian Total Cards,1.5,2.05,,,Bet365,Win,1.58,2025-05-11
2025,11/5,Udinese v Monza,,Italy Serie A,Over 3 Asian Total Cards,1.0,1.95,,,Bet365,Win,0.95,2025-05-11
2025,11/5,Southampton v Man City,,Premier League,Under 3.5 Asian Total Cards,0.25,1.95,1.56,125.0,Bet365,Win,0.24,2025-05-11
2025,11/5,Newcastle v Chelsea,,Premier League,Under 5 Asian Total Cards,1.0,2.0,,,Bet365,Loss,-1.0,2025-05-11
2025,11/5,Nottm Forest v Leicester,,Premier League,Over 3.5 Asian Total Cards,1.0,2.0,1.79,111.73,Bet365,Loss,-1.0,2025-05-11
2025,11/5,Liverpool v Arsenal,,Premier League,Under 4 Asian Total Cards,1.0,1.9,,,Bet365,Loss,-1.0,2025-05-11
2025,13/5,Sunderland v Coventry,,England Championship,Coventry Most Corners,2.5,2.5,1.89,132.28,Sky Bet,Win,3.75,2025-05-13
2025,14/5,Alaves v Valencia,,Spain La Liga,Alaves 0.0 AH Cards,1.0,2.08,1.77,117.51,Bet365,Win,1.08,2025-05-14
2025,14/5,Real Madrid v Mallorca,,Spain La Liga,Real Madrid +1 AH Cards,1.0,1.78,1.59,111.95,Bet365,Loss,-1.0,2025-05-14
2025,14/5,Real Madrid v Mallorca,,Spain La Liga,Real Madrid +0 Card Handicap,0.25,5.0,,,Bet365,Loss,-0.25,2025-05-14
2025,15/5,San Diego FC v Colorado Rapids,,USA MLS,Under 4.5 Asian Total Cards,1.0,1.9,,,Bet365,Loss,-1.0,2025-05-15
2025,15/5,Espanyol v Barcelona,,Spain La Liga,Barcelona +1 AH Cards,1.0,1.88,1.74,108.05,Bet365,Loss,-1.0,2025-05-15
2025,16/5,Aston Villa v Tottenham,,Premier League,Under 11 Asian Corners,1.0,1.95,1.83,106.56,Bet365,Win,0.95,2025-05-16
2025,16/5,Aston Villa v Tottenham,,Premier League,Over 3.5 Cards,1.0,2.15,,,Paddy Power,Loss,-1.0,2025-05-16
2025,16/5,Chelsea v Man Utd,,Premier League,Under 4 Asian Total Cards,1.0,1.9,1.68,113.1,Bet365,Loss,-1.0,2025-05-16
2025,17/5,Dortmund v Kiel,,Germany Bundesliga,Under 3 Asian Total Cards,1.0,1.95,1.57,124.2,Bet365,Loss,-1.0,2025-05-17
2025,17/5,St Pauli v Bochum,,Germany Bundesliga,Over 3 Asian Total Cards,1.0,2.0,,,Bet365,Loss,-1.0,2025-05-17
2025,17/5,Heidenheim v Bremen,,Germany Bundesliga,Over 4 Asian Total Cards,1.0,1.98,1.68,117.86,Bet365,Win,0.98,2025-05-17
2025,17/5,Marseille v Rennes,,France Ligue 1,Marseille -2 AH Corners,1.0,1.98,1.85,107.03,Bet365,Loss,-1.0,2025-05-17
2025,18/5,Atlanta Utd v Philadelphia Union,,USA MLS,Under 4.5 Asian Total Cards,1.0,1.95,,,Bet365,Loss,-1.0,2025-05-18
2025,18/5,New England Revolution v San Jose Earthquakes,,USA MLS,Under 4.5 Asian Total Cards,1.0,1.83,,,Bet365,Loss,-1.0,2025-05-18
2025,18/5,Portland Timbers v Seattle Sounders,,USA MLS,Under 5 Asian Total Cards,2.0,1.93,,,Bet365,Win,1.86,2025-05-18
2025,18/5,Leicester v Ipswich ,,Premier League,Ipswich 0.0 AH Cards,1.5,1.98,1.59,124.53,Bet365,Loss,-1.5,2025-05-18
2025,18/5,Arsenal v Newcastle,,Premier League,Over 4 Asian Total Cards,1.5,2.0,1.76,113.64,Bet365,Win,1.5,2025-05-18
2025,18/5,Real Sociedad v Girona,,Spain La Liga,Real Sociedad -1 AH Corners,1.0,1.93,1.74,110.92,Bet365,Win,0.93,2025-05-18
2025,18/5,Atletico Madrid v Betis,,Spain La Liga,Over 3.5 Asian Total Cards,1.0,2.03,,,Bet365,Loss,-1.0,2025-05-18
2025,18/5,Valladolid v Alaves,,Spain La Liga,Valladolid 0.0 AH Cards,1.5,2.0,1.67,119.76,Bet365,Loss,-1.5,2025-05-18
2025,18/5,Juventus v Udinese,,Italy Serie A,Udinese +3 AH Corners,1.0,1.9,1.81,104.97,Bet365,Loss,-1.0,2025-05-18
2025,18/5,Juventus v Udinese,,Italy Serie A,Udinese 0.0 AH Cards,1.5,1.98,1.6,123.75,Bet365,Win,1.47,2025-05-18
2025,18/5,Cagliari v Venezia,,Italy Serie A,Venezia -0.5 AH Cards,1.0,2.1,1.83,114.75,Bet365,Loss,-1.0,2025-05-18
2025,18/5,Cagliari v Venezia,,Italy Serie A,Over 4 Asian Total Cards,1.0,1.95,1.7,114.71,Bet365,Loss,-1.0,2025-05-18
2025,18/5,Inter v Lazio,,Italy Serie A,Under 4.5 Asian Total Cards,1.0,1.9,,,Bet365,Win,0.9,2025-05-18
2025,18/5,Verona v Como,,Italy Serie A,Verona 0.0 AH Cards,1.5,2.05,1.46,140.41,Bet365,Loss,-1.5,2025-05-18
2025,18/5,Juventude v Fluminense,,Brazil Serie A,Fluminense +0.5 AH Cards,1.0,2.03,1.77,114.69,Bet365,Loss,-1.0,2025-05-18
2025,18/5,Flamengo v Botafogo,,Brazil Serie A,Under 6.5 Asian Total Cards,1.0,1.93,,,Bet365,Win,0.93,2025-05-18
2025,19/5,Inter Miami v Orlando City,,USA MLS,Under 5 Asian Total Cards,1.5,1.95,,,Bet365,Win,1.43,2025-05-19
2025,20/5,Crystal Palace v Wolves	,,Premier League,Over 2.5 Asian Total Cards,1.0,2.0,1.86,107.53,Bet365,Win,1.0,2025-05-20
2025,21/5,Tottenham v Man Utd,,UEFA Europa League,Over 4.5 Asian Total Cards,2.0,1.78,,,Bet365,Win,1.56,2025-05-21
2025,24/5,Melbourne City v Western Utd,,Australia A-League,Western Utd Most Corners,0.75,3.0,2.16,138.89,Sky Bet,Loss,-0.75,2025-05-24
2025,24/5,Sheff Utd v Sunderland,,England Championship,Sheff Utd Most Corners,1.0,2.0,1.84,108.7,Paddy Power,Loss,-1.0,2025-05-24
2025,24/5,Sheff Utd v Sunderland,,England Championship,Sheff Utd -1 Corner Handicap,0.5,2.5,2.26,110.62,Paddy Power,Loss,-0.5,2025-05-24
2025,24/5,Espanyol v Las Palmas,,Spain La Liga,Las Palmas 0.0 AH Cards,1.0,2.0,1.81,110.5,Bet365,Loss,-1.0,2025-05-24
2025,24/5,Leganes v Valladolid,,Spain La Liga,Valladolid 0.0 AH Cards,2.0,2.0,1.7,117.65,Bet365,Win,2.0,2025-05-24
2025,25/5,Gremio v Bahia,,Brazil Serie A,Under 5.5 Asian Total Cards,1.0,1.9,,,Bet365,Loss,-1.0,2025-05-25
2025,25/5,Man Utd v Aston Villa,,Premier League,Man Utd 0.0 AH Cards,1.0,1.95,1.75,111.43,Bet365,Loss,-1.0,2025-05-25
2025,25/5,Bournemouth v Leicester,,Premier League,Over 2.5 Asian Total Cards,1.5,1.8,,,Bet365,Loss,-1.5,2025-05-25
2025,25/5,Newcastle v Everton,,Premier League,Under 3.5 Asian Total Cards,1.0,1.83,1.7,107.65,Bet365,Loss,-1.0,2025-05-25
2025,25/5,Empoli v Verona,,Italy Serie A,Verona -0.5 AH Cards,1.0,1.98,1.83,108.2,Bet365,Loss,-1.0,2025-05-25
2025,25/5,Atalanta v Parma,,Italy Serie A,Under 3 Asian Total Cards,1.0,1.93,1.77,109.04,Bet365,Win,0.93,2025-05-25
2025,25/5,Athletic Club v Barcelona,,Spain La Liga,Athletic Club 0.0 AH Cards,1.5,2.03,1.64,123.78,Bet365,Win,1.55,2025-05-25
2025,26/5,Atlanta Utd v Cincinnati,,USA MLS,Under 4.5 Asian Total Cards,1.0,1.8,,,Bet365,Win,0.8,2025-05-26
2025,26/5,AFC Wimbledon v Walsall,,England League 2 ,Under 9.5 Asian Corners,1.0,1.8,1.53,117.65,Bet365,Win,0.8,2025-05-26
2025,26/5,AFC Wimbledon v Walsall,,England League 2 ,Under 7.5 Corners,0.25,3.25,2.66,122.18,Bet365,Win,0.56,2025-05-26
2025,26/5,KFUM v Valerenga,,Norway Eliteserien,Under 9.5 Asian Corners,1.0,1.8,1.66,108.43,Bet365,Loss,-1.0,2025-05-26
2025,26/5,KFUM v Valerenga,,Norway Eliteserien,Under 7.5 Corners,0.25,3.25,,,Bet365,Loss,-0.25,2025-05-26
2025,28/5,Betis v Chelsea	,,UEFA Conference League,Chelsea 0.0 AH Cards,1.0,2.0,1.81,110.5,Bet365,Win,1.0,2025-05-28
2025,29/5,Columbus Crew v Nashville,,USA MLS,Under 4 Asian Total Cards,1.5,1.9,,,Bet365,Loss,-1.5,2025-05-29
2025,29/5,Columbus Crew v Nashville,,USA MLS,Over 9 Asian Corners,1.0,2.0,1.79,111.73,Bet365,Win,1.0,2025-05-29
2025,29/5,Austin FC v Real Salt Lake,,USA MLS,Under 4.5 Asian Total Cards,1.0,1.93,1.74,110.92,Bet365,Win,0.93,2025-05-29
2025,29/5,Toronto FC v Philadelphia Union,,USA MLS,Toronto FC 0.0 AH Cards,1.0,2.1,1.85,113.51,Bet365,Loss,-1.0,2025-05-29
2025,29/5,Treble,Columbus Crew v Nashville	,USA MLS,Over 9 Asian Corners,0.5,8.08,5.76,140.28,Bet365,Loss,-0.5,2025-05-29
2025,31/5,Melbourne City v Melbourne Victory,,Australia A-League,Under 4.5 Asian Total Cards,1.5,1.78,,,Bet365,Loss,-1.5,2025-05-31
2025,31/5,Melbourne City v Melbourne Victory,,Australia A-League,Under 3.5 Cards,0.5,2.62,2.32,112.93,Bet365,Loss,-0.5,2025-05-31
2025,31/5,PSG v Inter,,UEFA Champions League,Inter 0.0 AH Cards,1.5,1.7,,,Bet365,Win,1.05,2025-05-31
2025,31/5,PSG v Inter,,UEFA Champions League,Over 4.5 Cards,2.0,2.38,1.88,126.6,Paddy Power,Win,2.76,2025-05-31
2025,31/5,PSG v Inter,,UEFA Champions League,Over 5.5 Cards,0.5,3.9,,,Paddy Power,Loss,-0.5,2025-05-31
2025,31/5,PSG v Inter	,,UEFA Champions League,Over 6.5 Cards,0.25,7.0,,,Paddy Power,Loss,-0.25,2025-05-31
2025,1/6,Inter Miami v Columbus Crew,,USA MLS,Columbus Crew +1 AH Cards,1.5,1.75,1.55,112.9,Bet365,Win,1.13,2025-06-01
2025,1/6,Inter Miami v Columbus Crew,,USA MLS,Under 4 Asian Total Cards,1.0,1.98,1.76,112.5,Bet365,Win,0.98,2025-06-01
2025,1/6,FC Cincinnati v DC Utd,,USA MLS,Under 4 Asian Total Cards,1.0,2.0,1.79,111.73,Bet365,Loss,-1.0,2025-06-01
2025,1/6,SK Brann v Kristiansund,,Norway Eliteserien,Kristiansund +4.5 AH Corners,1.0,2.0,1.77,112.99,Bet365,Win,1.0,2025-06-01
2025,1/6,Ceara v Atletico MG,,Brazil Serie A,Over 5.5 Cards,1.5,2.5,1.91,130.89,Paddy Power,Loss,-1.5,2025-06-01
2025,1/6,Corinthians v Vitoria,,Brazil Serie A,Over 5.5 Cards,1.5,2.5,2.01,124.38,Paddy Power,Win,2.25,2025-06-01
2025,1/6,Double,Ceara v Atletico MG	,Brazil Serie A,Over 5.5 Cards,0.75,6.25,3.84,162.76,Paddy Power,Loss,-0.75,2025-06-01
2025,3/6,Portugal Women v Belgium Women,,UEFA Nations League A Women,Under 9 Asian Corners,1.0,1.98,1.72,115.12,Bet365,Loss,-1.0,2025-06-03
2025,5/6,Kazakhstan U21 v Andorra U21,,UEFA Euro U21 Championship,Under 8.5 Asian Corners,1.0,2.0,1.72,116.28,Bet365,Win,1.0,2025-06-05
2025,5/6,Kazakhstan U21 v Andorra U21,,UEFA Euro U21 Championship,Under 6.5 Corners,0.25,3.75,,,Bet365,Win,0.69,2025-06-05
2025,5/6,Australia v Japan,,FIFA World Cup Qualifiers Asia,Japan 0.0 AH Corners,1.0,1.85,1.65,112.12,Bet365,Win,0.85,2025-06-05
2025,5/6,Iraq v South Korea,,FIFA World Cup Qualifiers Asia,South Korea -0.5 AH Corners,1.0,1.9,1.6,118.75,Bet365,Win,0.9,2025-06-05
2025,5/6,North Korea v Kyrgzstan,,FIFA World Cup Qualifiers Asia,North Korea -0.5 AH Corners,1.0,1.8,1.5,120.0,Bet365,Win,0.8,2025-06-05
2025,5/6,Treble,Australia v Japan,FIFA World Cup Qualifiers Asia,Japan 0.0 AH Corners,0.25,6.32,3.96,159.6,Bet365,Win,1.33,2025-06-05
2025,5/6,Spain v France,,UEFA Nations League ,Over 4.5 Cards,1.0,2.05,1.88,109.04,Paddy Power,Win,1.05,2025-06-05
2025,6/6,Ecuador v Brazil,,FIFA World Cup Qualifiers South America,Brazil Most Cards,1.0,3.0,,,Paddy Power,Loss,-1.0,2025-06-06
2025,6/6,Chile v Argentina,,FIFA World Cup Qualifiers South America,Over 4.5 Cards,2.0,1.91,1.74,109.77,Paddy Power,Win,1.82,2025-06-06
2025,6/6,Chile v Argentina,,FIFA World Cup Qualifiers South America,Over 5.5 Cards,0.6,3.1,,,Paddy Power,Win,1.26,2025-06-06
2025,6/6,Chile v Argentina,,FIFA World Cup Qualifiers South America,Over 6.5 Cards,0.4,5.0,,,Paddy Power,Loss,-0.4,2025-06-06
2025,6/6,Chile v Argentina,,FIFA World Cup Qualifiers South America,Over 7.5 Cards,0.25,9.5,,,Paddy Power,Loss,-0.25,2025-06-06
2025,6/6,Chile v Argentina,,FIFA World Cup Qualifiers South America,Over 8.5 Cards,0.15,20.0,,,Paddy Power,Loss,-0.15,2025-06-06
2025,6/6,Chile v Argentina,,FIFA World Cup Qualifiers South America,Over 9.5 Cards,0.1,51.0,,,Paddy Power,Loss,-0.1,2025-06-06
2025,6/6,Gibraltar v Croatia,,FIFA World Cup Qualifiers Europe,Under 11.5 Asian Corners,1.0,1.95,1.61,121.12,Bet365,Loss,-1.0,2025-06-06
2025,6/6,Gibraltar v Croatia,,FIFA World Cup Qualifiers Europe,Under 9.5 Corners,0.25,3.4,2.59,131.27,Bet365,Loss,-0.25,2025-06-06
2025,6/6,Wales v Liechtenstein,,FIFA World Cup Qualifiers Europe,Under 3.5 Cards,1.5,2.3,1.79,128.49,Paddy Power,Win,1.95,2025-06-06
2025,6/6,Wales v Liechtenstein,,FIFA World Cup Qualifiers Europe,Under 3.5 Cards,1.5,2.2,1.79,122.91,Paddy Power,Win,1.8,2025-06-06
2025,7/6,Albania v Serbia,,FIFA World Cup Qualifiers Europe,Under 7 Asian Total Cards,1.0,1.95,,,Bet365,Win,0.95,2025-06-07
2025,8/6,Colorado Rapids v Austin FC,,USA MLS,Colorado Rapids +0.5 AH Cards,1.5,1.9,1.66,114.46,Bet365,Win,1.35,2025-06-08
2025,9/6,Liechtenstein v Scotland,,International Friendlies,Liechtenstein +6.5 AH Corners,1.0,1.9,2.06,92.23,Bet365,Loss,-1.0,2025-06-09
2025,9/6,Double,Liechtenstein v Scotland	,International Friendlies,Liechtenstein +6.5 AH Corners,0.25,3.7,3.48,106.32,Bet365,Loss,-0.25,2025-06-09
2025,9/6,Estonia v Norway,,FIFA World Cup Qualifiers Europe,Under 3.5 Cards,3.0,2.3,1.79,128.49,Paddy Power,Win,3.9,2025-06-09
2025,10/6,Greece v Bulgaria,,International Friendlies,Under 9.5 Asian Corners,1.0,1.98,1.69,117.16,Bet365,Win,0.98,2025-06-10
2025,10/6,Serbia v Andorra,,FIFA World Cup Qualifiers Europe,Serbia -6 Corner Handicap,1.5,2.25,2.0,112.5,Paddy Power,Win,1.88,2025-06-10
2025,10/6,Finland v Poland,,FIFA World Cup Qualifiers Europe,Under 4.5 Cards,1.5,1.67,,,Paddy Power,Win,1.01,2025-06-10
2025,11/6,Uruguay v Venezuela,,FIFA World Cup Qualifiers South America,5+ Cards,1.0,2.0,2.0,100.0,Paddy Power,Win,1.0,2025-06-11
2025,11/6,Argentina v Colombia ,,FIFA World Cup Qualifiers South America,5+ Cards,1.0,1.83,,,Paddy Power,Win,0.83,2025-06-11
2025,11/6,Peru v Ecuador,,FIFA World Cup Qualifiers South America,5+ Cards,1.0,1.73,,,Paddy Power,Win,0.73,2025-06-11
2025,12/6,Finland U21 v Netherlands U21,,UEFA Euro U21,Under 4.5 Asian Total Cards,1.0,1.93,1.78,108.43,Bet365,Win,0.93,2025-06-12
2025,12/6,Czech Republic U21 v England U21,,UEFA Euro U21,5+ Cards,1.25,2.1,1.92,109.38,Paddy Power,Loss,-1.25,2025-06-12
2025,12/6,Czech Republic U21 v England U21,,UEFA Euro U21,6+ Cards,0.25,3.3,,,Paddy Power,Loss,-0.25,2025-06-12
2025,12/6,Czech Republic U21 v England U21,,UEFA Euro U21,7+ Cards,0.15,5.5,,,Paddy Power,Loss,-0.15,2025-06-12
2025,12/6,Czech Republic U21 v England U21,,UEFA Euro U21,8+ Cards,0.1,11.0,,,Paddy Power,Loss,-0.1,2025-06-12
2025,15/6,Al Ahly Cairo v Inter Miami,,FIFA Club World Cup,Under 4 Asian Total Cards,1.0,1.83,1.73,105.78,Bet365,Loss,-1.0,2025-06-15
2025,15/6,Chicago Fire v Nashville,,USA MLS,Nashville +1 AH Cards,2.0,1.8,1.57,114.65,Bet365,Win,1.6,2025-06-15
2025,15/6,Philadelphia Union v Charlotte FC,,USA MLS,Under 4.5 Asian Total Cards,1.0,1.95,1.83,106.56,Bet365,Loss,-1.0,2025-06-15
2025,15/6,Columbus Crew v Vancouver Whitecaps,,USA MLS,Vancouver Whitecaps Most Cards,1.25,2.5,2.23,112.11,Paddy Power,Loss,-1.25,2025-06-15
2025,15/6,Sporting KC v FC Dallas,,USA MLS,Over 4.5 Cards,1.25,2.5,2.2,113.64,Paddy Power,Win,1.88,2025-06-15
2025,15/6,Austin FC v New York Red Bulls,,USA MLS,New York Red Bulls Most Cards,1.25,2.8,,,Paddy Power,Win,2.25,2025-06-15
2025,15/6,Treble,Columbus Crew v Vancouver Whitecaps,USA MLS,Vancouver Whitecaps Most Cards,0.25,2.5,,,Paddy Power,Loss,-0.25,2025-06-15
2025,15/6,Bayern Munich v Auckland City,,FIFA Club World Cup,Under 2.5 Cards,1.0,2.38,,,Paddy Power,Win,1.38,2025-06-15
2025,15/6,Czech Republic U21 v Germany U21,,UEFA Euro U21,Germany U21 +1 AH Cards,1.0,1.85,1.68,110.12,Bet365,Win,0.85,2025-06-15
2025,15/6,Czech Republic U21 v Germany U21,,UEFA Euro U21,Over 4 Asian Total Cards,1.5,1.95,1.86,104.84,Bet365,Win,1.43,2025-06-15
2025,16/6,Botafogo v Auckland City,,FIFA Club World Cup,Botafogo Most Cards,1.0,2.63,,,Paddy Power,Loss,-1.0,2025-06-16
2025,17/6,Fluminense v Dortmund,,FIFA Club World Cup,Over 3.5 Cards,1.25,1.7,,,Paddy Power,Win,0.88,2025-06-17
2025,17/6,Fluminense v Dortmund,,FIFA Club World Cup,Over 4.5 Cards,0.5,2.7,2.47,109.31,Paddy Power,Loss,-0.5,2025-06-17
2025,17/6,Fluminense v Dortmund,,FIFA Club World Cup,Over 5.5 Cards,0.25,5.0,,,Paddy Power,Loss,-0.25,2025-06-17
2025,17/6,River Plate v Urawa Reds,,FIFA Club World Cup,Over 4.5 Cards,1.25,2.38,2.0,119.0,Paddy Power,Win,1.73,2025-06-17
2025,17/6,River Plate v Urawa Reds,,FIFA Club World Cup,Over 5.5 Cards,0.5,4.33,,,Paddy Power,Win,1.67,2025-06-17
2025,17/6,River Plate v Urawa Reds,,FIFA Club World Cup,Over 6.5 Cards,0.25,7.0,,,Paddy Power,Loss,-0.25,2025-06-17
2025,17/6,Ulsan Hyundai v Mamelodi Sundowns	,,FIFA Club World Cup,Under 3.5 Cards,1.0,2.38,2.25,105.78,Paddy Power,Win,1.38,2025-06-17
2025,18/6,Man City v Wydad Casablanca,,FIFA Club World Cup,Man City +1.5 AH Cards,1.0,2.0,1.89,105.82,Bet365,Win,1.0,2025-06-18
2025,18/6,Man City v Wydad Casablanca,,FIFA Club World Cup,Man City +0 Card Handicap,0.25,13.0,,,Bet365,Win,3.0,2025-06-18
2025,18/6,Slovenia U21 v Czechia U21,,UEFA Euro U21,Over 3.5 Asian Total Cards,1.0,1.75,1.74,100.57,Bet365,Win,0.75,2025-06-18
2025,18/6,Real Madrid v Al Hilal	,,FIFA Club World Cup,Al Hilal Most Cards,1.0,1.76,,,Unibet,Win,0.76,2025-06-18
2025,19/6,Al Ain SCC v Juventus,,FIFA Club World Cup,Juventus +1 AH Cards,1.0,1.95,1.68,116.07,Bet365,Win,0.95,2025-06-19
2025,19/6,Palmeiras v Al Ahly Cairo,,FIFA Club World Cup,Al Ahly Cairo Most Cards,1.0,2.0,1.92,104.17,Paddy Power,Loss,-1.0,2025-06-19
2025,20/6,PSG v Botafogo,,FIFA Club World Cup,Under 9.5 Asian Corners,1.0,2.0,1.9,105.26,Bet365,Loss,-1.0,2025-06-20
2025,20/6,PSG v Botafogo,,FIFA Club World Cup,Under 7.5 Corners,0.25,3.75,,,Bet365,Loss,-0.25,2025-06-20
2025,20/6,PSG v Botafogo,,FIFA Club World Cup,Under 6.5 Corners,0.1,6.0,,,Bet365,Loss,-0.1,2025-06-20
2025,20/6,LAFC v Sportive De Tunis,,FIFA Club World Cup,Under 4.5 Cards,1.0,1.7,,,Paddy Power,Win,0.7,2025-06-20
2025,21/6,Mamelodi Sundowns v Dortmund,,FIFA Club World Cup,Under 3.5 Cards,1.0,2.3,2.0,115.0,Paddy Power,Loss,-1.0,2025-06-21
2025,21/6,Portugal U21 v Netherlands U21,,UEFA Euro U21,Portugal U21 Most Corners,1.0,2.1,2.1,100.0,Paddy Power,Win,1.1,2025-06-21
2025,21/6,Portugal U21 v Netherlands U21,,UEFA Euro U21,Under 4.5 Asian Total Cards,1.0,1.93,1.79,107.82,Bet365,Loss,-1.0,2025-06-21
2025,21/6,Inter v Urawa Red Diamonds,,FIFA Club World Cup,Urawa Red Diamonds 0.0 AH Cards,1.0,1.85,1.67,110.78,Bet365,Win,0.85,2025-06-21
2025,21/6,Spain U21 v England U21,,UEFA Euro U21,5+ Cards,2.0,2.0,1.83,109.29,Paddy Power,Loss,-2.0,2025-06-21
2025,21/6,Spain U21 v England U21,,UEFA Euro U21,6+ Cards,1.25,3.4,,,Paddy Power,Loss,-1.25,2025-06-21
2025,21/6,Spain U21 v England U21,,UEFA Euro U21,7+ Cards,0.5,6.0,,,Paddy Power,Loss,-0.5,2025-06-21
2025,21/6,Spain U21 v England U21,,UEFA Euro U21,8+ Cards,0.25,11.0,,,Paddy Power,Loss,-0.25,2025-06-21
2025,22/6,River Plate v Monterrey,,FIFA Club World Cup,Under 5 Asian Total Cards,2.0,1.88,,,Bet365,Loss,-2.0,2025-06-22
2025,22/6,Juventus v Wydad Casablanca,,FIFA Club World Cup,Juventus +0.5 AH Cards,1.0,2.0,1.97,101.52,Bet365,Loss,-1.0,2025-06-22
2025,22/6,Real Madrid v Pachuca,,FIFA Club World Cup,Real Madrid +1 AH Cards,1.0,1.8,1.79,100.56,Bet365,Win,0.8,2025-06-22
2025,22/6,Real Madrid v Pachuca,,FIFA Club World Cup,Under 4.5 Cards,1.0,1.67,1.58,105.7,Paddy Power,Win,0.67,2025-06-22
2025,22/6,Germany U21 v Italy U21,,UEFA Euro U21,Italy U21 Most Cards,1.0,1.91,,,Paddy Power,Win,0.91,2025-06-22
2025,22/6,RB Salzburg v Al Hilal	,,FIFA Club World Cup,Al Hilal 0.0 AH Corners,1.0,1.83,1.71,107.02,Bet365,Win,0.83,2025-06-22
2025,23/6,Man City v Al Ain SCC,,FIFA Club World Cup,Under 3.5 Cards,1.5,2.0,1.63,122.7,Paddy Power,Win,1.5,2025-06-23
2025,23/6,Botafogo v Atletico Madrid,,FIFA Club World Cup,Over 4.5 Asian Total Cards,1.0,2.0,1.63,122.7,Bet365,Loss,-1.0,2025-06-23
2025,23/6,Seattle Sounders v PSG,,FIFA Club World Cup,PSG +1 AH Cards,1.5,2.03,1.86,109.14,Bet365,Win,1.55,2025-06-23
2025,24/6,Auckland City v Boca Juniors,,FIFA Club World Cup,Boca Juniors -7.5 AH Corners,1.0,1.83,1.7,107.65,Bet365,Win,0.83,2025-06-24
2025,24/6,Auckland City v Boca Juniors,,FIFA Club World Cup,Corners Bet Builder,0.5,2.75,,,Bet365,Win,0.88,2025-06-24
2025,24/6,Auckland City v Boca Juniors,,FIFA Club World Cup,Corners Bet Builder,0.25,6.5,,,Bet365,Win,1.38,2025-06-24
2025,24/6,Auckland City v Boca Juniors,,FIFA Club World Cup,Corners Bet Builder,0.1,15.0,,,Bet365,Win,1.4,2025-06-24
2025,24/6,Benfica v Bayern Munich	,,FIFA Club World Cup,Under 3.5 Cards,1.25,1.95,1.67,116.77,Paddy Power,Win,1.19,2025-06-24
2025,25/6,Sportive De Tunis v Chelsea,,FIFA Club World Cup,50+ Booking Points,2.5,2.25,1.98,113.64,Sky Bet,Loss,-2.5,2025-06-25
2025,25/6,Sportive De Tunis v Chelsea,,FIFA Club World Cup,Over 5.5 Cards,0.75,3.7,,,Paddy Power,Loss,-0.75,2025-06-25
2025,25/6,Sportive De Tunis v Chelsea,,FIFA Club World Cup,Over 6.5 Cards,0.25,6.5,,,Paddy Power,Loss,-0.25,2025-06-25
2025,25/6,Sportive De Tunis v Chelsea,,FIFA Club World Cup,Over 7.5 Cards,0.1,10.0,,,Paddy Power,Loss,-0.1,2025-06-25
2025,25/6,Qingdao Hainiu v Zhejiang,,China Super League,Under 9.5 Asian Corners,1.0,2.0,1.79,111.73,Bet365,Win,1.0,2025-06-25
2025,25/6,Qingdao Hainiu v Zhejiang,,China Super League,Under 7.5 Corners,0.25,3.75,,,Bet365,Win,0.69,2025-06-25
2025,26/6,New England Revolution v Nashville SC,,USA MLS,New England Revolution +0.5 AH Corners,1.0,1.9,1.81,104.97,Bet365,Loss,-1.0,2025-06-26
2025,26/6,New England Revolution v Nashville SC,,USA MLS,Under 4.5 Asian Total Cards,1.0,1.9,,,Bet365,Loss,-1.0,2025-06-26
2025,26/6,Inter v River Plate,,FIFA Club World Cup,40+ Booking Points,3.0,1.73,,,Sky Bet,Win,2.2,2025-06-26
2025,26/6,Inter v River Plate,,FIFA Club World Cup,50+ Booking Points,1.25,2.38,,,Sky Bet,Win,1.73,2025-06-26
2025,26/6,Inter v River Plate,,FIFA Club World Cup,60+ Booking Points,0.75,3.5,,,Sky Bet,Win,1.88,2025-06-26
2025,26/6,Inter v River Plate,,FIFA Club World Cup,70+ Booking Points,0.5,5.0,,,Sky Bet,Win,2.0,2025-06-26
2025,26/6,Inter v River Plate,,FIFA Club World Cup,80+ Booking Points,0.25,8.0,,,Sky Bet,Win,1.75,2025-06-26
2025,26/6,Inter v River Plate,,FIFA Club World Cup,90+ Booking Points,0.15,12.0,,,Sky Bet,Win,1.65,2025-06-26
2025,26/6,Inter v River Plate,,FIFA Club World Cup,100+ Booking Points,0.1,19.0,,,Sky Bet,Win,1.8,2025-06-26
2025,26/6,Wydad Casablanca v Al Ain,,FIFA Club World Cup,Under 3.5 Asian Total Cards,1.0,2.03,1.85,109.73,Bet365,Loss,-1.0,2025-06-26
2025,27/6,Al Hilal v Pachuca,,FIFA Club World Cup,40+ Booking Points,1.25,2.38,2.15,110.7,Sky Bet,Win,1.73,2025-06-27
2025,27/6,RB Salzburg v Real Madrid,,FIFA Club World Cup,Real Madrid +0.5 AH Cards,1.0,2.05,1.98,103.54,Bet365,Win,1.05,2025-06-27
2025,27/6,RB Salzburg v Real Madrid,,FIFA Club World Cup,Under 4 Asian Total Cards,1.0,1.85,,,Bet365,Win,0.85,2025-06-27
2025,28/6,Benfica v Chelsea,,FIFA Club World Cup,Under 5 Asian Total Cards,1.0,1.78,,,Bet365,Loss,-1.0,2025-06-28
2025,28/6,Benfica v Chelsea,,FIFA Club World Cup,Benfica 0.0 AH Cards,1.0,1.95,,,Bet365,Win,0.95,2025-06-28
2025,28/6,Benfica v Chelsea,,FIFA Club World Cup,Benfica Most Cards & Under 4.5 Cards,0.5,5.0,,,Bet365,Loss,-0.5,2025-06-28
2025,28/6,Palmeiras v Botafogo,,FIFA Club World Cup,Over 5.5 Cards,2.0,2.3,2.17,105.99,Paddy Power,Win,2.6,2025-06-28
2025,29/6,DC Utd v Nashville ,,USA MLS,Nashville +0.5 AH Cards,2.0,1.9,1.68,113.1,Bet365,Loss,-2.0,2025-06-29
2025,29/6,Orlando City v FC Cincinnati,,USA MLS,Over 3.5 Asian Total Cards,1.0,1.75,,,Bet365,Win,0.75,2025-06-29
2025,29/6,Sporting KC v Real Salt Lake,,USA MLS,Under 4.5 Asian Total Cards,1.0,2.05,1.97,104.06,Bet365,Loss,-1.0,2025-06-29
2025,29/6,Flamengo v Bayern Munich	,,FIFA Club World Cup,Flamengo -0.5 AH Cards,1.5,1.9,1.61,118.01,Bet365,Loss,-1.5,2025-06-29
2025,30/6,Inter v Fluminense,,FIFA Club World Cup,Over 4.5 Cards,1.5,1.95,,,Paddy Power,Win,1.43,2025-06-30
2025,30/6,Inter v Fluminense	,,FIFA Club World Cup,Over 5.5 Cards,0.5,3.1,,,Paddy Power,Win,1.05,2025-06-30
2025,2/7,Dortmund v Monterrey,,FIFA Club World Cup,Moneterrey -0.5 AH Cards,1.0,2.0,,,Bet365,Loss,-1.0,2025-07-02
2025,2/7,Iceland Women v Finland Women,,Women's Euro,Under 2.5 Asian Total Cards,1.0,1.85,1.74,106.32,Bet365,Loss,-1.0,2025-07-02
2025,3/7,Belgium Women v Italy Women,,Women's Euro,Under 2.5 Asian Total Cards,1.0,2.0,1.93,103.63,Bet365,Loss,-1.0,2025-07-03
2025,3/7,Belgium Women v Italy Women,,Women's Euro,Belgium Women 0.0 AH Cards,1.0,2.08,1.89,110.05,Bet365,Loss,-1.0,2025-07-03
2025,4/7,Denmark Women v Sweden Women,,Women's Euro,Denmark Women 0.0 AH Cards,1.0,1.8,1.62,111.11,Bet365,Win,0.8,2025-07-04
2025,4/7,Denmark Women v Sweden Women,,Women's Euro,Under 2 Asian Total Cards,1.0,1.93,1.82,106.04,Bet365,Win,0.93,2025-07-04
2025,4/7,Germany Women v Poland Women,,Women's Euro,Poland Women Most Cards,1.0,2.1,2.07,101.45,Paddy Power,Win,1.1,2025-07-04
2025,4/7,Fluminense v Al Hilal	,,FIFA Club World Cup,Fluminense 0.0 AH Cards,1.5,1.88,1.68,111.9,Bet365,Loss,-1.5,2025-07-04
2025,5/7,Colorado Rapids v Sporting KC,,USA MLS,Over 3.5 Cards,1.5,1.73,,,Paddy Power,Win,1.1,2025-07-05
2025,5/7,Colorado Rapids v Sporting KC,,USA MLS,Over 4.5 Cards,0.5,2.8,,,Paddy Power,Loss,-0.5,2025-07-05
2025,5/7,LA Galaxy v Vancouver Whitecaps,,USA MLS,Over 3.5 Cards,1.5,1.67,,,Paddy Power,Win,1.01,2025-07-05
2025,5/7,LA Galaxy v Vancouver Whitecaps,,USA MLS,Over 5.5 Cards,0.5,2.5,,,Paddy Power,Win,0.75,2025-07-05
2025,5/7,LA Galaxy v Vancouver Whitecaps,,USA MLS,Over 6.5 Cards,0.25,4.33,,,Paddy Power,Win,0.83,2025-07-05
2025,5/7,PSG v Bayern Munich,,FIFA Club World Cup,Bayern Munich 0.0 AH Cards,1.0,1.9,1.76,107.95,Bet365,Loss,-1.0,2025-07-05
2025,5/7,Wales Women v Netherlands Women,,Women's Euro,Under 2 Asian Total Cards,1.0,1.95,1.91,102.09,Bet365,Win,0.95,2025-07-05
2025,5/7,Wales Women v Netherlands Women,,Women's Euro,Netherlands Women Most Cards,0.5,4.2,,,Paddy Power,Loss,-0.5,2025-07-05
2025,5/7,France Women v England Women,,Women's Euro,Under 2.5 Cards,1.5,2.07,1.88,110.11,Unibet,Win,1.61,2025-07-05
2025,6/7,San Diego FC v Houston Dynamo,,USA MLS,Under 4.5 Asian Total Cards,1.0,2.0,,,Bet365,Loss,-1.0,2025-07-06
2025,6/7,Norway Women v Finland Women,,Women's Euro,Under 2 Asian Total Cards,1.0,2.0,1.94,103.09,Bet365,Win,1.0,2025-07-06
2025,6/7,France Women v England Women	,,Women's Euro,Under 2.5 Cards,0.5,1.98,1.88,105.32,Bet365,Win,0.49,2025-07-06
2025,7/7,USA v Mexico,,CONCACAF Gold Cup,USA 0.0 AH Cards,2.0,2.05,1.87,109.63,Bet365,Loss,-2.0,2025-07-07
2025,7/7,Spain Women v Belgium Women,,Women's Euro,Spain Women +0.5 AH Cards,1.25,1.95,1.89,103.17,Bet365,Loss,-1.25,2025-07-07
2025,7/7,Double,Spain Women v Belgium Women	,Women's Euro,Spain Women +0.5 AH Cards,0.5,3.7,3.62,102.21,Bet365,Loss,-0.5,2025-07-07
2025,7/7,Portugal Women v Italy Women,,Women's Euro,Under 3 Asian Total Cards,1.25,1.83,1.76,103.98,Bet365,Loss,-1.25,2025-07-07
2025,7/7,Portugal Women v Italy Women	,,Women's Euro,Italy Women 0.0 AH Cards,1.25,1.9,1.92,98.96,Bet365,Loss,-1.25,2025-07-07
2025,8/7,Germany Women v Denmark Women,,Women's Euro,Under 2.5 Asian Total Cards,1.25,1.75,1.65,106.06,Bet365,Win,0.94,2025-07-08
2025,8/7,Germany Women v Denmark Women,,Women's Euro,Germany Women +0.5 AH Cards,1.25,1.9,1.68,113.1,Bet365,Win,1.13,2025-07-08
2025,8/7,Poland Women v Sweden Women,,Women's Euro,Sweden +0.5 AH Cards,1.5,2.03,1.76,115.34,Bet365,Win,1.55,2025-07-08
2025,8/7,Fluminense v Chelsea,,FIFA Club World Cup,Under 5.5 Cards,1.0,1.95,,,Paddy Power,Win,0.95,2025-07-08
2025,9/7,England Women v Netherlands Women ,,Women's Euro,Netherlands Women 0.0 AH Cards,1.5,1.8,1.67,107.78,Bet365,Win,1.2,2025-07-09
2025,10/7,Norway Women v Iceland Women,,Women's Euro,Under 1.5 Cards,1.5,2.1,2.1,100.0,Unibet,Loss,-1.5,2025-07-10
2025,10/7,Finland Women v Switzerland Women,,Women's Euro,Finland Women +1 AH Cards,1.0,1.75,,,Bet365,Win,0.75,2025-07-10
2025,10/7,Finland Women v Switzerland Women,,Women's Euro,Finland Women +0 Card Handicap,0.25,5.0,,,Bet365,Loss,-0.25,2025-07-10
2025,10/7,Finland Women v Switzerland Women,,Women's Euro,Under 3 Asian Total Cards,1.0,1.9,,,Bet365,Win,0.9,2025-07-10
2025,11/7,Italy Women v Spain Women,,Women's Euro,Spain Women +0.5 AH Cards,1.5,2.0,1.9,105.26,Bet365,Win,1.5,2025-07-11
2025,11/7,Portugal Women v Belgium Women,,Women's Euro,Portugal Women +0.5 AH Cards,1.5,1.75,1.66,105.42,Bet365,Win,1.13,2025-07-11
2025,11/7,Double,Italy Women v Spain Women	,Women's Euro,Spain Women +0.5 AH Cards,0.25,3.5,3.15,111.11,Bet365,Win,0.63,2025-07-11
2025,11/7,Italy Women v Spain Women,,Women's Euro,Under 2 Asian Total Cards,1.25,1.98,1.97,100.51,Bet365,Win,1.23,2025-07-11
2025,12/7,Poland Women v Denmark Women,,Women's Euro,Over 1.5 Asian Total Cards,1.0,2.08,1.88,110.64,Bet365,Win,1.08,2025-07-12
2025,12/7,Vasco da Gama v Botafogo,,Brazil Serie A,Under 5.5 Asian Total Cards,1.0,2.03,1.71,118.71,Bet365,Win,1.03,2025-07-12
2025,13/7,Inter Miami v Nashville,,USA MLS,Under 4.5 Asian Total Cards,1.0,1.9,1.81,104.97,Bet365,Win,0.9,2025-07-13
2025,13/7,Chicago Fire v San Diego FC,,USA MLS,Under 5 Asian Total Cards,1.5,1.85,,,Bet365,Win,1.28,2025-07-13
2025,13/7,LAFC v FC Dallas ,,USA MLS,LAFC +1 AH Cards,1.5,1.88,,,Bet365,Loss,-1.5,2025-07-13
2025,13/7,Bahia v Atletico Mineiro,,Brazil Serie A ,Under 5 Asian Total Cards,1.0,2.0,1.9,105.26,Bet365,Win,1.0,2025-07-13
2025,13/7,PSG v Chelsea,,FIFA Club World Cup,Chelsea Most Cards,1.25,2.0,1.74,114.94,Sky Bet,Win,1.25,2025-07-13
2025,13/7,Corinthians v RB Bragantino,,Brazil Serie A ,Under 6 Asian Total Cards,1.0,1.9,,,Bet365,Loss,-1.0,2025-07-13
2025,16/7,Norway Women v Italy Women,,Women's Euro,Italy Women +0.5 AH Cards,1.5,1.7,,,Bet365,Win,1.05,2025-07-16
2025,16/7,Norway Women v Italy Women	,,Women's Euro,Under 2.5 Asian Total Cards,1.0,1.75,,,Bet365,Win,0.75,2025-07-16
2025,17/7,Botafogo v Vitoria,,Brazil Serie A ,Botafogo +1 AH Cards,1.25,2.1,1.87,112.3,Bet365,Loss,-1.25,2025-07-17
2025,19/7,France Women v Germany Women,,Women's Euro,Germany Women 0.0 AH Cards,1.25,1.83,1.7,107.65,Bet365,Win,1.04,2025-07-19
2025,19/7,Fortaleza v Bahia,,Brazil Serie A,Fortaleza Most Cards,1.5,2.2,2.0,110.0,Bet365,Win,1.8,2025-07-19
2025,20/7,Atlanta Utd v Charlotte FC,,USA MLS,Atlanta Utd +0.5 AH Cards,1.0,1.95,1.7,114.71,Bet365,Win,0.95,2025-07-20
2025,20/7,Atlanta Utd v Charlotte FC,,USA MLS,Under 4.5 Asian Total Cards,1.5,2.0,,,Bet365,Win,1.5,2025-07-20
2025,20/7,LAFC v LA Galaxy ,,USA MLS,LAFC +1 AH Cards,1.0,1.83,1.69,108.28,Bet365,Win,0.83,2025-07-20
2025,20/7,LAFC v LA Galaxy ,,USA MLS,Under 5 Asian Total Cards,1.5,1.83,,,Bet365,Loss,-1.5,2025-07-20
2025,20/7,San Diego FC v Vancouver Whitecaps,,USA MLS,San Diego FC +0.5 AH Cards,1.0,1.88,1.78,105.62,Bet365,Loss,-1.0,2025-07-20
2025,20/7,Seattle Sounders v San Jose Earthquakes,,USA MLS,Over 4.5 Cards,1.0,2.3,2.2,104.55,Paddy Power,Loss,-1.0,2025-07-20
2025,20/7,Portland Timbers v Minnesota Utd,,USA MLS,Over 3.5 Cards,1.5,1.83,,,Paddy Power,Win,1.25,2025-07-20
2025,20/7,Portland Timbers v Minnesota Utd,,USA MLS,Over 4.5 Cards,0.25,3.1,,,Paddy Power,Loss,-0.25,2025-07-20
2025,20/7,Cruzeiro v Juventude,,Brazil Serie A,Under 5.5 Cards,1.0,1.8,1.75,102.86,Paddy Power,Win,0.8,2025-07-20
2025,23/7,Silkeborg IF v KA Akureyri,,UEFA Conference League Qualifiers,Silkeborg IF -4.5 AH Corners,1.0,1.95,1.81,107.73,Bet365,Loss,-1.0,2025-07-23
2025,24/7,Santos v Internacional,,Brazil Serie A ,Under 5.5 Asian Total Cards,1.0,1.95,1.75,111.43,Bet365,Win,0.95,2025-07-24
2025,24/7,Bragantino v Flamengo,,Brazil Serie A ,Bragantino Most Cards,1.0,2.1,1.99,105.53,Paddy Power,Loss,-1.0,2025-07-24
2025,26/7,LAFC v Portland Timbers,,USA MLS,LAFC +0.5 AH Cards,1.25,2.08,1.94,107.22,Bet365,Win,1.35,2025-07-26
2025,26/7,Mirassol v Vitoria ,,Brazil Serie A ,Over 5.5 Cards,1.25,2.5,1.94,128.87,Paddy Power,Loss,-1.25,2025-07-26
2025,26/7,Fortaleza v Bragantino,,Brazil Serie A ,Over 5.5 Cards,1.5,2.5,2.17,115.21,Paddy Power,Win,2.25,2025-07-26
2025,26/7,Sport Recife v Santos,,Brazil Serie A ,Over 5.5 Cards,1.0,2.3,2.26,101.77,Paddy Power,Loss,-1.0,2025-07-26
2025,27/7,Palmeiras v Gremio,,Brazil Serie A ,Over 4.5 Cards,2.0,1.8,,,Paddy Power,Loss,-2.0,2025-07-27
2025,27/7,DC Utd v Austin FC ,,USA MLS,Austin FC +1 Corner Handicap,1.0,2.1,1.97,106.6,Paddy Power,Win,1.1,2025-07-27
2025,27/7,Chicago Fire v New York Red Bulls,,USA MLS,Chicago Fire -1 Corner Handicap,1.0,2.2,2.07,106.28,Paddy Power,Win,1.2,2025-07-27
2025,27/7,Double,DC Utd v Austin FC 	,USA MLS,Austin FC +1 Corner Handicap,0.25,4.62,4.06,113.79,Paddy Power,Win,0.91,2025-07-27
2025,27/7,England Women v Spain Women,,Women's Euro,Spain Women +0.5 AH Cards,1.0,1.8,,,Bet365,Loss,-1.0,2025-07-27
2025,2/8,Stenhousemuir v Alloa,,Scotland League 1,Alloa 0.0 AH Corners,1.0,1.78,1.63,109.2,Bet365,Win,0.78,2025-08-02
2025,2/8,Sport Recife v Bahia,,Brazil Serie A,Under 4.5 Cards,1.0,2.5,,,Paddy Power,Win,1.5,2025-08-02
2025,3/8,Ceara v Flamengo,,Brazil Serie A,Over 4.5 Cards,2.0,2.15,,,Paddy Power,Win,2.3,2025-08-03
2025,3/8,Ceara v Flamengo,,Brazil Serie A,Over 5.5 Cards,0.5,3.5,,,Paddy Power,Loss,-0.5,2025-08-03
2025,3/8,Ceara v Flamengo,,Brazil Serie A,Over 6.5 Cards,0.25,6.0,,,Paddy Power,Loss,-0.25,2025-08-03
2025,3/8,Vitoria v Palmeiras,,Brazil Serie A,Over 4.5 Cards,2.0,2.15,,,Paddy Power,Win,2.3,2025-08-03
2025,3/8,Vitoria v Palmeiras,,Brazil Serie A,Over 5.5 Cards,0.5,3.5,,,Paddy Power,Loss,-0.5,2025-08-03
2025,3/8,Vitoria v Palmeiras,,Brazil Serie A,Over 6.5 Cards,0.25,6.0,,,Paddy Power,Loss,-0.25,2025-08-03
2025,4/8,Botev Plovdiv v Arda Kardzhali,,Bulgaria First League,Under 9 Asian Corners,1.0,1.78,1.67,106.59,Bet365,Win,0.78,2025-08-04
2025,5/8,Rangers v Viktoria Plzen,,UEFA Champions League Qualifiers,Over 10 Asian Corners,1.0,1.98,1.83,108.2,Bet365,Loss,-1.0,2025-08-05
2025,5/8,Accrington Stanley v Oldham,,England EFL Cup,Oldham Most Corners,1.0,2.38,2.04,116.67,Paddy Power,Win,1.38,2025-08-05
2025,6/8,Toluca v New York City,,North America Leagues Cup,Over 9.5 Asian Corners,1.0,1.95,1.85,105.41,Bet365,Loss,-1.0,2025-08-06
2025,9/8,Charlton v Watford,,England Championship,Over 4 Asian Total Cards,1.0,2.05,,,Bet365,Loss,-1.0,2025-08-09
2025,9/8,Coventry v Hull,,England Championship,Coventry +0.5 AH Cards,1.0,2.05,1.91,107.33,Bet365,Win,1.05,2025-08-09
2025,9/8,Exeter v Blackpool,,England League 1,Under 9.5 Asian Corners,1.0,2.0,1.82,109.89,Bet365,Loss,-1.0,2025-08-09
2025,9/8,QPR v Preston ,,England Championship,QPR +0.5 AH Cards,1.0,1.98,1.87,105.88,Bet365,Loss,-1.0,2025-08-09
2025,9/8,Sheff Utd v Bristol City,,England Championship,Under 4 Asian Total Cards,1.0,1.88,1.71,109.94,Bet365,Win,0.88,2025-08-09
2025,9/8,Sao Paulo v Vitoria,,Brazil Serie A,Under 5.5 Cards,1.5,2.0,1.89,105.82,Paddy Power,Loss,-1.5,2025-08-09
2025,9/8,Sao Paulo v Vitoria,,Brazil Serie A,Vitoria Most Cards,2.0,2.0,1.76,113.64,Paddy Power,Loss,-2.0,2025-08-09
2025,10/8,Austin FC v Houston Dynamo,,USA MLS,Under 5 Asian Total Cards,1.5,1.9,,,Bet365,Win,1.35,2025-08-10
2025,10/8,Chicago Fire v LAFC,,USA MLS,Chicago Fire 0.0 AH Cards,1.0,1.95,1.89,103.17,Bet365,Win,0.95,2025-08-10
2025,10/8,San Jose Earthquakes v Vancouver Whitecaps,,USA MLS,San Jose Earthquakes 0.0 AH Cards,2.0,2.1,1.9,110.53,Bet365,Win,2.2,2025-08-10
2025,10/8,New England Revolution v DC Utd,,USA MLS,Under 4.5 Cards,1.0,1.7,,,Paddy Power,Win,0.7,2025-08-10
2025,10/8,New York Red Bulls v Real Salt Lake,,USA MLS,Under 4.5 Asian Total Cards,1.0,2.05,1.74,117.82,Bet365,Loss,-1.0,2025-08-10
2025,12/8,Senegal A v Congo A,,CAF African Nations Championship,Under 9 Asian Corners,1.0,1.83,1.68,108.93,Bet365,Loss,-1.0,2025-08-12
2025,12/8,FC Copenhagen v Malmo FF,,UEFA Champions League Qualifiers,FC Copenhagen -2 Corner Handicap,1.0,1.85,1.67,110.78,Bet365,Loss,-1.0,2025-08-12
2025,14/8,Sabah v Levski Sofia,,UEFA Conference League Qualifiers,Sabah +0.5 AH Corners,1.0,1.8,1.72,104.65,Bet365,Win,0.8,2025-08-14
2025,14/8,Ararat Armenia v Sparta Prague,,UEFA Conference League Qualifiers,Under 9.5 Asian Corners,1.0,1.95,1.74,112.07,Bet365,Win,0.95,2025-08-14
2025,15/8,Feirense v Portimonense,,Portugal Primeira Liga,Under 10 Asian Corners,1.0,1.83,1.67,109.58,Bet365,Win,0.83,2025-08-15
2025,15/8,Villarreal v Real Oviedo,,Spain La Liga,Under 4.5 Cards,1.0,1.95,,,Paddy Power,Win,0.95,2025-08-15
2025,16/8,Wrexham v West Brom,,England Championship,West Brom Most Corners,1.0,2.0,2.07,96.62,Paddy Power,Loss,-1.0,2025-08-16
2025,16/8,Millwall v Middlesbrough,,England Championship,Under 3.5 Cards,1.0,2.0,1.96,102.04,Paddy Power,Loss,-1.0,2025-08-16
2025,16/8,Preston v Leicester,,England Championship,Leicester +0.5 AH Cards,1.0,2.0,1.83,109.29,Bet365,Loss,-1.0,2025-08-16
2025,16/8,Watford v QPR,,England Championship,Under 4 Asian Total Cards,1.0,1.85,1.83,101.09,Bet365,Loss,-1.0,2025-08-16
2025,16/8,Brighton v Fulham,,Premier League,Under 4.5 Asian Total Cards,1.0,1.83,,,Bet365,Loss,-1.0,2025-08-16
2025,16/8,Sunderland v West Ham,,Premier League,Sunderland +1 Corner Handicap,1.0,1.91,1.78,107.3,Paddy Power,Loss,-1.0,2025-08-16
2025,16/8,Lens v Lyon,,France Ligue 1,Lens 0.0 AH Cards,1.5,2.03,1.96,103.57,Bet365,Loss,-1.5,2025-08-16
2025,16/8,Wolves v Man City,,Premier League,Under 4 Asian Total Cards,1.0,1.95,,,Bet365,Win,0.95,2025-08-16
2025,16/8,Mallorca v Barcelona,,Spain La Liga,Under 4 Asian Total Cards,1.0,2.0,,,Bet365,Loss,-1.0,2025-08-16
2025,16/8,Monaco v Le Havre,,France Ligue 1,Under 4 Asian Total Cards,1.5,2.03,,,Bet365,Win,1.55,2025-08-16
2025,16/8,Monaco v Le Havre,,France Ligue 1,Monaco +0.5 AH Cards,1.0,1.93,1.89,102.12,Bet365,Loss,-1.0,2025-08-16
2025,17/8,Corinthians v Bahia,,Brazil Serie A,Under 5.5 Asian Total Cards,1.0,2.0,1.92,104.17,Bet365,Win,1.0,2025-08-17
2025,17/8,Charlotte FC v Real Salt Lake,,USA MLS,Charlotte +1 AH Cards,1.0,1.78,,,Bet365,Loss,-1.0,2025-08-17
2025,17/8,New York Red Bulls v Philadelphia Union,,USA MLS,Under 5 Asian Total Cards,1.5,2.05,,,Bet365,Win,1.58,2025-08-17
2025,17/8,Chicago Fire v St Louis City,,USA MLS,Under 3.5 Cards,1.0,2.3,,,Paddy Power,Loss,-1.0,2025-08-17
2025,17/8,Chicago Fire v St Louis City,,USA MLS,St Louis City 0.0 AH Cards,1.0,2.05,1.89,108.47,Bet365,Win,1.05,2025-08-17
2025,17/8,Portland Timbers v FC Cincinnati,,USA MLS,Over 4 Asian Total Cards,1.0,1.98,2.1,94.29,Bet365,Loss,-1.0,2025-08-17
2025,17/8,Minnesota Utd v Seattle Sounders,,USA MLS,Over 3.5 Asian Total Cards,1.0,1.85,,,Bet365,Loss,-1.0,2025-08-17
2025,17/8,FC Viktoria Koln v Paderborn,,Germany Cup,Under 9.5 Asian Corners,1.0,1.88,1.78,105.62,Bet365,Win,0.88,2025-08-17
2025,17/8,Chelsea v Crystal Palace,,Premier League,Under 4.5 Asian Total Cards,1.0,2.0,,,Bet365,Loss,-1.0,2025-08-17
2025,17/8,Nottm Forest v Brentford,,Premier League,Under 4.5 Asian Total Cards,1.0,2.03,,,Bet365,Win,1.03,2025-08-17
2025,17/8,Kilmarnock v Dundee Utd,,Scotland League Cup,Dundee Utd +2.5 AH Corners,1.5,2.0,1.84,108.7,Bet365,Loss,-1.5,2025-08-17
2025,17/8,Auxerre v Lorient,,France Ligue 1,Lorient 0.0 AH Cards,1.0,1.9,1.79,106.15,Bet365,Loss,-1.0,2025-08-17
2025,17/8,Angers v Paris FC,,France Ligue 1,Paris FC 0.0 AH Cards,2.0,1.8,1.61,111.8,Bet365,Loss,-2.0,2025-08-17
2025,17/8,Man Utd v Arsenal,,Premier League,Man Utd Most Cards,1.0,2.3,,,Paddy Power,Loss,-1.0,2025-08-17
2025,17/8,Nantes v PSG,,France Ligue 1,Under 3.5 Asian Total Cards,1.0,1.9,,,Bet365,Win,0.9,2025-08-17
2025,18/8,Leeds v Everton,,Premier League,Leeds Most Corners,2.0,1.8,1.61,111.8,Sky Bet,Win,1.6,2025-08-18
2025,18/8,Elche v Betis,,Spain La Liga,Under 9.5 Asian Corners,1.0,1.85,1.79,103.35,Bet365,Win,0.85,2025-08-18
2025,18/8,Dynamo Dresden v Mainz,,Germany Cup,Mainz -0.5 AH Corners,1.0,1.95,1.73,112.72,Bet365,Win,0.95,2025-08-18
2025,19/8,Polonia Warsaw v Wieczysta Krakow,,Poland 1st Liga,Over 11 Asian Corners,1.0,1.85,1.72,107.56,Bet365,Win,0.85,2025-08-19
2025,19/8,Sudan A v Senegal A,,CAF African Nations Championship,Over 8 Asian Corners,1.0,2.0,1.8,111.11,Bet365,Loss,-1.0,2025-08-19
2025,19/8,Northampton v Lincoln City,,England League 1,Northampton +1 AH Corners,1.0,1.8,1.7,105.88,Bet365,Win,0.8,2025-08-19
2025,19/8,Real Madrid v Osasuna,,Spain La Liga,Osasuna -0.5 AH Cards,1.0,1.85,1.77,104.52,Bet365,Win,0.85,2025-08-19
2025,20/8,Bodo Glimt v Sturm Graz,,UEFA Champions League Qualifiers,Sturm Graz Most Cards,1.0,1.91,1.82,104.95,Paddy Power,Win,0.91,2025-08-20
2025,20/8,Fenerbahce v Benfica,,UEFA Champions League Qualifiers,Benfica Most Cards,1.0,2.88,,,Paddy Power,Win,1.88,2025-08-20
2025,20/8,Double,Bodo Glimt v Sturm Graz	,UEFA Champions League Qualifiers,Sturm Graz Most Cards,0.25,5.49,,,Paddy Power,Win,1.12,2025-08-20
2025,20/8,Bodo Glimt v Sturm Graz,,UEFA Champions League Qualifiers,Bodo Glimt -2.5 AH Corners,1.0,1.95,1.85,105.41,Bet365,Win,0.95,2025-08-20
2025,21/8,Gyor Eto FC v Rapid Vienna,,UEFA Conference League Qualifiers,Gyor Eto FC +0.5 AH Corners,1.0,1.9,1.75,108.57,Bet365,Loss,-1.0,2025-08-21
2025,21/8,Breidablik v Virtus Acquaviva,,UEFA Conference League Qualifiers,Breidablik -5.5 AH Corners,1.0,2.0,1.97,101.52,Bet365,Win,1.0,2025-08-21
2025,21/8,Crystal Palace v Fredrikstad ,,UEFA Conference League Qualifiers,Crystal Palace 7+ Corners,1.0,1.91,,,Paddy Power,Win,0.91,2025-08-21
2025,21/8,Crystal Palace v Fredrikstad ,,UEFA Conference League Qualifiers,Crystal Palace 8+ Corners,0.25,2.7,,,Paddy Power,Loss,-0.25,2025-08-21
2025,21/8,Crystal Palace v Fredrikstad ,,UEFA Conference League Qualifiers,Crystal Palace 9+ Corners,0.1,3.75,,,Paddy Power,Loss,-0.1,2025-08-21
2025,22/8,Bayern Munich v RB Leipzig,,Germany Bundesliga,Bayern Munich +1 AH Cards,1.0,1.88,1.56,120.51,Bet365,Win,0.88,2025-08-22
2025,22/8,West Ham v Chelsea,,Premier League,Under 5 Asian Total Cards,1.5,1.78,,,Bet365,Win,1.17,2025-08-22
2025,23/8,Man City v Tottenham,,Premier League,Under 4 Asian Total Cards,1.5,2.05,,,Bet365,Loss,-1.5,2025-08-23
2025,23/8,Charlton v Leicester,,England Championship,Leicester 0.0 AH Cards,1.0,1.95,1.87,104.28,Bet365,Loss,-1.0,2025-08-23
2025,23/8,Swansea v Watford ,,England Championship,Under 4 Asian Total Cards,1.0,2.0,1.94,103.09,Bet365,Loss,-1.0,2025-08-23
2025,23/8,Hull v Blackburn,,England Championship,Over 3.5 Cards,1.0,1.95,,,Paddy Power,Win,0.95,2025-08-23
2025,23/8,Frankfurt v Werder Bremen,,Germany Bundesliga,4+ Cards,1.5,1.91,,,Paddy Power,Win,1.37,2025-08-23
2025,23/8,Heidenheim v Wolfsburg,,Germany Bundesliga,Wolfsburg 0.0 AH Cards,1.0,1.93,1.65,116.97,Bet365,Win,0.93,2025-08-23
2025,23/8,West Brom v Portsmouth,,England Championship,Under 4 Asian Total Cards,1.0,2.0,1.94,103.09,Bet365,Loss,-1.0,2025-08-23
2025,23/8,Brentford v Aston Villa,,Premier League,Aston Villa Most Cards,1.0,2.3,,,Paddy Power,Win,1.3,2025-08-23
2025,23/8,Southampton v Stoke,,England Championship,Over 3.5 Cards,1.0,1.95,,,Paddy Power,Win,0.95,2025-08-23
2025,23/8,Mallorca v Celta Vigo,,Spain La Liga,Over 4.5 Cards,1.5,2.2,2.04,107.84,Paddy Power,Win,1.8,2025-08-23
2025,23/8,Arsenal v Leeds,,Premier League,Under 3.5 Cards,1.0,2.05,1.85,110.81,Paddy Power,Win,1.05,2025-08-23
2025,23/8,Arsenal v Leeds,,Premier League,Under 10.5 Corners,1.0,1.85,1.66,111.45,Paddy Power,Win,0.85,2025-08-23
2025,23/8,Lyon v Metz,,France Ligue 1,4+ Cards,1.5,1.91,,,Paddy Power,Loss,-1.5,2025-08-23
2025,23/8,Lyon v Metz,,France Ligue 1,Over 9.5 Asian Corners,1.0,1.95,1.87,104.28,Bet365,Loss,-1.0,2025-08-23
2025,23/8,Levante v Barcelona,,Spain La Liga,Barcelona +1 AH Cards,1.0,1.85,1.68,110.12,Bet365,Loss,-1.0,2025-08-23
2025,23/8,Levante v Barcelona,,Spain La Liga,Over 3.5 Cards,1.5,1.95,,,Paddy Power,Win,1.43,2025-08-23
2025,24/8,Vancouver Whitecaps v St Louis City,,USA MLS,St Louis City -0.5 AH Cards,1.0,2.0,1.84,108.7,Bet365,Loss,-1.0,2025-08-24
2025,24/8,FC Dallas v LAFC,,USA MLS,FC Dallas Most Cards,1.0,2.3,2.13,107.98,Paddy Power,Loss,-1.0,2025-08-24
2025,24/8,San Diego FC v Portland Timbers,,USA MLS,Under 4.5 Cards,1.0,2.05,,,Paddy Power,Win,1.05,2025-08-24
2025,24/8,FC Cincinnati v New York City FC,,USA MLS,New York City FC 0.0 AH Cards,1.0,1.9,1.81,104.97,Bet365,Win,0.9,2025-08-24
2025,24/8,Lorient v Rennes,,France Ligue 1,5+ Cards,1.5,2.5,2.38,105.04,Paddy Power,Win,2.25,2025-08-24
2025,24/8,Mainz v Koln,,Germany Bundesliga,4+ Cards,1.0,1.67,,,Paddy Power,Loss,-1.0,2025-08-24
2025,24/8,Osasuna v Valencia,,Spain La Liga,Over 4.5 Cards,1.5,2.5,1.96,127.55,Paddy Power,Loss,-1.5,2025-08-24
2025,24/8,Strasbourg v Nantes,,France Ligue 1,4+ Cards,1.0,1.91,,,Paddy Power,Win,0.91,2025-08-24
2025,24/8,Le Havre v Lens,,France Ligue 1,Under 4.5 Asian Total Cards,1.5,2.05,,,Bet365,Win,1.58,2025-08-24
2025,24/8,Cagliari v Fiorentina,,Italy Serie A,Fiorentina Most Cards,1.0,2.4,,,Paddy Power,Loss,-1.0,2025-08-24
2025,24/8,Lille v Monaco,,France Ligue 1,Under 4.5 Asian Total Cards,1.5,1.95,,,Bet365,Win,1.43,2025-08-24
2025,24/8,Real Oviedo v Real Madrid,,Spain La Liga,Real Madrid +0.5 AH Cards,1.0,2.08,1.84,113.04,Bet365,Loss,-1.0,2025-08-24
2025,24/8,Real Oviedo v Real Madrid,,Spain La Liga,Real Madrid 0 Card Handicap,0.25,4.0,,,Bet365,Loss,-0.25,2025-08-24
2025,25/8,Udinese v Verona,,Italy Serie A,Under 4.5 Cards,1.0,1.95,,,Paddy Power,Loss,-1.0,2025-08-25
2025,25/8,Newcastle v Liverpool,,Premier League,LIverpool 0.0 AH Cards,1.0,1.95,1.8,108.33,Bet365,Loss,-1.0,2025-08-25
2025,25/8,Inter v Torino,,Italy Serie A,Under 3.5 Asian Total Cards,1.0,2.05,1.8,113.89,Bet365,Win,1.05,2025-08-25
2025,26/8,Kairat Almaty v Celtic,,UEFA Champions League Qualifiers,Celtic -3 AH Corners,1.0,2.0,1.75,114.29,Bet365,Loss,-1.0,2025-08-26
2025,26/8,Reading v AFC Wimbledon,,EFL Cup,Reading Most Corners,1.0,2.0,1.84,108.7,Paddy Power,Loss,-1.0,2025-08-26
2025,26/8,Sheff Wed v Leeds,,EFL Cup,Under 3.5 Cards,1.0,2.2,,,Sky Bet,Win,1.2,2025-08-26
2025,26/8,Pafos FC v Crvena Zvezda ,,UEFA Champions League Qualifiers,Over 10 Asian Corners,1.0,1.85,1.75,105.71,Bet365,Loss,-1.0,2025-08-26
2025,26/8,Eintracht Braunschweig v Stuttgart,,Germany Cup,Stuttgart -3 AH Corners,1.0,1.98,1.87,105.88,Bet365,Loss,-1.0,2025-08-26
2025,27/8,Sangamihara v Vissel Kobe,,Japan FA Cup,Under 10 Asian Corners,1.0,1.95,1.85,105.41,Bet365,Loss,-1.0,2025-08-27
2025,28/8,Fredrikstad v Crystal Palace,,UEFA Conference League Qualifiers,Under 9.5 Asian Corners,1.0,1.95,1.85,105.41,Bet365,Win,0.95,2025-08-28
2025,28/8,Rapid Vienna v Gyor Eto FC,,UEFA Conference League Qualifiers,Over 10.5 Asian Corners,1.0,1.88,1.73,108.67,Bet365,Win,0.88,2025-08-28
2025,28/8,Mainz v Rosenborg,,UEFA Conference League Qualifiers,Mainz -3 AH Corners,1.0,1.85,,,Bet365,Win,0.85,2025-08-28
2025,28/8,Double,Fredrikstad v Crystal Palace	,UEFA Conference League Qualifiers,Under 9.5 Asian Corners,0.25,3.6,,,Bet365,Win,0.65,2025-08-28
2025,28/8,Dynamo Kyiv v Maccabi Tel Aviv,,UEFA Europa League Qualifiers,Maccabi Tel Aviv +3.5 AH Corners,2.0,1.8,1.67,107.78,Bet365,Win,1.6,2025-08-28
2025,29/8,Hamburg v St Pauli,,Germany Bundesliga,5+ Cards,2.0,1.83,,,Paddy Power,Win,1.66,2025-08-29
2025,29/8,Hamburg v St Pauli,,Germany Bundesliga,6+ Cards,0.5,2.75,2.08,132.21,Paddy Power,Win,0.88,2025-08-29
2025,29/8,Hamburg v St Pauli,,Germany Bundesliga,7+ Cards,0.25,4.5,,,Paddy Power,Loss,-0.25,2025-08-29
2025,30/8,QPR v Charlton,,England Championship,Over 3.5 Cards,1.0,2.2,1.93,113.99,Sky Bet,Win,1.2,2025-08-30
2025,30/8,Hoffenheim v Frankfurt,,Germany Bundesliga,4+ Cards,1.5,2.2,1.91,115.18,Sky Bet,Win,1.8,2025-08-30
2025,30/8,Stuttgart v Monchengladbach,,Germany Bundesliga,4+ Cards,1.0,1.91,1.76,108.52,Sky Bet,Loss,-1.0,2025-08-30
2025,30/8,Motherwell v Kilmarnock,,Scotland Premiership,Motherwell 0.0 AH Corners,1.0,1.83,1.71,107.02,Bet365,Win,0.83,2025-08-30
2025,30/8,Man Utd v Burnley,,Premier League,Over 3.5 Cards,1.5,2.1,1.93,108.81,Sky Bet,Win,1.65,2025-08-30
2025,30/8,Portsmouth v Preston,,England Championship,Over 3.5 Cards,3.0,2.25,,,Sky Bet,Loss,-3.0,2025-08-30
2025,30/8,Portsmouth v Preston,,England Championship,Over 4.5 Cards,0.5,3.9,2.34,166.67,Paddy Power,Loss,-0.5,2025-08-30
2025,30/8,Portsmouth v Preston,,England Championship,Over 5.5 Cards,0.25,8.0,,,Sky Bet,Loss,-0.25,2025-08-30
2025,30/8,Ipswich v Derby ,,England Championship,Over 3.5 Cards,1.0,1.91,,,Sky Bet,Win,0.91,2025-08-30
2025,30/8,Watford v Southampton,,England Championship,Over 4.5 Cards,1.0,2.38,2.23,106.73,Sky Bet,Win,1.38,2025-08-30
2025,30/8,Augsburg v Bayern Munich,,Germany Bundesliga,4+ Cards,1.0,2.2,2.03,108.37,Paddy Power,Win,1.2,2025-08-30
2025,30/8,Real Oviedo v Real Sociedad,,Spain La Liga,Real Sociedad Most Cards,1.0,3.3,,,Paddy Power,Loss,-1.0,2025-08-30
2025,30/8,Real Madrid v Mallorca,,Spain La Liga,Mallorca -1 AH Cards,1.0,1.98,1.87,105.88,Bet365,Loss,-1.0,2025-08-30
2025,31/8,Minnesota Utd v Portland Timbers,,USA MLS,Minnesota Utd Most Cards,1.0,3.25,,,Sky Bet,Win,2.25,2025-08-31
2025,31/8,Austin FC v San Jose Earthquakes,,USA MLS,Under 5 Asian Total Cards,1.0,1.85,,,Bet365,Win,0.85,2025-08-31
2025,31/8,Sporting KC v Colorado Rapids,,USA MLS,Under 4.5 Asian Total Cards,1.0,1.8,,,Bet365,Win,0.8,2025-08-31
2025,31/8,Nottm Forest v West Ham,,Premier League,West Ham Most Cards,1.0,1.8,1.67,107.78,Sky Bet,Loss,-1.0,2025-08-31
2025,31/8,Wolfsburg v Mainz,,Germany Bundesliga ,5+ Cards,1.0,2.3,,,Paddy Power,Win,1.3,2025-08-31
2025,31/8,Celta Vigo v Villarreal,,Spain La Liga,Under 4.5 Cards,1.0,2.1,1.86,112.9,Sky Bet,Win,1.1,2025-08-31
2025,31/8,Le Havre v Nice,,France Ligue 1 ,4+ Cards,1.5,2.0,1.77,112.99,Paddy Power,Win,1.5,2025-08-31
2025,31/8,Le Havre v Nice,,France Ligue 1 ,Nice +0.5 AH Cards,1.0,1.75,1.65,106.06,Bet365,Win,0.75,2025-08-31
2025,31/8,Monaco v Strasbourg,,France Ligue 1 ,Monaco +0.5 AH Cards,1.0,1.98,1.8,110.0,Bet365,Loss,-1.0,2025-08-31
2025,31/8,Dortmund v Union Berlin ,,Germany Bundesliga ,4+ Cards,1.5,2.1,1.91,109.95,Sky Bet,Loss,-1.5,2025-08-31
2025,31/8,Genoa v Juventus,,Italy Serie A,Under 4 Asian Total Cards,1.0,1.8,,,Bet365,Win,0.8,2025-08-31
2025,31/8,Genoa v Juventus,,Italy Serie A,Juventus 0.0 AH Cards,1.0,1.98,1.81,109.39,Bet365,Win,0.98,2025-08-31
2025,31/8,Koln v Freiburg,,Germany Bundesliga ,4+ Cards,1.0,1.91,1.75,109.14,Paddy Power,Loss,-1.0,2025-08-31
2025,31/8,Koln v Freiburg,,Germany Bundesliga ,Freiburg 0.0 AH Cards,1.0,2.0,1.85,108.11,Bet365,Loss,-1.0,2025-08-31
2025,31/8,Aston Villa v Crystal Palace,,Premier League,Crystal Palace -0.5 AH Cards,1.0,1.95,1.86,104.84,Bet365,Win,0.95,2025-08-31
2025,31/8,Corinthians v Palmeiras,,Brazil Serie A,Over 5.5 Cards,2.0,1.8,,,Sky Bet,Loss,-2.0,2025-08-31
2025,31/8,Corinthians v Palmeiras,,Brazil Serie A,Over 6.5 Cards,0.5,2.5,,,Sky Bet,Loss,-0.5,2025-08-31
2025,31/8,Corinthians v Palmeiras,,Brazil Serie A,Red Card in Match,0.5,3.25,,,Sky Bet,Loss,-0.5,2025-08-31
2025,31/8,Corinthians v Palmeiras,,Brazil Serie A,Both Teams to Receive a Red Card,0.25,31.0,,,Betfair,Loss,-0.25,2025-08-31
2025,2/9,Fleetwood Town v Accrington Stanley,,EFL Trophy,Accrington Stanley +1 AH Corners,1.0,2.0,1.88,106.38,Bet365,Win,1.0,2025-09-02
2025,2/9,Peterborough v Leyton Orient,,EFL Trophy,Peterborough 0.0 AH Corners,1.0,1.98,1.78,111.24,Bet365,Win,0.98,2025-09-02
2025,4/9,Thailand v Fiji,,International Kings Cup,Over 8 Asian Corners,1.0,2.0,1.81,110.5,Bet365,Win,1.0,2025-09-04
2025,4/9,Finland U21 v San Marino U21,,Euro U21 Qualifiers ,Over 11.5 Asian Corners,1.0,1.85,,,Bet365,Win,0.85,2025-09-04
2025,4/9,Kazakhstan v Wales,,FIFA World Cup Qualifiers Europe,Wales +1 AH Cards,1.0,1.75,1.68,104.17,Bet365,Win,0.75,2025-09-04
2025,4/9,Georgia v Turkey,,FIFA World Cup Qualifiers Europe,Under 5 Asian Total Cards,1.0,1.98,1.9,104.21,Bet365,Loss,-1.0,2025-09-04
2025,4/9,Georgia v Turkey,,FIFA World Cup Qualifiers Europe,Turkey Most Cards,1.0,3.0,,,Paddy Power,Loss,-1.0,2025-09-04
2025,4/9,Netherlands v Poland,,FIFA World Cup Qualifiers Europe,Under 9.5 Asian Corners,1.0,2.0,2.03,98.52,Bet365,Loss,-1.0,2025-09-04
2025,4/9,Luxembourg v Northern Ireland,,FIFA World Cup Qualifiers Europe,Over 4.5 Cards,1.5,2.38,1.83,130.05,Paddy Power,Win,2.07,2025-09-04
2025,4/9,Luxembourg v Northern Ireland	,,FIFA World Cup Qualifiers Europe,Over 5.5 Cards,0.25,4.33,,,Paddy Power,Loss,-0.25,2025-09-04
2025,5/9,Uruguay v Peru,,FIFA World Cup Qualifiers South America,Under 4.5 Asian Total Cards,1.0,1.85,1.71,108.19,Bet365,Loss,-1.0,2025-09-05
2025,5/9,Australia v New Zealand,,International Friendlies,Under 8.5 Asian Corners,1.0,1.8,1.77,101.69,Bet365,Win,0.8,2025-09-05
2025,5/9,Namibia v Malawi,,FIFA World Cup Qualifiers Africa,Under 8.5 Asian Corners,1.0,1.83,1.63,112.27,Bet365,Loss,-1.0,2025-09-05
2025,5/9,Lithuania U21 v Ukraine U21,,Euro U21 Qualifiers ,Under 10 Asian Corners,1.0,1.95,1.6,121.88,Bet365,Loss,-1.0,2025-09-05
2025,5/9,Slovenia v Sweden,,FIFA World Cup Qualifiers Europe,Sweden -1 AH Corners,1.0,1.98,1.67,118.56,Bet365,Win,0.98,2025-09-05
2025,6/9,Altrincham v Sutton Utd,,England National League,Over 9 Asian Corners,1.0,1.85,1.72,107.56,Bet365,Win,0.85,2025-09-06
2025,6/9,Cheltenham v Accrington Stanley,,England League 2,Accrington Stanley Most Corners,1.0,2.4,2.23,107.62,Paddy Power,Loss,-1.0,2025-09-06
2025,6/9,Huddersfield v Peterborough,,England League 1,Peterborough +2.5 AH Corners,1.0,2.0,1.86,107.53,Bet365,Win,1.0,2025-09-06
2025,6/9,Notts County v Fleetwood Town,,England League 2,Notts County -1.5 AH Corners,1.0,1.95,2.0,97.5,Bet365,Win,0.95,2025-09-06
2025,6/9,Yeovil v York,,England National League,Over 8.5 Asian Corners,1.0,1.95,1.8,108.33,Bet365,Loss,-1.0,2025-09-06
2025,6/9,Paradou AC v USM Alger,,Algeria Ligue 1 ,Under 9 Asian Corners,1.0,1.83,1.66,110.24,Bet365,Loss,-1.0,2025-09-06
2025,6/9,Armenia v Portugal,,FIFA World Cup Qualifiers Europe,Over 9.5 Corners,1.0,2.0,1.9,105.26,Paddy Power,Loss,-1.0,2025-09-06
2025,6/9,England v Andorra,,FIFA World Cup Qualifiers Europe,Under 11.5 Asian Corners,1.0,1.95,1.8,108.33,Bet365,Win,0.95,2025-09-06
2025,6/9,San Marino v Bosnia-Herzegovina,,FIFA World Cup Qualifiers Europe,Under 10 Asian Corners,1.0,2.0,2.13,93.9,Bet365,Win,1.0,2025-09-06
2025,6/9,Austria v Cyprus,,FIFA World Cup Qualifiers Europe,Austria -5.5 AH Corners,1.0,2.0,2.03,98.52,Bet365,Loss,-1.0,2025-09-06
2025,7/9,Hwaseong FC v Chungnam Asan FC,,Korea Republic K League 2,Under 8.5 Asian Corners,1.0,2.0,1.8,111.11,Bet365,Win,1.0,2025-09-07
2025,7/9,Man Utd Women v Leicester Women,,England Women Super League,Man Utd Women -4 AH Corners,1.0,1.85,1.7,108.82,Bet365,Win,0.85,2025-09-07
2025,7/9,Man Utd Women v Leicester Women,,England Women Super League,Over 9 Asian Corners,1.0,1.8,1.67,107.78,Bet365,Loss,-1.0,2025-09-07
2025,7/9,North Macedonia v Liechtenstein,,FIFA World Cup Qualifiers Europe,North Macedonia -6 Corner Handicap,1.0,1.91,1.76,108.52,Paddy Power,Loss,-1.0,2025-09-07
2025,7/9,Belgium v Kazakhstan,,FIFA World Cup Qualifiers Europe,Belgium -5 Corner Handicap,1.0,1.91,1.77,107.91,Paddy Power,Win,0.91,2025-09-07
2025,7/9,Turkey v Spain,,FIFA World Cup Qualifiers Europe,Over 3.5 Cards,1.5,1.83,,,Paddy Power,Loss,-1.5,2025-09-07
2025,7/9,Turkey v Spain,,FIFA World Cup Qualifiers Europe,Over 4.5 Cards,0.5,2.9,2.39,121.34,Paddy Power,Loss,-0.5,2025-09-07
2025,7/9,Turkey v Spain,,FIFA World Cup Qualifiers Europe,Over 5.5 Cards,0.2,5.5,,,Paddy Power,Loss,-0.2,2025-09-07
2025,7/9,Belgium v Kazakhstan,,FIFA World Cup Qualifiers Europe,Kazakhstan -1 AH Cards,1.0,1.78,1.69,105.33,Bet365,Win,0.78,2025-09-07
2025,7/9,Belgium v Kazakhstan,,FIFA World Cup Qualifiers Europe,Under 3.5 Cards,1.0,1.73,1.68,102.98,Sky Bet,Win,0.73,2025-09-07
2025,7/9,Poland v Finland,,FIFA World Cup Qualifiers Europe,Over 4.5 Cards,1.0,2.5,,,Paddy Power,Loss,-1.0,2025-09-07
2025,7/9,America MG v Operario PR,,Brazil,Under 10 Asian Corners,1.0,1.95,1.71,114.04,Bet365,Win,0.95,2025-09-07
2025,8/9,Indonesia v Lebanon,,International Friendlies,Under 9 Asian Corners,1.0,1.8,1.62,111.11,Bet365,Loss,-1.0,2025-09-08
2025,8/9,United Arab Emirates v Bahrain,,International Friendlies,Under 9 Asian Corners,1.0,1.8,1.55,116.13,Bet365,Win,0.8,2025-09-08
2025,8/9,Czech Republic v Saudi Arabia,,International Friendlies,Czech Republic -2.5 AH Corners,1.0,1.9,1.78,106.74,Bet365,Loss,-1.0,2025-09-08
2025,8/9,Greece v Denmark,,FIFA World Cup Qualifiers Europe,Under 4.5 Asian Total Cards,1.0,1.9,1.78,106.74,Bet365,Win,0.9,2025-09-08
2025,8/9,Croatia v Montenegro,,FIFA World Cup Qualifiers Europe,Croatia -4 Corner Handicap,1.0,2.25,2.11,106.64,Paddy Power,Loss,-1.0,2025-09-08
2025,8/9,Israel v Italy,,FIFA World Cup Qualifiers Europe,Over 3.5 Asian Total Cards,1.5,1.95,,,Bet365,Loss,-1.5,2025-09-08
2025,8/9,Double,Israel v Italy,FIFA World Cup Qualifiers Europe,Over 3.5 Cards,0.5,3.6,,,Paddy Power,Loss,-0.5,2025-09-08
2025,8/9,Double,Israel v Italy,FIFA World Cup Qualifiers Europe,Over 4.5 Cards,0.25,8.64,,,Paddy Power,Loss,-0.25,2025-09-08
2025,9/9,Kenya v Seychelles,,FIFA World Cup Qualifiers Africa,Kenya -6 AH Corners,1.0,1.95,1.96,99.49,Bet365,Loss,-1.0,2025-09-09
2025,9/9,Namibia v Sao Tome e Principe,,FIFA World Cup Qualifiers Africa,Namibia -4 AH Corners,1.0,1.8,1.7,105.88,Bet365,Win,0.8,2025-09-09
2025,9/9,Sierra Leone v Ethiopia,,FIFA World Cup Qualifiers Africa,Sierra Leone -1 AH Corners,1.0,1.95,1.79,108.94,Bet365,Win,0.95,2025-09-09
2025,9/9,Armenia v Ireland,,FIFA World Cup Qualifiers Europe,Under 5.5 Cards,2.0,1.8,,,Paddy Power,Win,1.6,2025-09-09
2025,9/9,Hungary v Portugal,,FIFA World Cup Qualifiers Europe,Over 3.5 Cards,1.5,1.73,,,Paddy Power,Loss,-1.5,2025-09-09
2025,10/9,Ecuador v Argentina,,FIFA World Cup Qualifiers South America,Ecuador Most Cards,1.0,2.38,,,Paddy Power,Loss,-1.0,2025-09-10
2025,12/9,Marseille v Lorient,,France Ligue 1,Lorient 0.0 AH Cards,1.0,1.73,,,Bet365,Win,0.73,2025-09-12
2025,12/9,Partick v Airdrieonians,,Scotland Championship,Under 10 Asian Corners,1.0,1.88,,,Bet365,Loss,-1.0,2025-09-12
2025,13/9,Cagliari v Parma,,Italy Serie A,Cagliari +0.5 AH Cards,1.0,2.0,,,Bet365,Win,1.0,2025-09-13
2025,13/9,Lusitania Lourosa v Penafiel,,Portugal Liga 2 ,Penafiel +2.5 AH Corners,1.0,1.85,,,Bet365,Loss,-1.0,2025-09-13
2025,13/9,Stoke v Birmingham,,England Championship,Birmingham 0.0 AH Cards,1.0,1.9,,,Bet365,Loss,-1.0,2025-09-13
2025,13/9,Newcastle v Wolves,,Premier League,Under 4.5 Cards,1.0,1.8,,,Paddy Power,Loss,-1.0,2025-09-13
2025,13/9,Mansfield v Stevenage,,England League 2,Over 8.5 Corners,1.0,1.73,,,Paddy Power,Win,0.73,2025-09-13
2025,13/9,Mansfield v Stevenage,,England League 2,Over 10.5 Corners,0.25,3.0,,,Paddy Power,Win,0.5,2025-09-13
2025,13/9,RAAL La Louviere v Club Brugge,,Belgium Pro League,Club Brugge -2 AH Corners,1.0,1.83,,,Bet365,Loss,-1.0,2025-09-13
2025,13/9,Brentford v Chelsea,,Premier League,Chelsea Most Cards,1.0,2.3,,,Paddy Power,Loss,-1.0,2025-09-13
2025,14/9,Seattle Sounders v LA Galaxy ,,USA MLS,LA Galaxy +3 AH Corners,1.0,1.9,,,Bet365,Win,0.9,2025-09-14
2025,14/9,Southampton v Portsmouth,,England Championship,Under 4.5 Cards,1.0,2.3,,,Paddy Power,Loss,-1.0,2025-09-14
2025,14/9,Pisa v Udinese,,Italy Serie A,Udinese Most Cards,1.0,2.25,,,Paddy Power,Win,1.25,2025-09-14
2025,14/9,Lille v Toulouse,,France Ligue 1,Over 9 Asian Corners,1.0,2.0,,,Bet365,Win,1.0,2025-09-14
2025,14/9,PSG v Lens,,France Ligue 1,Over 9.5 Corners,1.0,2.0,,,Sky Bet,Loss,-1.0,2025-09-14
2025,14/9,PSG v Lens,,France Ligue 1,Over 3.5 Cards,1.0,2.25,,,Paddy Power,Loss,-1.0,2025-09-14
2025,14/9,PSG v Lens,,France Ligue 1,Over 4.5 Cards,0.5,3.75,,,Paddy Power,Loss,-0.5,2025-09-14
2025,14/9,PSG v Lens,,France Ligue 1,Over 5.5 Cards,0.25,7.5,,,Paddy Power,Loss,-0.25,2025-09-14
2025,14/9,AC Milan v Bologna,,Italy Serie A,Bologna Most Cards,1.0,2.3,,,Paddy Power,Loss,-1.0,2025-09-14
2025,14/9,Atletico Mineiro v Santos,,Brazil Serie A,Under 6.5 Asian Total Cards,1.5,1.98,,,Bet365,Loss,-1.5,2025-09-14
2025,16/9,Athletic Bilbao v Arsenal,,UEFA Champions League,Under 3.5 Cards,1.0,2.3,,,Paddy Power,Loss,-1.0,2025-09-16
2025,16/9,Benfica v Qarabag,,UEFA Champions League,Under 4.5 Cards,1.0,1.8,,,Paddy Power,Win,0.8,2025-09-16
2025,17/9,Slavia Prague v Bodo Glimt,,UEFA Champions League,Under 10.5 Asian Corners,1.0,1.83,,,Bet365,Loss,-1.0,2025-09-17
2025,17/9,Waldhof Mannheim v Stuttgart II,,Bundesliga 3,Over 9 Asian Corners,1.0,1.83,1.77,103.39,Bet365,Win,0.83,2025-09-17
2025,17/9,Swansea v Nottm Forest,,EFL Cup,Under 10 Asian Corners,1.0,1.9,,,Bet365,Win,0.9,2025-09-17
2025,18/9,Independiente del Valle v Once Caldas,,Copa Sudamerica,Independiente del Valle -2.5 AH Corners,1.0,1.9,,,Bet365,Loss,-1.0,2025-09-18
2025,18/9,New York City v Columbus Crew,,USA MLS,Under 4 Asian Total Cards,1.0,1.98,1.86,106.45,Bet365,Win,0.98,2025-09-18
2025,18/9,Chivas Guadalajara v Tigres UANL,,Mexico Liga MX,Chivas Guadalajara 0.0 AH Corners,1.0,1.95,,,Bet365,Loss,-1.0,2025-09-18
2025,18/9,Club Brugge v Monaco,,UEFA Champions League,Club Brugge 0.0 AH Corners,1.0,1.83,,,Bet365,Loss,-1.0,2025-09-18
2025,18/9,Man City v Napoli,,UEFA Champions League,Man City -2 Corner Handicap,1.0,2.0,,,Paddy Power,Win,1.0,2025-09-18
2025,19/9,Middlesbrough v West Brom,,England Championship,West Brom Most Cards,1.0,2.25,,,Paddy Power,Loss,-1.0,2025-09-19
2025,19/9,Betis v Real Sociedad,,Spain La Liga,Over 4.5 Cards,1.0,1.91,,,Paddy Power,Win,0.91,2025-09-19
2025,19/9,Betis v Real Sociedad,,Spain La Liga,Over 5.5 Cards,0.25,3.0,,,Paddy Power,Win,0.5,2025-09-19
2025,20/9,Bologna v Genoa,,Italy Serie A,Genoa Most Cards,1.5,2.5,,,Sky Bet,Win,2.25,2025-09-20
2025,20/9,Hoffenheim v Bayern Munich,,Germany Bundesliga,Over 9.5 Asian Corners,1.0,2.0,1.94,103.09,Bet365,Win,1.0,2025-09-20
2025,20/9,Norwich v Wrexham,,England Championship,Wrexham Most Cards,0.75,2.4,,,Paddy Power,Win,1.05,2025-09-20
2025,20/9,Portsmouth v Sheff Wed,,England Championship,Sheff Wed +3 AH Corners,1.0,1.95,1.89,103.17,Bet365,Loss,-1.0,2025-09-20
2025,20/9,Nantes v Rennes,,France Ligue 1,4+ Cards,1.0,1.62,,,Sky Bet,Win,0.62,2025-09-20
2025,20/9,Nantes v Rennes,,France Ligue 1,4+ Cards,0.5,1.67,,,Sky Bet,Win,0.34,2025-09-20
2025,20/9,Verona v Juventus,,Italy Serie A,Verona +2 AH Corners,1.0,1.83,1.77,103.39,Bet365,Win,0.83,2025-09-20
2025,20/9,Man Utd v Chelsea,,Premier League,Over 9.5 Asian Corners,1.0,1.98,,,Bet365,Win,0.98,2025-09-20
2025,20/9,Udinese v AC Milan,,Italy Serie A,Udinese +1.5 AH Corners,1.0,1.98,,,Bet365,Loss,-1.0,2025-09-20
2025,20/9,Double,Verona v Juventus	,Italy Serie A,Verona +2 AH Corners,0.25,3.6,,,Bet365,Loss,-0.25,2025-09-20
2025,20/9,Vitoria v Fluminense,,Brazil Serie A,Over 4.5 Cards,1.0,1.8,,,Paddy Power,Win,0.8,2025-09-20
2025,20/9,Vitoria v Fluminense,,Brazil Serie A,Fluminense +1 AH Corners,1.0,1.83,1.64,111.59,Bet365,Loss,-1.0,2025-09-20
2025,20/9,Botafogo v Atletico Mineiro,,Brazil Serie A,Under 10 Asian Corners,1.0,1.95,1.83,106.56,Bet365,Loss,-1.0,2025-09-20
2025,21/9,Orlando City v Nashville,,USA MLS,Orlando City +0.5 AH Cards,1.0,2.0,,,Bet365,Loss,-1.0,2025-09-21
2025,21/9,Inter Miami v DC Utd,,USA MLS,Under 4.5 Asian Total Cards,1.0,2.03,,,Bet365,Loss,-1.0,2025-09-21
2025,21/9,Sporting KC v Vancouver Whitecaps,,USA MLS,Under 4.5 Asian Total Cards,1.0,1.98,,,Bet365,Loss,-1.0,2025-09-21
2025,21/9,San Jose Earthquakes v St Louis City,,USA MLS,St Louis City 0.0 AH Cards,1.0,2.08,,,Bet365,Loss,-1.0,2025-09-21
2025,21/9,Rayo Vallecano v Celta Vigo,,Spain La Liga,Rayo Vallecano Most Cards,0.75,2.88,,,Paddy Power,Loss,-0.75,2025-09-21
2025,21/9,Bournemouth v Newcastle,,Premier League,Under 5 Asian Total Cards,1.5,1.75,,,Bet365,Win,1.13,2025-09-21
2025,21/9,Arsenal v Man City,,Premier League,Under 9.5 Asian Corners,1.0,1.8,,,Bet365,Loss,-1.0,2025-09-21
2025,21/9,Elche v Real Oviedo,,Spain La Liga,Over 4.5 Cards,1.0,2.25,,,Sky Bet,Loss,-1.0,2025-09-21
2025,21/9,Elche v Real Oviedo,,Spain La Liga,Over 5.5 Cards,0.25,3.9,,,Paddy Power,Loss,-0.25,2025-09-21
2025,21/9,Barcelona v Getafe,,Spain La Liga,Getafe Most Cards,3.0,2.0,,,Sky Bet,Win,3.0,2025-09-21
2025,22/9,Santos v Sao Paulo,,Brazil Serie A,Santos +0.5 AH Cards,1.0,1.91,,,Bet365,Win,0.91,2025-09-22
2025,22/9,Marseille v PSG,,France Ligue 1,Marseille -0.5 AH Cards,1.0,2.1,1.96,107.14,Bet365,Win,1.1,2025-09-22
2025,23/9,Udinese v Palermo,,Coppa Italia,Palermo +0.5 AH Cards,2.0,1.83,,,Bet365,Loss,-2.0,2025-09-23
2025,23/9,Wolves v Everton,,EFL Cup,Under 3.5 Cards,1.0,1.95,,,Paddy Power,Loss,-1.0,2025-09-23
2025,23/9,Lincoln v Chelsea,,EFL Cup,Chelsea +1 AH Cards,2.0,2.03,,,Bet365,Win,2.06,2025-09-23
2025,23/9,Sevilla v Villarreal,,Spain La Liga,Villarreal +0.5 AH Cards,1.0,2.0,,,Bet365,Win,1.0,2025-09-23
2025,24/9,Sandnes Ulf v Lillestrom,,Norway Cup,Under 11.5 Asian Corners,1.0,1.8,1.57,114.65,Bet365,Loss,-1.0,2025-09-24
2025,24/9,Eik Tonsberg v Viking FK,,Norway Cup,Under 11 Asian Corners,1.0,1.9,1.67,113.77,Bet365,Win,0.9,2025-09-24
2025,24/9,Aldershot v Yeovil,,England National League,Over 9 Asian Corners,1.0,1.78,,,Bet365,Win,0.78,2025-09-24
2025,24/9,Aldershot v Yeovil,,England National League,Over 10.5 Corners,0.25,2.62,,,Bet365,Win,0.41,2025-09-24
2025,24/9,Tottenham v Doncaster,,EFL Cup,Tottenham +1 AH Cards,1.0,2.05,,,Bet365,Win,1.05,2025-09-24
2025,24/9,Braga v Feyenoord,,UEFA Europa League,Under 4.5 Asian Total Cards,1.0,1.8,,,Bet365,Win,0.8,2025-09-24
2025,25/9,Vancouver Whitecaps v Portland Timbers,,USA MLS,Under 4 Asian Total Cards,1.0,2.05,,,Bet365,Loss,-1.0,2025-09-25
2025,25/9,Odd BK v Bodo Glimt,,Norway Cup,Under 10.5 Asian Corners,1.0,1.95,,,Bet365,Loss,-1.0,2025-09-25
2025,25/9,Go Ahead Eagles v FCSB,,UEFA Europa League,Go Ahead Eagles -1 Corner Handicap,1.0,2.3,,,Paddy Power,Win,1.3,2025-09-25
2025,25/9,Treble,Go Ahead Eagles v FCSB	,UEFA Europa League,FCSB Most Cards,0.25,9.9,,,Paddy Power,Loss,-0.25,2025-09-25
2025,25/9,Go Ahead Eagles v FCSB,,UEFA Europa League,FCSB Most Cards,3.0,2.2,1.81,121.55,Sky Bet,Win,3.6,2025-09-25
2025,25/9,Lille v Brann,,UEFA Europa League,Over 4.5 Cards ,1.25,2.5,,,Paddy Power,Loss,-1.25,2025-09-25
2025,25/9,Al Hilal v Al Akhdoud,,Saudi Arabia Professional League,Al Hilal -4 AH Corners,1.0,1.83,,,Bet365,Win,0.83,2025-09-25
2025,25/9,Ferencvaros v Plzen,,UEFA Europa League,Over 3.5 Cards,1.0,1.8,,,Paddy Power,Win,0.8,2025-09-25
2025,26/9,Universidad de Chile v Alianza Lima,,Copa Sudamerica,Universidad de Chile -2 AH Corners,1.0,1.95,,,Bet365,Loss,-1.0,2025-09-26
2025,26/9,Estudiantes LP v Flamengo,,Copa Libertadores,Estudiantes LP 0.0 AH Corners,1.0,1.93,,,Bet365,Loss,-1.0,2025-09-26
2025,27/9,Coventry v Birmingham,,England Championship,Birmingham 0.0 AH Cards,3.0,1.8,1.56,115.38,Bet365,Win,2.4,2025-09-27
2025,27/9,Chesterfield v Newport County,,England League 2,10+ Corners,2.0,2.1,,,Sky Bet,Loss,-2.0,2025-09-27
2025,27/9,Accrington Stanley v Walsall,,England League 2,Accrington Stanley Most Corners,0.75,2.75,,,Sky Bet,Win,1.31,2025-09-27
2025,27/9,Bradford v Blackpool,,England League 1,Bradford -1 AH Corners,1.0,1.8,,,Bet365,Loss,-1.0,2025-09-27
2025,27/9,Wigan v Cardiff,,England League 1,Cardiff Most Corners,1.0,2.0,,,Paddy Power,Loss,-1.0,2025-09-27
2025,27/9,Wigan v Cardiff,,England League 1,Cardiff -1 Corner Handicap,0.25,2.63,,,Paddy Power,Loss,-0.25,2025-09-27
2025,27/9,Man City v Burnley,,Premier League,Man City -5 Corner Handicap,1.25,2.3,,,Paddy Power,Win,1.63,2025-09-27
2025,27/9,Southampton v Middlesbrough,,England Championship,Southampton -1 AH Corners,1.0,1.98,,,Bet365,Win,0.98,2025-09-27
2025,27/9,Mallorca v Alaves,,Spain La Liga,Alaves 0.0 AH Cards,1.0,1.9,,,Bet365,Win,0.9,2025-09-27
2025,27/9,Nottm Forest v Sunderland,,Premier League,Nottm Forest -1 AH Corners,1.25,1.95,,,Bet365,Win,1.19,2025-09-27
2025,28/9,Charlotte FC v CF Montreal,,USA MLS,Charlotte FC +1 AH Cards,2.0,1.85,,,Bet365,Win,1.7,2025-09-28
2025,28/9,Real Salt Lake v Austin FC,,USA MLS,Under 4.5 Asian Total Cards,1.5,2.0,,,Bet365,Win,1.5,2025-09-28
2025,28/9,Seattle Sounders v Vancouver Whitecaps,,USA MLS,Seattle Sounders +0.5 AH Cards,2.0,2.03,,,Bet365,Win,2.06,2025-09-28
2025,28/9,New England Revolution v Atlanta Utd,,USA MLS,Atlanta Utd Most Cards,1.0,2.38,,,Paddy Power,Loss,-1.0,2025-09-28
2025,28/9,Seattle Sounders v Vancouver Whitecaps,,USA MLS,Under 4.5 Cards,1.0,1.83,,,Paddy Power,Win,0.83,2025-09-28
2025,28/9,San Diego FC v San Jose Earthquakes,,USA MLS,Under 4.5 Cards,1.0,2.0,,,Paddy Power,Win,1.0,2025-09-28
2025,28/9,Treble,Charlotte FC v CF Montreal	,USA MLS,Charlotte FC +1 AH Cards,0.25,8.71,,,Bet365,Loss,-0.25,2025-09-28
2025,28/9,Roma v Verona,,Italy Serie A,Under 3.5 Cards,2.0,1.95,,,Paddy Power,Loss,-2.0,2025-09-28
2025,28/9,AC Milan v Napoli,,Italy Serie A,Under 4.5 Cards,1.0,1.67,,,Sky Bet,Win,0.67,2025-09-28
2025,28/9,Bragantino v Santos,,Brazil Serie A,Bragantino -0.5 AH Corners,1.0,1.83,,,Bet365,Loss,-1.0,2025-09-28
2025,29/9,Parma v Torino,,Italy Serie A,Under 4.5 Cards,1.25,1.91,,,Paddy Power,Loss,-1.25,2025-09-29
2025,29/9,Raufoss v Ranheim,,Norway 1st Division,Raufoss +0.5 AH Corners,1.0,2.0,,,Bet365,Win,1.0,2025-09-29
2025,29/9,Boulogne v Red Star FC 93,,France Ligue 2,Boulogne +0.5 AH Corners,1.0,1.95,,,Bet365,Win,0.95,2025-09-29
2025,30/9,Colombia U20 v Saudi Arabia U20,,FIFA World Cup U20,Colombia U20 -2 AH Corners,1.0,1.9,,,Bet365,Loss,-1.0,2025-09-30
2025,30/9,Egypt U20 v New Zealand U20,,FIFA World Cup U20,Under 10 Asian Corners,1.0,1.9,,,Bet365,Loss,-1.0,2025-09-30
2025,30/9,Panama U20 v Ukraine U20,,FIFA World Cup U20,Under 9.5 Asian Corners,1.5,1.88,,,Bet365,Win,1.32,2025-09-30
2025,1/10,South Korea U20 v Paraguay U20,,FIFA World Cup U20,South Korea U20 0.0 AH Corners,1.0,1.95,,,Bet365,Loss,-1.0,2025-10-01
2025,1/10,South Korea U20 v Paraguay U20,,FIFA World Cup U20,Under 9.5 Asian Corners,1.0,1.85,,,Bet365,Loss,-1.0,2025-10-01
2025,1/10,Dortmund v Athletic Club,,UEFA Champions League,Under 9.5 Corners,1.5,2.2,,,Paddy Power,Win,1.8,2025-10-01
2025,1/10,Barcelona v PSG,,UEFA Champions League,Barcelona -1 AH Corners,1.0,1.95,,,Bet365,Loss,-1.0,2025-10-01
2025,2/10,Nottm Forest v Midtjylland,,UEFA Europa League,Nottm Forest -3 Corner Handicap,1.0,2.25,,,Bet365,Loss,-1.0,2025-10-02
2025,2/10,Aberdeen v Shakhtar Donetsk,,UEFA Conference League,Aberdeen Most Corners,0.5,3.5,,,Paddy Power,Loss,-0.5,2025-10-02
2025,3/10,Panama U20 v South Korea U20,,FIFA World Cup U20,South Korea U20 -0.5 AH Corners,1.0,1.95,,,Bet365,Win,0.95,2025-10-03
2025,4/10,New Zealand U20 v Japan U20,,FIFA World Cup U20,Japan U20 -2 AH Corners,1.25,1.95,,,Bet365,Win,1.19,2025-10-04
2025,4/10,Egypt U20 v Chile U20,,FIFA World Cup U20,Chile U20 -1 AH Corners,1.25,1.98,,,Bet365,Loss,-1.25,2025-10-04
2025,4/10,Double,New Zealand U20 v Japan U20	,FIFA World Cup U20,Japan U20 -2 AH Corners,0.25,3.85,,,Bet365,Loss,-0.25,2025-10-04
2025,4/10,Dortmund v RB Leipzig,,Germany Bundesliga,RB Leipzig +2 AH Corners,1.0,1.95,1.84,105.98,Bet365,Win,0.95,2025-10-04
2025,4/10,Stevenage v Luton,,England League 1,Luton Most Corners,1.0,2.1,2.12,99.06,Sky Bet,Win,1.1,2025-10-04
2025,4/10,Plymouth v Wigan,,England League 1,Plymouth -0.5 AH Corners,1.0,1.95,1.84,105.98,Bet365,Win,0.95,2025-10-04
2025,4/10,Millwall v West Brom,,England Championship,Over 3.5 Asian Total Cards,1.5,1.98,1.79,110.61,Bet365,Loss,-1.5,2025-10-04
2025,4/10,Swansea v Leicester,,England Championship,Over 3.5 Cards,2.0,2.7,2.08,129.81,Paddy Power,Loss,-2.0,2025-10-04
2025,4/10,Preston v Charlton,,England Championship,Charlton 0.0 AH Cards,1.0,1.83,1.71,107.02,Bet365,Win,0.83,2025-10-04
2025,4/10,Scunthorpe v Carlisle,,England National League,Over 9 Asian Corners,1.0,1.9,1.8,105.56,Bet365,Win,0.9,2025-10-04
2025,5/10,Philadelphia Union v New York City FC,,USA MLS,New York City FC Most Cards,0.75,2.75,,,Bet365,Loss,-0.75,2025-10-05
2025,5/10,Real Salt Lake v Colorado Rapids,,USA MLS,Over 9.5 Asian Corners,1.0,1.83,1.74,105.17,Bet365,Win,0.83,2025-10-05
2025,5/10,Everton v Crystal Palace,,Premier League,Everton -0.5 AH Corners,1.0,1.9,1.86,102.15,Bet365,Loss,-1.0,2025-10-05
2025,5/10,Sevilla v Barcelona,,Spain La Liga,Barcelona -2 Corner Handicap,1.0,2.1,1.88,111.7,Paddy Power,Loss,-1.0,2025-10-05
2025,5/10,Le Havre v Rennes,,France Ligue 1,2+ Cards Each Team,2.5,2.25,,,Sky Bet,Loss,-2.5,2025-10-05
2025,5/10,Le Havre v Rennes,,France Ligue 1,3+ Cards Each Team,0.5,6.0,,,Sky Bet,Loss,-0.5,2025-10-05
2025,5/10,Le Havre v Rennes,,France Ligue 1,Rennes 0.0 AH Cards,3.0,2.03,1.78,114.04,Bet365,Win,3.09,2025-10-05
2025,5/10,Monaco v Nice,,France Ligue 1,Nice 0.0 AH Cards,1.5,1.7,1.63,104.29,Bet365,Win,1.05,2025-10-05
2025,5/10,Napoli v Genoa,,Italy Serie A,Under 3.5 Cards,1.25,2.0,1.96,102.04,Sky Bet,Loss,-1.25,2025-10-05
2025,5/10,Lille v PSG,,France Ligue 1,PSG +0.5 AH Cards,2.0,2.0,1.84,108.7,Bet365,Win,2.0,2025-10-05
2025,5/10,Sao Paulo v Palmeiras,,Brazil Serie A,Palmeiras 0.0 AH Cards,1.25,2.08,1.88,110.64,Bet365,Win,1.35,2025-10-05
2025,7/10,Rotherham v Oldham,,EFL Trophy,Under 10 Asian Corners,1.0,1.8,1.7,105.88,Bet365,Win,0.8,2025-10-07
2025,7/10,Scunthorpe v Morecambe,,England National League,Over 9.5 Asian Corners,1.0,2.0,1.88,106.38,Bet365,Loss,-1.0,2025-10-07
2025,7/10,Arsenal W v Lyon W	,,UEFA Champions League Women,Arsenal W Most Corners,1.0,2.2,1.99,110.55,Sky Bet,Loss,-1.0,2025-10-07
2025,8/10,Gibraltar v New Caledonia,,International Friendlies,New Caledonia +3 AH Corners,1.0,1.98,1.96,101.02,Bet365,Loss,-1.0,2025-10-08
2025,9/10,Burundi v Kenya,,FIFA World Cup Qualifiers Africa,Kenya 0.0 AH Corners,1.0,1.9,1.95,97.44,Bet365,Win,0.9,2025-10-09
2025,9/10,Mozambique v Guinea,,FIFA World Cup Qualifiers Africa,Under 9 Asian Corners,1.0,1.98,1.83,108.2,Bet365,Win,0.98,2025-10-09
2025,9/10,Somalia v Algeria,,FIFA World Cup Qualifiers Africa,Under 9 Asian Corners,1.25,1.95,1.8,108.33,Bet365,Loss,-1.25,2025-10-09
2025,9/10,Andorra U21 v Kazakhstan U21,,Euro U21 Qualifiers,Under 8.5 Asian Corners,1.0,2.0,1.86,107.53,Bet365,Loss,-1.0,2025-10-09
2025,9/10,Belarus v Denmark,,FIFA World Cup Qualifiers Europe,Denmark -4 Corner Handicap,1.0,1.91,1.84,103.8,Paddy Power,Loss,-1.0,2025-10-09
2025,9/10,Czechia v Croatia,,FIFA World Cup Qualifiers Europe,Over 4.5 Cards,1.25,2.3,2.19,105.02,Paddy Power,Loss,-1.25,2025-10-09
2025,9/10,England v Wales,,International Friendlies,Wales Most Cards,1.5,2.1,,,Sky Bet,Loss,-1.5,2025-10-09
2025,10/10,Seychelles v Ivory Coast,,FIFA World Cup Qualifiers Africa,Under 10 Asian Corners,1.25,2.0,1.76,113.64,Bet365,Loss,-1.25,2025-10-10
2025,10/10,Kazakhstan v Liechtenstein,,FIFA World Cup Qualifiers Europe,Kazakhstan -7 Corner Handicap,1.0,2.0,1.91,104.71,Paddy Power,Win,1.0,2025-10-10
2025,10/10,Belgium v North Macedonia,,FIFA World Cup Qualifiers Europe,Belgium +1 AH Corners,1.5,2.05,1.94,105.67,Bet365,Win,1.58,2025-10-10
2025,11/10,Argentina v Venezuela,,International Friendlies,Under 8 Asian Corners,1.25,2.03,1.91,106.28,Bet365,Loss,-1.25,2025-10-11
2025,11/10,Chesterfield v Salford City,,England League 2,Over 9.5 Asian Corners,1.0,1.95,1.81,107.73,Bet365,Win,0.95,2025-10-11
2025,11/10,Chesterfield v Salford City,,England League 2,Salford City Over 4.5 Corners,1.0,2.37,,,Bet365,Win,1.37,2025-10-11
2025,11/10,Serbia v Albania,,FIFA World Cup Qualifiers Europe,Both Teams 3+ Cards,0.5,3.5,,,Sky Bet,Loss,-0.5,2025-10-11
2025,11/10,Serbia v Albania,,FIFA World Cup Qualifiers Europe,Both Teams to Receive a Red Card,0.1,46.0,,,William Hill,Loss,-0.1,2025-10-11
2025,12/10,Inter Miami v Atlanta Utd,,USA MLS,Inter Miami +2 AH Corners,1.0,1.83,1.7,107.65,Bet365,Win,0.83,2025-10-12
2025,12/10,Liverpool W v Man City W,,England Women Super League,Over 9 Asian Corners,1.0,1.9,1.82,104.4,Bet365,Loss,-1.0,2025-10-12
2025,12/10,Chad v Central African Republic,,FIFA World Cup Qualifiers Africa,Chad 0.0 AH Corners,1.0,1.98,1.84,107.61,Bet365,Win,0.98,2025-10-12
2025,12/10,Croatia v Gibraltar,,FIFA World Cup Qualifiers Europe,Croatia -8 Corner Handicap,2.0,1.91,,,Sky Bet,Win,1.82,2025-10-12
2025,12/10,Lithuania v Poland,,FIFA World Cup Qualifiers Europe,Poland -3 Corner Handicap,1.0,2.3,2.14,107.48,Paddy Power,Win,1.3,2025-10-12
2025,12/10,Denmark v Greece,,FIFA World Cup Qualifiers Europe,Denmark -3 Corner Handicap,1.0,2.3,2.17,105.99,Paddy Power,Loss,-1.0,2025-10-12
2025,13/10,Wales v Belgium,,FIFA World Cup Qualifiers Europe,Over 4.5 Cards,1.5,1.83,,,Paddy Power,Loss,-1.5,2025-10-13
2025,13/10,Wales v Belgium,,FIFA World Cup Qualifiers Europe,Over 5.5 Cards,0.25,2.8,,,Paddy Power,Loss,-0.25,2025-10-13
2025,14/10,England v Latvia,,FIFA World Cup Qualifiers Europe,England +1 AH Cards,1.5,1.85,1.74,106.32,Bet365,Loss,-1.5,2025-10-14
2025,15/10,Puerto Rico v Argentina,,International Friendlies,Under 9.5 Asian Corners,1.5,1.93,1.78,108.43,Bet365,Win,1.4,2025-10-15
2025,16/10,Huddersfield v Bolton,,England League 1,Bolton +0.5 AH Corners,1.0,1.95,,,Bet365,Win,0.95,2025-10-16
2025,17/10,Boulogne v Guingamp,,France Ligue 2,Boulogne +0.5 AH Corners,1.25,1.93,1.78,108.43,Bet365,Win,1.16,2025-10-17
2025,17/10,Middlesbrough v Ipswich,,England Championship,Over 4.5 Cards,1.0,2.3,,,Paddy Power,Loss,-1.0,2025-10-17
2025,18/10,Southampton v Swansea,,England Championship,Southampton -1.5 AH Corners,1.0,1.95,1.93,101.04,Bet365,Win,0.95,2025-10-18
2025,18/10,Slavia Prague v FC Zlin,,Czech Republic First Liga,Slavia Prague -5 AH Corners,1.5,1.98,1.84,107.61,Bet365,Loss,-1.5,2025-10-18
2025,18/10,St Etienne v Le Mans,,France Ligue 2,Le Mans +2 AH Corners,1.0,2.0,,,Bet365,Win,1.0,2025-10-18
2025,18/10,Marseille v Le Havre,,France Ligue 1,Le Havre Most Cards,1.5,2.63,,,Bet365,Loss,-1.5,2025-10-18
2025,18/10,Atlanta Utd v DC Utd,,USA MLS,Over 3.5 Cards,1.0,1.83,,,Bet365,Win,0.83,2025-10-18
2025,18/10,Nashville v Inter Miami    ,,USA MLS,Over 3.5 Cards,1.0,1.95,,,Bet365,Loss,-1.0,2025-10-18
2025,19/10,Sporting KC v Houston Dynamo,,USA MLS,Over 3.5 Cards,1.0,1.73,,,Paddy Power,Win,0.73,2025-10-19
2025,19/10,Sporting KC v Houston Dynamo,,USA MLS,Over 4.5 Cards,0.25,2.8,,,Paddy Power,Win,0.45,2025-10-19
2025,19/10,San Jose Earthquakes v Austin FC,,USA MLS,Over 4.5 Cards,1.0,2.2,,,Paddy Power,Loss,-1.0,2025-10-19
2025,19/10,Grasshoppers v FC Sion,,Switzerland Super League,FC Sion +1 AH Corners,1.0,1.83,,,Bet365,Win,0.83,2025-10-19
2025,19/10,Freiburg v Frankfurt,,Germany Bundesliga,4+ Cards,1.0,2.0,,,Sky Bet,Win,1.0,2025-10-19
2025,19/10,Rapid Vienna v LASK Linz,,Austria Bundesliga,LASK Linz +3 AH Corners,1.0,1.83,,,Bet365,Win,0.83,2025-10-19
2025,19/10,Lorient v Brest,,France Ligue 1,Lorient 0.0 AH Cards,1.0,1.95,,,Bet365,Win,0.95,2025-10-19
2025,19/10,Rennes v Auxerre ,,France Ligue 1,Both Teams 2+ Cards,0.5,3.0,,,Sky Bet,Loss,-0.5,2025-10-19
2025,19/10,St Pauli v Hoffenheim,,Germany Bundesliga,4+ Cards,1.0,1.91,,,Sky Bet,Win,0.91,2025-10-19
2025,19/10,Double,Freiburg v Frankfurt	,Germany Bundesliga,Both Teams 2+ Cards,0.25,10.56,,,Sky Bet,Loss,-0.25,2025-10-19
2025,20/10,Bahia v Gremio,,Brazil Serie A,Under 9.5 Asian Corners,1.0,2.0,,,Bet365,Loss,-1.0,2025-10-20
2025,21/10,Villarreal v Man City	,,UEFA Champions League,Villarreal Most Cards,2.0,2.75,,,Sky Bet,Win,3.5,2025-10-21
2025,22/10,Athletic Club v Qarabag,,UEFA Champions League,Athletic Club +1 AH Cards,1.25,1.83,,,Bet365,Win,1.04,2025-10-22
2025,22/10,Frankfurt v Liverpool,,UEFA Champions League,Over 3.5 Cards,1.25,2.1,,,Sky Bet,Loss,-1.25,2025-10-22
2025,23/10,Al Feiha v Al Taawon,,Saudi Arabia Professional League,Al Taawon +1 AH Corners,1.0,1.8,,,Bet365,Loss,-1.0,2025-10-23
2025,23/10,Young Boys v Ludogorets,,UEFA Europa League,Ludogorets Most Cards,2.0,2.8,,,Paddy Power,Loss,-2.0,2025-10-23
2025,23/10,Nottm Forest v Porto,,UEFA Europa League,Over 4.5 Cards,1.5,1.95,,,Paddy Power,Loss,-1.5,2025-10-23
2025,23/10,Sigma Olomouc v Rakow,,UEFA Conference League,Under 9.5 Asian Corners,1.0,2.0,1.79,111.73,Bet365,Win,1.0,2025-10-23
2025,24/10,Guingamp v Clermont Foot,,France Ligue 2,Clermont Foot +2.5 AH Corners,1.0,2.0,,,Bet365,Loss,-1.0,2025-10-24
2025,25/10,Inter Miami v Nashville,,USA MLS,Under 4.5 Asian Total Cards,1.0,1.8,,,Bet365,Win,0.8,2025-10-25
2025,25/10,Sydney FC v Central Coast Mariners,,Australia A-League,Sydney FC +0.5 AH Cards,1.0,1.93,,,Paddy Power,Loss,-1.0,2025-10-25
2025,25/10,Stevenage v Bradford,,England League 1,Bradford Most Corners,1.0,2.5,2.28,109.65,Bet365,Loss,-1.0,2025-10-25
2025,25/10,Peterborough v Blackpool,,England League 1,Under 9.5 Corners,1.0,2.25,2.03,110.84,Paddy Power,Loss,-1.0,2025-10-25
2025,25/10,Yeovil v Carlisle,,England National League,Over 9.5 Asian Corners,1.25,1.98,,,Bet365,Loss,-1.25,2025-10-25
2025,25/10,Hartlepool v Solihull Moors,,England National League,Over 9.5 Asian Corners,1.25,1.9,,,Bet365,Loss,-1.25,2025-10-25
2025,25/10,Double,Yeovil v Carlisle	,England National League,Over 9.5 Asian Corners,0.25,3.75,,,Bet365,Loss,-0.25,2025-10-25
2025,25/10,Blackburn v Southampton,,England Championship,Over 4.5 Cards,1.25,2.2,1.81,121.55,Sky Bet,Win,1.5,2025-10-25
2025,25/10,Brentford v Liverpool,,Premier League,Under 4 Asian Total Cards,1.25,2.05,,,Bet365,Loss,-1.25,2025-10-25
2025,26/10,Mallorca v Levante,,Spain La Liga,Over 4.5 Cards,1.5,2.38,,,Paddy Power,Win,2.07,2025-10-26
2025,26/10,Aston Villa v Man City,,Premier League,Over 3.5 Cards,1.0,1.95,,,Paddy Power,Win,0.95,2025-10-26
2025,26/10,Bournemouth v Nottm Forest,,Premier League,Under 5 Asian Total Cards,1.25,2.0,,,Bet365,Win,1.25,2025-10-26
2025,26/10,Verona v Cagliari,,Italy Serie A,Over 3.5 Cards,1.25,1.8,,,Sky Bet,Win,1.0,2025-10-26
2025,26/10,Verona v Cagliari,,Italy Serie A,Over 4.5 Cards,0.25,2.8,,,Paddy Power,Win,0.45,2025-10-26
2025,26/10,Treble,Mallorca v Levante,Spain La Liga,Over 4.5 Cards,0.25,10.15,,,Sky Bet,Loss,-0.25,2025-10-26
2025,26/10,Real Madrid v Barcelona,,Spain La Liga,Real Madrid +0.5 AH Cards,1.0,1.98,,,Bet365,Loss,-1.0,2025-10-26
2025,26/10,Real Madrid v Barcelona,,Spain La Liga,Real Madrid +0 Card Handicap,0.25,3.1,,,Bet365,Loss,-0.25,2025-10-26
2025,26/10,Fiorentina v Bologna,,Italy Serie A,Over 4.5 Cards,1.25,2.3,,,Paddy Power,Win,1.63,2025-10-26
2025,26/10,Philadelphia Union v Chicago Fire,,USA MLS,Philadelphia Union Most Cards,0.75,2.88,,,Sky Bet,Loss,-0.75,2025-10-26
2025,28/10,Frankfurt v Dortmund,,Germany Cup,Under 4 Asian Total Cards,1.5,1.98,,,Bet365,Win,1.47,2025-10-28
2025,28/10,Frankfurt v Dortmund,,Germany Cup,Under 4 Asian Total Cards,0.5,2.05,,,Bet365,Win,0.53,2025-10-28
2025,28/10,Heidenheim v Hamburg,,Germany Cup,Under 10 Asian Corners,1.0,1.93,,,Bet365,Loss,-1.0,2025-10-28
2025,29/10,Lorient v PSG,,France Ligue 1,Lorient Most Cards,1.0,2.0,,,Sky Bet,Loss,-1.0,2025-10-29
2025,2/11,Tromso v Sarpsborg,,Norway Eliteserien,Tromso -2 AH Corners,1.5,1.98,,,Bet365,Loss,-1.5,2025-11-02
2025,4/11,Oxford City v Hereford,,England National League North,Over 9 Asian Corners,1.0,1.93,,,Bet365,Win,0.93,2025-11-04
2025,4/11,Juventus v Sporting,,UEFA Champions League,Juventus Most Cards,0.75,3.1,,,Paddy Power,Loss,-0.75,2025-11-04
2025,5/11,Woking v Southend,,England National League,Over 9.5 Asian Corners,1.25,1.98,1.81,109.39,Bet365,Win,1.23,2025-11-05
2025,5/11,Altrincham v Boston Utd,,England National League,Over 9.5 Asian Corners,1.25,1.98,,,Bet365,Win,1.23,2025-11-05
2025,5/11,Double,Woking v Southend	,England National League,Over 9.5 Asian Corners,0.25,3.9,,,Bet365,Win,0.73,2025-11-05
2025,5/11,Vitoria v Internacional,,Brazil Serie A,Over 5.5 Cards,1.5,2.38,,,Paddy Power,Win,2.07,2025-11-05
2025,5/11,RB Bragantino v Corinthians,,Brazil Serie A,Corinthians Most Cards,1.5,2.2,,,Paddy Power,Win,1.8,2025-11-05
2025,6/11,Sao Paulo v Flamengo,,Brazil Serie A,Over 5.5 Cards,1.0,2.3,,,Paddy Power,Win,1.3,2025-11-06
2025,6/11,Treble,Vitoria v Internacional	,Brazil Serie A,Over 5.5 Cards,0.25,12.02,,,Paddy Power,Win,2.76,2025-11-06
2025,6/11,Basel v FCSB,,UEFA Europa League,Over 4.5 Cards,1.0,2.0,,,Paddy Power,Win,1.0,2025-11-06
2025,6/11,Crvena Zvezda v Lille,,UEFA Europa League,Over 4.5 Cards,1.25,2.5,,,Paddy Power,Win,1.88,2025-11-06
2025,6/11,Nice v Freiburg,,UEFA Europa League,Over 3.5 Cards,2.0,1.8,,,Sky Bet,Loss,-2.0,2025-11-06
2025,6/11,Nice v Freiburg,,UEFA Europa League,Over 4.5 Cards,2.0,2.8,,,Paddy Power,Loss,-2.0,2025-11-06
2025,6/11,Nice v Freiburg,,UEFA Europa League,Red Card ,0.25,8.0,,,Sky Bet,Loss,-0.25,2025-11-06
2025,6/11,Nice v Freiburg,,UEFA Europa League,Both Teams to Receive a Red Card,0.1,151.0,,,Paddy Power,Loss,-0.1,2025-11-06
2025,6/11,Rangers v Roma,,UEFA Europa League,Over 3.5 Cards,1.25,1.73,,,Sky Bet,Loss,-1.25,2025-11-06
2025,6/11,Rangers v Roma,,UEFA Europa League,Over 4.5 Cards,0.25,2.5,,,Sky Bet,Loss,-0.25,2025-11-06
2025,6/11,Aston Villa v Maccabi Tel Aviv,,UEFA Europa League,Under 4.5 Cards,1.25,1.67,,,Paddy Power,Win,0.84,2025-11-06
2025,7/11,Perth Glory v Central Coast Mariners,,Australia A-League,Central Coast Mariners 0.0 AH Cards,1.0,2.08,,,Bet365,Win,1.08,2025-11-07
2025,7/11,Lommel v SK Beveren,,Belgium Challenger Pro League,Over 9.5 Asian Corners,1.0,1.95,,,Bet365,Loss,-1.0,2025-11-07
2025,7/11,Elche v Real Sociedad,,Spain La Liga,Under 9.5 Corners,1.0,1.85,,,Paddy Power,Win,0.85,2025-11-07
2025,8/11,Charlotte FC v New York City ,,USA MLS,Both Teams 2+ Cards,1.0,2.38,,,Sky Bet,Win,1.38,2025-11-08
2025,8/11,Charlotte FC v New York City ,,USA MLS,Both Teams 3+ Cards,0.25,7.0,,,Sky Bet,Loss,-0.25,2025-11-08
2025,8/11,Girona v Alaves,,Spain La Liga,Girona Most Cards,0.5,3.25,,,Paddy Power,Loss,-0.5,2025-11-08
2025,8/11,Bayer Leverkusen v Heidenheim,,Germany Bundesliga,Bayer Leverkusen +0.5 AH Cards,1.0,2.05,,,Bet365,Loss,-1.0,2025-11-08
2025,8/11,Swansea v Ipswich,,England Championship,Under 4.5 Cards,1.25,1.91,,,Paddy Power,Loss,-1.25,2025-11-08
2025,8/11,Wrexham v Charlton,,England Championship,Under 3.5 Cards,1.25,2.3,,,Paddy Power,Loss,-1.25,2025-11-08
2025,8/11,Scunthorpe v Yeovil,,England National League,Over 9 Asian Corners,1.25,1.85,,,Bet365,Loss,-1.25,2025-11-08
2025,8/11,Tamworth v Woking,,England National League,Over 9.5 Asian Corners,1.25,1.9,,,Bet365,Win,1.13,2025-11-08
2025,8/11,Double,Scunthorpe v Yeovil	,England National League,Over 9 Asian Corners,0.25,3.51,,,Bet365,Loss,-0.25,2025-11-08
2025,8/11,Eastleigh v York,,England National League,Over 9 Asian Corners,1.0,1.85,,,Bet365,Win,0.85,2025-11-08
2025,8/11,Morecambe v Sutton Utd,,England National League,Over 9 Asian Corners,1.0,1.8,,,Bet365,Win,0.8,2025-11-08
2025,8/11,Sevilla v Osasuna,,Spain La Liga,Osasuna Most Cards,1.0,2.75,,,Paddy Power,Loss,-1.0,2025-11-08
2025,8/11,Atletico Madrid v Levante,,Spain La Liga,Under 4.5 Asian Total Cards,1.25,2.0,,,Bet365,Win,1.25,2025-11-08
2025,8/11,Espanyol v Villarreal,,Spain La Liga,Over 4.5 Cards,1.0,2.0,,,Paddy Power,Loss,-1.0,2025-11-08
2025,8/11,Venezia v Sampdoria,,Italy Serie B,Venezia -1 AH Corners,1.0,1.8,,,Bet365,Loss,-1.0,2025-11-08
2025,8/11,Minnesota Utd v Seattle Sounders,,USA MLS,Under 4.5 Asian Total Cards,1.0,1.75,,,Bet365,Loss,-1.0,2025-11-08
2025,9/11,Sao Paulo v Bragantino,,Brazil Serie A,Under 6.5 Asian Total Cards,1.5,1.78,,,Bet365,Win,1.17,2025-11-09
2025,9/11,Sydney FC v Macarthur FC,,Australia A-League,Under 4.5 Asian Total Cards,1.0,1.75,,,Bet365,Loss,-1.0,2025-11-09
2025,9/11,Sydney FC v Macarthur FC,,Australia A-League,Macarthur FC +2.5 AH Corners,1.0,1.83,,,Bet365,Win,0.83,2025-11-09
2025,9/11,Atalanta v Sassuolo,,Italy Serie A,Under 3.5 Cards,1.0,1.83,,,Paddy Power,Win,0.83,2025-11-09
2025,9/11,Crystal Palace v Brighton,,Premier League,Crystal Palace +0.5 AH Cards,1.0,1.95,,,Bet365,Loss,-1.0,2025-11-09
2025,9/11,Genoa v Fiorentina,,Italy Serie A,Fiorentina +0.5 AH Cards,1.5,1.95,,,Bet365,Win,1.43,2025-11-09
2025,9/11,Bologna v Napoli,,Italy Serie A,Over 3.5 Asian Total Cards,1.0,1.8,,,Bet365,Win,0.8,2025-11-09
2025,9/11,Bologna v Napoli,,Italy Serie A,Over 4.5 Cards,0.25,2.62,,,Bet365,Loss,-0.25,2025-11-09
2025,9/11,Frankfurt v Mainz,,Germany Bundesliga,Mainz Most Cards,2.0,2.25,,,Sky Bet,Win,2.5,2025-11-09
2025,9/11,Vitoria v Botafogo,,Brazil Serie A,Botafogo +0.5 AH Cards,1.25,2.1,,,Bet365,Win,1.38,2025-11-09
2025,9/11,Vitoria v Botafogo,,Brazil Serie A,Botafogo +0 Card Handicap,0.25,3.6,,,Bet365,Loss,-0.25,2025-11-09
2025,9/11,Vitoria v Botafogo,,Brazil Serie A,Over 5.5 Cards,1.0,2.38,,,Sky Bet,Loss,-1.0,2025-11-09
2025,9/11,Corinthians v Ceara,,Brazil Serie A,Over 5.5 Cards,1.5,2.38,,,Sky Bet,Win,2.07,2025-11-09
2025,9/11,Inter v Lazio,,Italy Serie A,Inter Most Cards,0.5,4.33,,,Sky Bet,Win,1.67,2025-11-09
2025,9/11,Fortaleza v Gremio,,Brazil Serie A,Over 5.5 Cards,1.0,2.0,,,Paddy Power,Win,1.0,2025-11-09
2025,11/11,Roma W v Valerenga W,,UEFA Champions League Women,Under 10 Asian Corners,1.0,1.83,,,Bet365,Win,0.83,2025-11-11
2025,11/11,MK Dons v Swindon,,England EFL Trophy,Over 9.5 Asian Corners,1.25,2.0,1.79,111.73,Bet365,Loss,-1.25,2025-11-11
2025,11/11,MK Dons v Swindon,,England EFL Trophy,Over 10.5 Corners,0.25,2.62,2.37,110.55,Bet365,Loss,-0.25,2025-11-11
2025,11/11,MK Dons v Swindon,,England EFL Trophy,Over 11.5 Corners,0.15,3.5,,,Bet365,Loss,-0.15,2025-11-11
2025,11/11,MK Dons v Swindon,,England EFL Trophy,Over 12.5 Corners,0.1,5.0,,,Bet365,Loss,-0.1,2025-11-11
2025,11/11,York v Rochdale,,England National League,Over 9 Asian Corners,1.5,1.9,,,Bet365,Loss,-1.5,2025-11-11
2025,12/11,Benfica Women v FC Twente Women,,UEFA Champions League Women,FC Twente W +0.5 AH Corners,1.0,1.98,1.86,106.45,Bet365,Win,0.98,2025-11-12
2025,13/11,Moldova v Italy,,FIFA World Cup Qualifiers Europe,Italy +1 AH Cards,1.0,1.8,,,Bet365,Loss,-1.0,2025-11-13
2025,14/11,Turkey U21 v Ukraine U21,,Euro U21 Qualification,Under 10 Asian Corners,1.0,1.8,,,Bet365,Win,0.8,2025-11-14
2025,14/11,Poland v Netherlands,,FIFA World Cup Qualifiers Europe,Netherlands +0.5 AH Cards,1.25,2.03,,,Bet365,Loss,-1.25,2025-11-14
2025,15/11,Kazakhstan v Belgium,,FIFA World Cup Qualifiers Europe,Over 9 Asian Corners,1.0,1.8,,,Bet365,Win,0.8,2025-11-15
2025,15/11,Penybont v Bala Town,,Wales Premier League,Over 8.5 Asian Corners,1.25,1.93,1.77,109.04,Bet365,Loss,-1.25,2025-11-15
2025,15/11,Penybont v Bala Town,,Wales Premier League,Over 9.5 Corners,0.25,2.5,2.32,107.76,Bet365,Loss,-0.25,2025-11-15
2025,15/11,Penybont v Bala Town,,Wales Premier League,Over 10.5 Corners,0.15,3.5,,,Bet365,Loss,-0.15,2025-11-15
2025,15/11,Penybont v Bala Town,,Wales Premier League,Over 11.5 Corners,0.1,5.0,,,Bet365,Loss,-0.1,2025-11-15
2025,15/11,Georgia v Spain,,FIFA World Cup Qualifiers Europe,Spain +0.5 AH Cards,1.0,1.95,,,Bet365,Win,0.95,2025-11-15
2025,15/11,Liechstenstein v Wales,,FIFA World Cup Qualifiers Europe,Wales -8 Corner Handicap,1.0,1.91,,,Paddy Power,Loss,-1.0,2025-11-15
2025,15/11,Slovenia v Kosovo,,FIFA World Cup Qualifiers Europe,Under 8.5 Corners,1.25,2.1,,,Paddy Power,Loss,-1.25,2025-11-15
2025,15/11,Sport Recife v Flamengo,,Brazil Serie A,Over 4.5 Cards,1.0,2.0,,,Paddy Power,Win,1.0,2025-11-15
2025,16/11,Santos v Flamengo,,Brazil Serie A,Over 5.5 Cards,1.0,2.3,,,Paddy Power,Loss,-1.0,2025-11-16
2025,16/11,Double,Sport Recife v Flamengo	,Brazil Serie A,Over 4.5 Cards,0.25,4.6,,,Paddy Power,Loss,-0.25,2025-11-16
2025,16/11,Serbia v Latvia,,FIFA World Cup Qualifiers Europe,Serbia +1 AH Cards,1.25,1.95,,,Bet365,Loss,-1.25,2025-11-16
2025,16/11,Serbia v Latvia,,FIFA World Cup Qualifiers Europe,Over 3.5 Cards,1.25,2.2,,,Sky Bet,Loss,-1.25,2025-11-16
2025,16/11,Albania v England,,FIFA World Cup Qualifiers Europe,England -2.5 AH Corners,1.0,2.0,,,Bet365,Loss,-1.0,2025-11-16
2025,16/11,Italy v Norway,,FIFA World Cup Qualifiers Europe,Over 9.5 Corners,1.25,2.2,,,Paddy Power,Loss,-1.25,2025-11-16
2025,16/11,Italy v Norway,,FIFA World Cup Qualifiers Europe,Norway +1 Corner Handicap,1.0,2.3,,,Paddy Power,Loss,-1.0,2025-11-16
2025,17/11,Netherlands v Lithuania,,FIFA World Cup Qualifiers Europe,Over 9 Asian Corners,1.0,1.95,,,Bet365,Loss,-1.0,2025-11-17
2025,17/11,Czechia v Gibraltar,,FIFA World Cup Qualifiers Europe,Czechia -8 AH Corners,2.0,1.95,,,Bet365,Win,1.9,2025-11-17
2025,17/11,Czechia v Gibraltar,,FIFA World Cup Qualifiers Europe,Over 10.5 Corners,1.5,2.0,,,Sky Bet,Win,1.5,2025-11-17
2025,18/11,Greece U21 v Northern Ireland U21,,Euro U21 Qualification,Under 9 Asian Corners,1.0,2.0,,,Bet365,Win,1.0,2025-11-18
2025,18/11,Lithuania U21 v Turkey U21,,Euro U21 Qualification,Lithuania U21 +6 AH Corners,2.0,1.8,,,Bet365,Win,1.6,2025-11-18
2025,18/11,Lithuania U21 v Turkey U21,,Euro U21 Qualification,Under 10 Asian Corners,1.5,2.0,,,Bet365,Win,1.5,2025-11-18
2025,18/11,Finland U21 v Kosovo U21,,Euro U21 Qualification,Under 10 Asian Corners,1.0,1.8,,,Bet365,Win,0.8,2025-11-18
2025,18/11,Double,Greece U21 v Northern Ireland U21	,Euro U21 Qualification,Under 9 Asian Corners,0.5,3.6,,,Bet365,Win,1.3,2025-11-18
2025,18/11,Hungary U21 v Croatia U21,,Euro U21 Qualification,Over 8.5 Asian Corners,1.0,2.0,,,Bet365,Loss,-1.0,2025-11-18
2025,18/11,Belgium v Liechtenstein,,FIFA World Cup Qualifiers Europe,Under 2.5 Cards,1.25,1.87,,,Paddy Power,Win,1.09,2025-11-18
2025,18/11,Kosovo v Switzerland,,FIFA World Cup Qualifiers Europe,Switzerland -2 Corner Handicap,1.0,2.3,,,Paddy Power,Loss,-1.0,2025-11-18
2025,18/11,Belgium v Liechtenstein,,FIFA World Cup Qualifiers Europe,Corner Bet Builder,1.5,1.86,,,Bet365,Win,1.29,2025-11-18
2025,18/11,Belgium v Liechtenstein,,FIFA World Cup Qualifiers Europe,Corner Bet Builder,0.25,3.1,,,Bet365,Loss,-0.25,2025-11-18
2025,18/11,Darlington v Peterborough Sports,,England National League North,Over 8 Asian Corners,1.25,1.9,,,Bet365,Win,1.13,2025-11-18
2025,19/11,Valerenga Women v St Polten Women,,UEFA Champions League Women,Under 10 Asian Corners,1.0,1.88,,,Bet365,Win,0.88,2025-11-19
2025,21/11,Double,Nice v Marseille,France Ligue 1,Marseille -1.5 AH Corners,0.25,3.9,,,Bet365,Loss,-0.25,2025-11-21
2025,21/11,Nice v Marseille,,France Ligue 1,Marseille -1.5 AH Corners,1.0,2.0,,,Bet365,Loss,-1.0,2025-11-21
2025,21/11,Valencia v Levante,,Spain La Liga,Both Teams 2+ Cards,2.5,1.8,,,Sky Bet,Win,2.0,2025-11-21
2025,21/11,Valencia v Levante,,Spain La Liga,Both Teams 3+ Cards,0.5,4.0,,,Sky Bet,Loss,-0.5,2025-11-21
2025,21/11,Valencia v Levante,,Spain La Liga,Over 9.5 Corners,1.0,1.85,,,Sky Bet,Loss,-1.0,2025-11-21
2025,22/11,Harrogate Town v Walsall,,England League 2,Harrogate Town +2 AH Corners,1.0,1.95,,,Bet365,Loss,-1.0,2025-11-22
2025,22/11,Oxford Utd v Middlesbrough,,England Championship,Middlesbrough Most Cards,2.0,2.4,,,Paddy Power,Loss,-2.0,2025-11-22
2025,22/11,Northampton v Cardiff,,England League 1,Northampton +1 AH Corners,1.0,1.8,,,Bet365,Win,0.8,2025-11-22
2025,22/11,Swindon v Grimsby,,England League 2,Over 10 Asian Corners,1.0,1.98,,,Bet365,Win,0.98,2025-11-22
2025,22/11,Truro City v Sutton Utd,,England National League,Over 9 Asian Corners,1.25,1.83,,,Bet365,Win,1.04,2025-11-22
2025,22/11,Halifax v Solihull Moors,,England National League,Over 9 Asian Corners,1.0,1.83,,,Bet365,Win,0.83,2025-11-22
2025,22/11,Wolves v Crystal Palace,,Premier League,Wolves 0.0 AH Cards,1.0,2.05,1.93,106.22,Bet365,Loss,-1.0,2025-11-22
2025,22/11,Barcelona v Athletic Bilbao,,Spain La Liga,Barcelona -2.5 AH Corners,1.0,1.98,,,Bet365,Loss,-1.0,2025-11-22
2025,22/11,Boston Utd v Carlisle,,England National League,Over 9 Asian Corners,1.0,1.83,,,Bet365,Win,0.83,2025-11-22
2025,22/11,PSG v Le Havre,,France Ligue 1,PSG -4.5 AH Corners,1.0,1.95,,,Bet365,Loss,-1.0,2025-11-22
2025,23/11,Palmeiras v Fluminense,,Brazil Serie A,Fluminense +3.5 AH Corners,1.25,1.83,,,Bet365,Win,1.04,2025-11-23
2025,23/11,Flamengo v RB Bragantino,,Brazil Serie A,Flamengo -4 Corner Handicap,1.5,2.2,,,Paddy Power,Loss,-1.5,2025-11-23
2025,23/11,Sheff Wed v Sheff Utd,,England Championship,Over 10.5 Corners,1.25,2.25,,,Sky Bet,Win,1.56,2025-11-23
2025,23/11,Sheff Wed v Sheff Utd,,England Championship,Over 10.5 Corners,1.75,2.2,,,Sky Bet,Win,2.1,2025-11-23
2025,23/11,Sheff Wed v Sheff Utd,,England Championship,Over 11.5 Corners,0.25,3.2,,,Sky Bet,Loss,-0.25,2025-11-23
2025,23/11,Kaiserslautern v Holstein Kiel,,Germany Bundesliga 2,Holstein Kiel +1 AH Corners,1.0,1.98,,,Bet365,Loss,-1.0,2025-11-23
2025,23/11,Leeds v Aston Villa,,Premier League,Over 3.5 Cards,1.25,1.83,,,Sky Bet,Win,1.04,2025-11-23
2025,23/11,Leeds v Aston Villa,,Premier League,Both Teams 2+ Cards,0.5,2.88,,,Sky Bet,Loss,-0.5,2025-11-23
2025,23/11,RB Leipzig v Werder Bremen,,Germany Bundesliga ,Under 4.5 Asian Total Cards,1.0,2.05,,,Bet365,Win,1.05,2025-11-23
2025,23/11,RB Leipzig v Werder Bremen,,Germany Bundesliga ,Werder Bremen -0.5 AH Cards,1.5,1.95,,,Bet365,Win,1.43,2025-11-23
2025,23/11,Double,Lazio v Lecce,Italy Serie A,Lecce +3 Corner Handicap,0.25,3.82,,,Sky Bet,Loss,-0.25,2025-11-23
2025,23/11,Lazio v Lecce,,Italy Serie A,Lecce +3 Corner Handicap,1.0,2.0,,,Sky Bet,Loss,-1.0,2025-11-23
2025,23/11,Cuiaba v Criciuma,,Brazil Serie B,Under 10 Asian Corners,1.0,1.8,,,Bet365,Loss,-1.0,2025-11-23
2025,23/11,Sao Paulo v Juventude,,Brazil Serie A,Sao Paulo -3 AH Corners,1.5,1.95,,,Bet365,Loss,-1.5,2025-11-23
2025,23/11,Elche v Real Madrid,,Spain La Liga,Elche +3 Corner Handicap,1.5,1.91,,,Sky Bet,Loss,-1.5,2025-11-23
2025,23/11,Cincinnati v Inter Miami,,USA MLS,Under 4.5 Cards,1.0,1.95,,,Paddy Power,Win,0.95,2025-11-23
2025,23/11,Cruzeiro v Corinthians,,Brazil Serie A,Corinthians +2.5 AH Corners,1.25,1.98,,,Bet365,Loss,-1.25,2025-11-23
2025,24/11,Istanbul Basaksehir v Trabzonspor,,Turkey Super Lig,Istanbul Basaksehir -0.5 AH Corners,1.0,1.95,,,Bet365,Loss,-1.0,2025-11-24
2025,24/11,Larissa v OFI Crete,,Greece Super League,Larissa -1 AH Corners,1.0,2.0,,,Bet365,Win,1.0,2025-11-24
2025,24/11,Reims v Montpellier,,France Ligue 2,Reims -0.5 AH Corners,1.25,1.95,,,Bet365,Win,1.19,2025-11-24
2025,25/11,San Diego FC v Minnesota Utd,,USA MLS,Minnesota Utd Most Cards,3.0,2.25,,,Paddy Power,Loss,-3.0,2025-11-25
2025,25/11,Double,Ajax v Benfica,UEFA Champions League,Over 4.5 Asian Total Cards,0.5,3.9,3.58,108.94,Bet365,Loss,-0.5,2025-11-25
2025,25/11,Ajax v Benfica,,UEFA Champions League,Benfica +0.5 AH Cards,1.0,1.8,1.7,105.88,Bet365,Win,0.8,2025-11-25
2025,25/11,Watford v Preston,,England Championship,Watford +0.5 AH Cards,1.0,2.05,,,Bet365,Loss,-1.0,2025-11-25
2025,25/11,Peterborough v Stevenage,,England League 1,Stevenage Most Corners,1.0,2.4,2.27,105.73,Paddy Power,Loss,-1.0,2025-11-25
2025,25/11,Man City v Bayer Leverkusen,,UEFA Champions League,Man City -4 Corner Handicap,1.25,2.3,,,Paddy Power,Win,1.63,2025-11-25
2025,25/11,Man City v Bayer Leverkusen,,UEFA Champions League,Man City +1 AH Cards,1.0,1.88,,,Bet365,Loss,-1.0,2025-11-25
2025,25/11,Napoli v Qarabag,,UEFA Champions League,Napoli +1 AH Cards,1.0,1.8,,,Bet365,Win,0.8,2025-11-25
2025,25/11,Chelsea v Barcelona,,UEFA Champions League,Barcelona 0.0 AH Cards,1.5,1.95,,,Bet365,Win,1.43,2025-11-25
2025,26/11,FC Copenhagen v Kairat Almaty,,UEFA Champions League,FC Copenhagen -2 AH Corners,1.0,1.85,,,Bet365,Win,0.85,2025-11-26
2025,26/11,RB Bragantino v Fortaleza,,Brazil Serie A,Over 5.5 Cards,1.25,2.1,,,Sky Bet,Loss,-1.25,2025-11-26
2025,27/11,AZ v Shelbourne,,UEFA Conference League,Over 9 Asian Corners,1.0,1.93,,,Bet365,Win,0.93,2025-11-27
2025,27/11,Aston Villa v Young Boys,,UEFA Europa League,Young Boys Most Cards,2.0,1.91,,,Sky Bet,Loss,-2.0,2025-11-27
2025,27/11,Aston Villa v Young Boys,,UEFA Europa League,Young Boys +5 Corner Handicap,1.0,2.2,,,Sky Bet,Loss,-1.0,2025-11-27
2025,27/11,Breidablik v Samsunspor,,UEFA Conference League,Breidablik +1 AH Corners,1.0,1.95,,,Bet365,Loss,-1.0,2025-11-27
2025,27/11,Betis v Utrecht,,UEFA Europa League,Utrecht +3 Corner Handicap,1.5,2.38,,,Sky Bet,Win,2.07,2025-11-27
2025,27/11,Genk v Basel,,UEFA Europa League,Basel Most Cards,1.0,2.2,,,Sky Bet,Loss,-1.0,2025-11-27
2025,27/11,Panathinaikos v Sturm Graz,,UEFA Europa League,Panathanaikos +0.5 AH Cards,1.0,1.98,,,Bet365,Win,0.98,2025-11-27
2025,27/11,Go Ahead Eagles v Stuttgart,,UEFA Europa League,Stuttgart +0.5 AH Cards,1.5,1.98,,,Bet365,Win,1.47,2025-11-27
2025,28/11,Oxford Utd v Ipswich,,England Championship,Ipswich -1 Corner Handicap,1.25,2.0,,,Paddy Power,Win,1.25,2025-11-28
2025,28/11,Oxford Utd v Ipswich,,England Championship,Ipswich -1 Corner Handicap,0.25,1.91,,,Paddy Power,Win,0.23,2025-11-28
2025,29/11,Portsmouth v Bristol City,,England Championship,Portsmouth -0.5 AH Corners,1.0,2.0,,,Bet365,Loss,-1.0,2025-11-29
2025,29/11,Mallorca v Osasuna,,Spain La Liga,Both Teams 2+ Cards,1.25,2.0,,,Sky Bet,Win,1.25,2025-11-29
2025,29/11,Norwich v QPR,,England Championship,Over 10.5 Corners,1.0,2.25,,,Paddy Power,Win,1.25,2025-11-29
2025,29/11,Colchester v Cheltenham,,England League 2,Cheltenham +3.5 AH Corners,1.0,1.83,,,Bet365,Win,0.83,2025-11-29
2025,29/11,Bristol Rovers v Notts County,,England League 2,Bristol Rovers 0.0 AH Corners,1.25,1.98,,,Bet365,Win,1.23,2025-11-29
2025,29/11,Newport County v Barrow,,England League 2,Newport County +0.5 AH Corners,1.0,1.98,,,Bet365,Win,0.98,2025-11-29
2025,29/11,Cambridge Utd v Crewe,,England League 2,Cambridge Utd -1 AH Corners,1.25,1.9,,,Bet365,Win,1.13,2025-11-29
2025,29/11,Treble,Newport County v Barrow	,England League 2,Newport County +0.5 AH Corners,0.25,6.84,,,Bet365,Win,1.46,2025-11-29
2025,29/11,Monaco v PSG,,France Ligue 1,PSG +0.5 AH Cards,2.0,1.88,,,Bet365,Loss,-2.0,2025-11-29
2025,29/11,Levante v Athletic Bilbao,,Spain La Liga,Both Teams 2+ Cards,0.75,2.5,,,Sky Bet,Win,1.13,2025-11-29
2025,29/11,Bayer Leverkusen v Dortmund,,Germany Bundesliga,Bayer Leverkusen +0.5 AH Cards,1.0,1.85,,,Bet365,Loss,-1.0,2025-11-29
2025,29/11,Marseille v Toulouse,,France Ligue 1,Marseille +0.5 AH Cards,3.0,2.0,,,Bet365,Win,3.0,2025-11-29
2025,29/11,Inter Miami v New York City,,USA MLS,Under 4.5 Cards,1.0,2.1,,,Sky Bet,Loss,-1.0,2025-11-29
2025,30/11,Auckland FC v Newcastle Jets,,Australia A-League,Newcastle Jets +0.5 AH Cards,1.5,1.75,,,Bet365,Loss,-1.5,2025-11-30
2025,30/11,Macarthur FC v Perth Glory,,Australia A-League,Under 10.5 Asian Corners,1.0,1.95,,,Bet365,Loss,-1.0,2025-11-30
2025,30/11,Lecce v Torino,,Italy Serie A,Under 4 Asian Total Cards,1.25,2.03,,,Bet365,Loss,-1.25,2025-11-30
2025,30/11,Arka Gdynia v Rakow Czestochowa ,,Poland Ekstraklasa,Under 9.5 Asian Corners,1.0,1.83,,,Bet365,Win,0.83,2025-11-30
2025,30/11,Pisa v Inter,,Italy Serie A,Inter +0.5 AH Cards,2.0,1.98,,,Bet365,Loss,-2.0,2025-11-30
2025,30/11,Nottm Forest v Brighton,,Premier League,Nottm Forest Most Cards,1.0,3.4,,,Paddy Power,Loss,-1.0,2025-11-30
2025,30/11,Atromitos Athinon v Asteras Tripolis,,Greece Super League,Atromitos Athinon 0.0 AH Corners,1.0,1.8,,,Bet365,Win,0.8,2025-11-30
2025,30/11,Angers v Lens,,France Ligue 1,Lens Most Cards,1.0,2.4,,,Paddy Power,Loss,-1.0,2025-11-30
2025,30/11,Sandefjord v KFUM,,Norway Eliteserien,Sandefjord 0.0 AH Corners,1.25,1.95,,,Bet365,Loss,-1.25,2025-11-30
2025,2/12,Juventus v Udinese,,Coppa Italia,Under 4 Asian Total Cards,1.25,1.75,,,Bet365,Win,0.94,2025-12-02
2025,3/12,Gremio v Fluminense,,Brazil Serie A,Fluminense 0.0 AH Cards,1.0,1.9,,,Bet365,Loss,-1.0,2025-12-03
2025,3/12,Napoli v Cagliari,,Coppa Italia,Under 3.5 Asian Total Cards,1.5,1.83,,,Bet365,Win,1.25,2025-12-03
2025,3/12,Brighton v Aston Villa,,Premier League,Under 9.5 Asian Corners,1.25,1.98,,,Bet365,Loss,-1.25,2025-12-03
2025,3/12,Hamburg v Holstein Kiel,,DFB Pokal,Under 10.5 Asian Corners,1.0,1.98,,,Bet365,Win,0.98,2025-12-03
2025,3/12,Inter v Venezia,,Coppa Italia,10+ Corners,1.25,2.0,,,Sky Bet,Loss,-1.25,2025-12-03
2025,3/12,Liverpool v Sunderland,,Premier League,Liverpool -3 AH Corners,1.25,1.83,,,Bet365,Win,1.04,2025-12-03
2025,3/12,Liverpool v Sunderland,,Premier League,Xhaka to be Carded,1.0,5.0,,,Paddy Power,Loss,-1.0,2025-12-03
2025,3/12,Fortaleza v Corinthians,,Brazil Serie A,Corinthians +1 AH Corners,1.0,1.95,,,Bet365,Win,0.95,2025-12-03
2025,4/12,Flamengo v Ceara,,Brazil Serie A,Under 5 Asian Total Cards,1.0,1.93,,,Bet365,Win,0.93,2025-12-04
2025,4/12,Cruzeiro v Botafogo,,Brazil Serie A,Over 4.5 Cards,1.0,1.95,,,Paddy Power,Win,0.95,2025-12-04
2025,5/12,Brest v Monaco,,France Ligue 1,Monaco Most Cards,1.5,2.4,,,Paddy Power,Win,2.1,2025-12-05
2025,5/12,Lille v Marseille,,France Ligue 1,Both Teams 2+ Cards,3.0,2.25,,,Sky Bet,Loss,-3.0,2025-12-05
2025,5/12,Lille v Marseille,,France Ligue 1,Both Teams 3+ Cards,0.5,6.5,,,Sky Bet,Loss,-0.5,2025-12-05
2025,6/12,Felgueiras 1932 v Sporting B,,Portugal Liga 2,Felgueiras 1932 -1 AH Corners,1.0,1.95,,,Bet365,Win,0.95,2025-12-06
2025,6/12,Cardiff v Huddersfield,,England League 1,Huddersfield +1 AH Corners,1.25,1.95,,,Bet365,Win,1.19,2025-12-06
2025,6/12,Halifax v Braintree Town,,England National League,Under 10 Asian Corners,1.25,1.93,,,Bet365,Loss,-1.25,2025-12-06
2025,6/12,Toulouse v Strasbourg,,France Ligue 1,Both Teams 2+ Cards,3.0,2.38,,,Sky Bet,Win,4.14,2025-12-06
2025,6/12,Toulouse v Strasbourg,,France Ligue 1,Both Teams 3+ Cards,0.5,7.0,,,Sky Bet,Win,3.0,2025-12-06
2025,7/12,Man Utd (W) v West Ham (W)	,,England Women Super League,Over 9.5 Asian Corners,1.25,2.0,,,Bet365,Loss,-1.25,2025-12-07
2025,7/12,Man Utd (W) v West Ham (W)	,,England Women Super League,West Ham (W) +4.5 AH Corners,1.25,1.95,,,Bet365,Loss,-1.25,2025-12-07
2025,7/12,Chelsea (W) v Everton (W),,England Women Super League,Everton (W) +6 AH Corners,1.25,2.0,,,Bet365,Loss,-1.25,2025-12-07
2025,7/12,Chelsea (W) v Everton (W),,England Women Super League,Over 9.5 Asian Corners,1.0,1.83,,,Bet365,Win,0.83,2025-12-07
2025,7/12,Chelsea (W) v Everton (W),,England Women Super League,10+ Corners,1.0,2.0,,,Sky Bet,Win,1.0,2025-12-07
2025,7/12,Valencia v Sevilla,,Spain La Liga,Both Teams 2+ Cards,1.5,1.8,,,Sky Bet,Win,1.2,2025-12-07
2025,7/12,Auxerre v Metz,,France Ligue 1,Under 4.5 Asian Total Cards,1.0,1.8,,,Bet365,Win,0.8,2025-12-07
2025,7/12,Lazio v Bologna,,Italy Serie A,Bologna 0.0 AH Cards,1.25,1.8,,,Bet365,Loss,-1.25,2025-12-07
2025,7/12,Lazio v Bologna,,Italy Serie A,Under 5.5 Asian Total Cards,1.0,1.9,,,Bet365,Loss,-1.0,2025-12-07
2025,7/12,Lazio v Bologna,,Italy Serie A,Under 5.5 Asian Total Cards,0.5,2.0,,,Bet365,Loss,-0.5,2025-12-07
2025,7/12,Internacional v RB Bragantino,,Brazil Serie A,Both Teams 2+ Cards,3.0,1.91,,,Sky Bet,Win,2.73,2025-12-07
2025,7/12,Internacional v RB Bragantino,,Brazil Serie A,Both Teams 3+ Cards,0.5,5.0,,,Sky Bet,Loss,-0.5,2025-12-07
2025,7/12,Vitoria v Sao Paulo,,Brazil Serie A,Both Teams 2+ Cards,2.0,1.91,,,Sky Bet,Loss,-2.0,2025-12-07
2025,7/12,Vitoria v Sao Paulo,,Brazil Serie A,Both Teams 3+ Cards,0.25,5.0,,,Sky Bet,Loss,-0.25,2025-12-07
2025,7/12,Botafogo v Fortaleza,,Brazil Serie A,Both Teams 2+ Cards & Over 5.5 Cards,2.0,2.32,,,Sky Bet,Loss,-2.0,2025-12-07
2025,7/12,Treble,Internacional v RB Bragantino	,Brazil Serie A,Both Teams 2+ Cards,0.5,8.47,,,Sky Bet,Loss,-0.5,2025-12-07
2025,7/12,Treble,Internacional v RB Bragantino	,Brazil Serie A,Both Teams 3+ Cards,0.25,93.75,,,Sky Bet,Loss,-0.25,2025-12-07
2025,7/12,Real Madrid v Celta Vigo,,Spain La Liga,Under 4.5 Cards,1.0,1.67,,,Sky Bet,Loss,-1.0,2025-12-07
2025,7/12,Real Madrid v Celta Vigo,,Spain La Liga,Under 3.5 Cards,0.5,2.38,,,Sky Bet,Loss,-0.5,2025-12-07
2025,8/12,Pisa v Parma,,Italy Serie A,Pisa Most Cards,0.75,3.0,,,Sky Bet,Win,1.5,2025-12-08
2025,8/12,Udinese v Genoa,,Italy Serie A,Over 4 Asian Total Cards,1.0,1.9,,,Bet365,Loss,-1.0,2025-12-08
2025,8/12,Torino v AC Milan,,Italy Serie A,Under 3.5 Cards,1.5,2.2,,,Ladbrokes,Win,1.8,2025-12-08
2025,8/12,Wolves v Man Utd,,Premier League,Wolves 0.0 AH Cards,1.0,1.95,,,Bet365,Win,0.95,2025-12-08
2025,9/12,Swindon v Cheltenham ,,England League 2,Cheltenham +3.5 AH Corners,1.0,1.95,,,Bet365,Win,0.95,2025-12-09
2025,9/12,Shrewbury v Grimsby,,England League 2,Grimsby 0.0 AH Corners,1.0,1.83,,,Bet365,Win,0.83,2025-12-09
2025,9/12,Double,Swindon v Cheltenham 	,England League 2,Cheltenham +3.5 AH Corners,0.25,3.52,,,Bet365,Win,0.63,2025-12-09
2025,9/12,Preston v Coventry,,England Championship,Coventry Most Cards,0.5,4.0,,,Paddy Power,Loss,-0.5,2025-12-09
2025,9/12,Southampton v West Brom,,England Championship,Southampton +0.5 AH Cards,1.25,2.0,,,Bet365,Win,1.25,2025-12-09
2025,9/12,Watford v Sheff Wed,,England Championship,Watford +0.5 AH Cards,1.0,1.98,,,Bet365,Win,0.98,2025-12-09
2025,9/12,Union SG v Marseille,,UEFA Champions League,Both Teams 2+ Cards,2.0,2.25,,,Sky Bet,Loss,-2.0,2025-12-09
2025,9/12,Monaco v Galatasaray,,UEFA Champions League,Both Teams 2+ Cards,2.0,2.2,,,Sky Bet,Loss,-2.0,2025-12-09
2025,9/12,Tottenham v Slavia Prague,,UEFA Champions League,Over 3.5 Cards,1.0,1.73,,,Sky Bet,Win,0.73,2025-12-09
2025,9/12,Double,Union SG v Marseille	,UEFA Champions League,Both Teams 2+ Cards,0.5,4.95,,,Sky Bet,Loss,-0.5,2025-12-09
2025,9/12,Double,Union SG v Marseille	,UEFA Champions League,Both Teams 3+ Cards,0.1,39.0,,,Sky Bet,Loss,-0.1,2025-12-09
2025,10/12,Qarabag v Ajax,,UEFA Champions League,Both Teams 2+ Cards,2.0,2.2,,,Sky Bet,Loss,-2.0,2025-12-10
2025,10/12,Villarreal v FC Copenhagen,,UEFA Champions League,Both Teams 2+ Cards,1.5,2.38,,,Sky Bet,Win,2.07,2025-12-10
2025,10/12,Double,Qarabag v Ajax ,UEFA Champions League,Both Teams 2+ Cards,0.25,5.23,,,Sky Bet,Loss,-0.25,2025-12-10
2025,10/12,Double,Qarabag v Ajax ,UEFA Champions League,Both Teams 3+ Cards,0.1,42.0,,,Sky Bet,Loss,-0.1,2025-12-10
2025,10/12,Leverkusen v Newcastle,,UEFA Champions League,Both Teams 2+ Cards,1.5,2.1,,,Sky Bet,Win,1.65,2025-12-10
2025,10/12,Kings Lynn Town v Macclesfield,,England National League North,Over 9 Asian Corners,1.25,1.93,,,Bet365,Win,1.16,2025-12-10
2025,10/12,Ipswich v Stoke,,England Championship,Under 4.5 Asian Total Cards,1.0,1.95,,,Bet365,Win,0.95,2025-12-10
2025,11/12,Double,Aberdeen v Strasbourg,UEFA Conference League,Aberdeen +1.5 AH Corners,0.75,3.6,,,Bet365,Win,1.95,2025-12-11
2025,12/12,West Brom v Sheff Utd,,England Championship,Sheff Utd +1 Corner Handicap,1.5,2.3,,,Paddy Power,Loss,-1.5,2025-12-12
2025,13/12,Western Sydney Wanderers v Brisbane Roar,,Australia A-League,Western Sydney Wanderers 0.0 AH Corners,1.25,1.83,,,Bet365,Win,1.04,2025-12-13
2025,13/12,Sudtirol v Bari,,Italy Serie B,Sudtirol -1 AH Corners,1.25,1.98,,,Bet365,Loss,-1.25,2025-12-13
2025,13/12,Walsall v Shrewsbury ,,England League 2,Shrewsbury +2.5 AH Corners,1.25,1.85,,,Bet365,Win,1.06,2025-12-13
2025,13/12,Liverpool v Brighton,,Premier League,Brighton Most Cards,2.0,2.38,,,Sky Bet,Win,2.76,2025-12-13
2025,13/12,Metz v PSG,,France Ligue 1,PSG +0.5 AH Cards,1.0,2.08,,,Bet365,Loss,-1.0,2025-12-13
2025,13/12,PSV v Heracles,,Netherlands Eredivisie,PSV -5 AH Corners,1.0,1.83,,,Bet365,Win,0.83,2025-12-13
2025,14/12,Lyon v Le Havre,,France Ligue 1,Under 4.5 Asian Total Cards,1.0,2.0,,,Bet365,Loss,-1.0,2025-12-14
2025,14/12,Sunderland v Newcastle,,Premier League,Sunderland 0.0 AH Cards,1.0,1.98,,,Bet365,Win,0.98,2025-12-14
2025,14/12,West Ham v Aston Villa,,Premier League,Aston Villa +1 AH Cards,1.5,1.78,,,Bet365,Win,1.17,2025-12-14
2025,14/12,West Ham v Aston Villa,,Premier League,Aston Villa +0 Card Handicap,0.25,4.75,,,Bet365,Win,0.94,2025-12-14
2025,14/12,Man Utd (W) v Tottenham (W),,England Women Super League,Over 8.5 Asian Corners,1.0,1.88,,,Bet365,Win,0.88,2025-12-14
2025,14/12,Celta Vigo v Athletic Bilbao,,Spain La Liga,Over 4.5 Cards,3.0,2.3,,,Paddy Power,Win,3.9,2025-12-14
2025,14/12,Celta Vigo v Athletic Bilbao,,Spain La Liga,Over 5.5 Cards,1.0,3.9,,,Paddy Power,Loss,-1.0,2025-12-14
2025,14/12,Celta Vigo v Athletic Bilbao,,Spain La Liga,Over 6.5 Cards,0.5,7.0,,,Paddy Power,Loss,-0.5,2025-12-14
2025,14/12,Werder Bremen v Stuttgart,,Germany Bundesliga,Stuttgart +0.5 AH Cards,1.0,1.95,,,Bet365,Loss,-1.0,2025-12-14
2025,14/12,Corinthians v Cruzeiro,,Brazil Cup,Cruzeiro Most Corners,1.25,1.8,,,Sky Bet,Loss,-1.25,2025-12-14
2025,14/12,Fluminense v Vasco Da Gama,,Brazil Cup,Vasco Da Gama Most Cards,1.25,2.0,,,Sky Bet,Loss,-1.25,2025-12-14
2025,14/12,Double,Corinthians v Cruzeiro	,Brazil Cup,Cruzeiro Most Corners,0.75,3.6,,,Sky Bet,Loss,-0.75,2025-12-14
2025,15/12,Roma v Como,,Italy Serie A,Under 4.5 Asian Total Cards,1.25,2.03,,,Bet365,Loss,-1.25,2025-12-15
2025,15/12,Rayo Vallecano v Betis,,Spain La Liga,Rayo Vallecano -1 Corner Handicap,1.0,2.3,,,Paddy Power,Win,1.3,2025-12-15
2025,17/12,Man City v Brentford,,EFL Cup,Under 3.5 Cards,1.0,1.95,,,Paddy Power,Win,0.95,2025-12-17
2025,18/12,Patro Eisden Maasmechelen v Eupen,,Belgium Challenger Pro League,Under 9 Asian Corners,1.25,2.0,1.89,105.82,Bet365,Loss,-1.25,2025-12-18
2025,19/12,Macarthur FC v Brisbane Roar,,Australia A-League,Macarthur FC +0.5 AH Cards,1.25,2.05,1.92,106.77,Bet365,Win,1.31,2025-12-19
2025,19/12,Macarthur FC v Brisbane Roar,,Australia A-League,Over 4 Asian Total Cards,1.25,1.98,1.7,116.47,Bet365,Win,1.23,2025-12-19
2025,19/12,Western Sydney Wanderers v Auckland FC,,Australia A-League,Over 3 Asian Total Cards,3.0,1.78,,,Bet365,Win,2.34,2025-12-19
2025,20/12,Bournemouth v Burnley,,Premier League,Bournemouth +0.5 AH Cards,1.0,2.0,1.88,106.38,Bet365,Win,1.0,2025-12-20
2025,20/12,York v Truro City,,England National League,Over 9.5 Asian Corners,1.25,1.95,1.74,112.07,Bet365,Win,1.19,2025-12-20
2025,20/12,Yeovil v Forest Green,,England National League,Forest Green -2 AH Corners,1.0,1.95,1.81,107.73,Bet365,Win,0.95,2025-12-20
2025,20/12,Tamworth v Southend,,England National League,Over 9.5 Asian Corners,1.25,2.0,,,Bet365,Win,1.25,2025-12-20
2025,20/12,Real Madrid v Sevilla,,Spain La Liga,Under 4.5 Asian Total Cards,1.5,1.78,,,Bet365,Loss,-1.5,2025-12-20
2025,21/12,Villarreal v Barcelona,,Spain La Liga,Barcelona -1 Corner Handicap,1.5,2.63,2.26,116.37,Paddy Power,Win,2.45,2025-12-21
2025,21/12,Morocco v Comoros,,African Cup of Nations,Morocco +0 Card Handicap,0.75,4.75,,,Bet365,Win,2.81,2025-12-21
2025,22/12,South Africa v Angola,,African Cup of Nations,Under 3.5 Asian Total Cards,2.0,1.98,,,Bet365,Loss,-2.0,2025-12-22
2025,22/12,Athletic Bilbao v Espanyol,,Spain La Liga,Athletic Bilbao +0.5 AH Cards,1.0,2.05,1.99,103.02,Bet365,Win,1.05,2025-12-22
2025,23/12,Arsenal v Crystal Palace,,EFL Cup,Crystal Palace +3 Corner Handicap,1.5,2.38,,,Sky Bet,Loss,-1.5,2025-12-23
2025,24/12,Burkina Faso v Equatorial Guinea,,African Cup of Nations,4+ Cards,1.5,2.0,,,Paddy Power,Loss,-1.5,2025-12-24
2025,24/12,Burkina Faso v Equatorial Guinea	,,African Cup of Nations,5+ Cards,0.5,3.4,,,Paddy Power,Loss,-0.5,2025-12-24
2025,24/12,Cameroon v Gabon,,African Cup of Nations,Cameroon Most Cards,1.0,2.8,,,Paddy Power,Win,1.8,2025-12-24
2025,24/12,Cameroon v Gabon,,African Cup of Nations,Gabon 5+ Corners,1.0,2.6,,,Paddy Power,Win,1.6,2025-12-24
2025,24/12,Cameroon v Gabon,,African Cup of Nations,Cameroon Most Cards & Gabon Most Corners,0.25,6.67,,,Paddy Power,Loss,-0.25,2025-12-24
2025,25/12,Al Feiha v Al Hazm,,Saudi Arabia Professional League,Al Hazm +2 AH Corners,1.0,1.95,1.85,105.41,Bet365,Win,0.95,2025-12-25
2025,25/12,Neom SC v Al Najma,,Saudi Arabia Professional League,Al Najma +3 AH Corners,1.25,1.95,1.82,107.14,Bet365,Win,1.19,2025-12-25
2025,26/12,Millwall v Ipswich,,England Championship,Under 4.5 Asian Total Cards,1.25,1.78,,,Bet365,Win,0.98,2025-12-26
2025,26/12,West Brom v Bristol City,,England Championship,Bristol City Most Cards,1.5,2.8,,,Paddy Power,Win,2.7,2025-12-26
2025,26/12,AFC Wimbledon v Stevenage,,England League 1,Under 8.5 Corners,1.0,2.25,2.14,105.14,Paddy Power,Loss,-1.0,2025-12-26
2025,26/12,MK Dons v Swindon,,England League 2,MK Dons -0.5 AH Corners,1.0,1.85,1.73,106.94,Bet365,Loss,-1.0,2025-12-26
2025,26/12,South Shields v Spennymoor,,England National League North,Over 8 Asian Total Corners,1.0,1.9,1.76,107.95,Bet365,Win,0.9,2025-12-26
2025,27/12,Double,Rangers v Motherwell,Scotland Premiership,Under 10 Asian Corners,0.75,3.85,3.42,112.57,Bet365,Loss,-0.75,2025-12-27
2025,28/12,Melbourne City v Perth Glory,,Australia A-League,Perth Glory Most Cards,2.0,2.2,,,Sky Bet,Loss,-2.0,2025-12-28
2025,28/12,Equatorial Guinea v Sudan,,African Cup of Nations,Equatorial Guinea -0.5 AH Corners,1.0,1.95,1.85,105.41,Bet365,Loss,-1.0,2025-12-28
2025,28/12,Crystal Palace v Tottenham,,Premier League,Under 10 Asian Corners,1.0,1.93,1.91,101.05,Bet365,Win,0.93,2025-12-28
2025,29/12,Sheff Wed v Blackburn,,England Championship,Blackburn -1 Corner Handicao,1.0,2.25,2.05,109.76,Sky Bet,Win,1.25,2025-12-29
2025,29/12,Millwall v Bristol City,,England Championship,Under 4 Asian Total Cards,3.0,1.8,1.42,126.76,Bet365,Loss,-3.0,2025-12-29
2025,29/12,Wrexham v Preston,,England Championship,Under 3.5 Cards,1.25,2.5,2.33,107.3,Paddy Power,Win,1.88,2025-12-29
2025,29/12,Double,Bolton v Mansfield,England League 1,Bolton -2.5 AH Corners,1.0,3.46,3.1,111.61,Bet365,Loss,-1.0,2025-12-29
2025,30/12,Chelsea v Bournemouth,,Premier League,Bournemouth Most Cards,1.0,2.2,,,Paddy Power,Loss,-1.0,2025-12-30
2025,30/12,Burnley v Newcastle,,Premier League,Newcastle Most Cards,1.0,3.3,,,Paddy Power,Loss,-1.0,2025-12-30
2025,30/12,Double,Chelsea v Bournemouth	,Premier League,Bournemouth Most Cards,0.25,7.26,,,Paddy Power,Loss,-0.25,2025-12-30
2025,30/12,Double,Yeovil v Eastleigh,England National League,Under 9.5 Asian Corners,1.0,3.8,3.04,125.0,Bet365,Loss,-1.0,2025-12-30
2025,30/12,Hornchurch FC v Maidstone Utd,,England National League South,Under 9.5 Asian Corners,1.0,1.98,1.84,107.61,Bet365,Loss,-1.0,2025-12-30
2025,31/12,Double,Mozambique v Cameroon,African Cup of Nations,Mozambique +2.5 AH Corners,1.0,3.42,2.95,115.93,Bet365,Loss,-1.0,2025-12-31
2025,31/12,Mozambique v Cameroon,,African Cup of Nations,4+ Cards,1.0,1.91,1.79,106.7,Sky Bet,Loss,-1.0,2025-12-31
2025,31/12,Mozambique v Cameroon,,African Cup of Nations,6+ Cards,0.5,5.5,,,Sky Bet,Loss,-0.5,2025-12-31
2026,1/1,Bromley v Newport County,,England League 2,Newport County +4.5 AH Corners,1.0,1.9,,,Bet365,Win,0.9,2026-01-01
2026,1/1,Cambridge Utd v Walsall,,England League 2,Cambridge Utd -1 AH Corners,1.25,1.95,1.78,109.55,Bet365,Loss,-1.25,2026-01-01
2026,1/1,Watford v Birmingham,,England Championship,Birmingham 0.0 AH Cards,1.25,1.8,1.64,109.76,Bet365,Win,1.0,2026-01-01
2026,1/1,Ipswich v Oxford Utd,,England Championship,Over 3.5 Cards,1.0,2.2,2.04,107.84,Sky Bet,Win,1.2,2026-01-01
2026,1/1,QPR v Norwich,,England Championship,Norwich +2 Corner Handicap,1.0,2.1,1.98,106.06,Sky Bet,Loss,-1.0,2026-01-01
2026,1/1,Treble,Watford v Birmingham	,England Championship,Birmingham Most Cards,0.5,10.4,,,Sky Bet,Loss,-0.5,2026-01-01
2026,1/1,Double,Wigan v Barnsley,England League 1,Under 10 Asian Corners,0.75,3.7,3.04,121.71,Bet365,Loss,-0.75,2026-01-01
2026,1/1,Double,Crewe v Cheltenham,England League 2,Cheltenham +2.5 AH Corners,0.75,3.46,,,Bet365,Win,1.85,2026-01-01
2026,3/1,Como v Udinese,,Italy Serie A,Over 4.5 Cards,0.75,2.7,2.44,110.66,Paddy Power,Loss,-0.75,2026-01-03
2026,3/1,Double,Aston Villa v Nottm Forest,Premier League,Nottm Forest +2.5 AH Corners,1.0,3.51,,,Bet365,Loss,-1.0,2026-01-03
2026,3/1,Celta Vigo v Valencia,,Spain La Liga,Over 3.5 Asian Total Cards,1.25,1.78,,,Bet365,Win,0.98,2026-01-03
2026,3/1,Sassuolo v Parma,,Italy Serie A,Parma Most Cards,1.25,2.38,,,Paddy Power,Loss,-1.25,2026-01-03
2026,3/1,Double,Kilmarnock v Hibernian,Scotland Premiership,Kilmarnock +1 AH Corners,0.5,3.85,3.69,104.34,Bet365,Loss,-0.5,2026-01-03
2026,3/1,Dundee Utd v Dundee,,Scotland Premiership,Dundee Utd -1 AH Corners,1.25,1.9,1.74,109.2,Bet365,Win,1.13,2026-01-03
2026,3/1,Lille v Rennes,,France Ligue 1,Rennes Most Cards,1.0,2.3,,,Paddy Power,Loss,-1.0,2026-01-03
2026,3/1,Espanyol v Barcelona,,Spain La Liga,Under 6 Asian Total Cards,3.0,1.93,,,Bet365,Win,2.79,2026-01-03
2026,4/1,Middlesbrough v Southampton,,England Championship,Southampton 0.0 AH Cards,1.0,1.8,1.62,111.11,Bet365,Win,0.8,2026-01-04
2026,4/1,Middlesbrough v Southampton,,England Championship,Middlesbrough -0.5 AH Corners,0.75,1.98,1.8,110.0,Bet365,Win,0.74,2026-01-04
2026,4/1,Reading v Stockport,,England League 1,Reading Most Corners,1.5,2.25,2.07,108.7,Sky Bet,Loss,-1.5,2026-01-04
2026,4/1,Cardiff v Wigan,,England League 1,Wigan +2 Corner Handicap,1.5,2.2,2.32,94.83,Sky Bet,Loss,-1.5,2026-01-04
2026,4/1,Double,Reading v Stockport	,England League 1,Reading Most Corners,0.5,4.95,4.8,103.13,Sky Bet,Loss,-0.5,2026-01-04
2026,4/1,PSG v Paris FC,,France Ligue 1,Under 3.5 Asian Total Cards,1.5,2.0,1.59,125.79,Bet365,Win,1.5,2026-01-04
2026,4/1,Inter v Bologna,,Italy Serie A,Bologna Most Cards,3.0,2.5,1.98,126.26,Sky Bet,Loss,-3.0,2026-01-04
2026,5/1,Macarthur v Auckland FC,,Australia A-League,Auckland FC 0.0 AH Corners,1.0,1.98,1.84,107.61,Bet365,Loss,-1.0,2026-01-05
2026,6/1,Ivory Coast v Burkina Fasa,,African Cup of Nations,5+ Cards,1.0,2.75,,,Paddy Power,Loss,-1.0,2026-01-06
2026,7/1,Napoli v Verona,,Italy Serie A,Under 4 Asian Total Cards,1.0,1.78,,,Bet365,Win,0.78,2026-01-07
2026,7/1,Everton v Wolves,,Premier League,Wolves Most Cards,1.0,1.91,1.87,102.14,Sky Bet,Loss,-1.0,2026-01-07
2026,7/1,Torino v Udinese,,Italy Serie A,Over 4.5 Cards,0.75,2.8,,,Paddy Power,Loss,-0.75,2026-01-07
2026,8/1,Double,Al Hilal v Al Hazm,Saudi Arabia Professional League,Al Hilal -4.5 AH Corners,0.75,3.51,2.89,121.45,Bet365,Win,1.88,2026-01-08
2026,8/1,Arsenal v Liverpool,,Premier League,Liverpool Under 3.5 Corners,1.25,2.1,,,Sky Bet,Win,1.38,2026-01-08
2026,8/1,Atletico Madrid v Real Madrid,,Spain Super Cup,Under 5.5 Asian Total Cards,1.25,1.98,,,Bet365,Win,1.23,2026-01-08
2026,9/1,Cameroon v Morocco,,African Cup of Nations,4+ Cards,1.5,1.73,,,Paddy Power,Win,1.1,2026-01-09
2026,9/1,Cameroon v Morocco,,African Cup of Nations,5+ Cards,1.0,2.63,,,Paddy Power,Loss,-1.0,2026-01-09
2026,9/1,Cameroon v Morocco,,African Cup of Nations,6+ Cards,0.25,4.33,,,Paddy Power,Loss,-0.25,2026-01-09
2026,10/1,Double,Cheltenham v Leicester,FA Cup,Cheltenham +2 AH Corners,0.5,3.8,3.33,114.11,Bet365,Loss,-0.5,2026-01-10
2026,10/1,Double,PSV v Excelsior,Netherlands Eredivisie,PSV -4.5 AH Corners,0.5,3.55,3.16,112.34,Bet365,Loss,-0.5,2026-01-10
2026,10/1,Acca,PSV v Excelsior,Netherlands Eredivisie,PSV -4.5 AH Corners,0.25,13.87,11.23,123.51,Bet365,Loss,-0.25,2026-01-10
2026,10/1,Burnley v Millwall,,FA Cup,Millwall +2 Corner Handicap,1.0,2.2,1.99,110.55,Sky Bet,Win,1.2,2026-01-10
2026,10/1,Double,SC Bastia v Troyes,Coupe de France,SC Bastia 0.0 AH Corners,0.5,3.9,3.56,109.55,Bet365,Loss,-0.5,2026-01-10
2026,10/1,Real Sociedad B v Albacete Balompie ,,Spain La Liga 2,Real Sociedad B 0.0 AH Corners,1.25,1.9,1.75,108.57,Bet365,Loss,-1.25,2026-01-10
2026,10/1,Le Puy v Reims,,Coupe de France,Under 9 Asian Corners,1.0,2.0,1.85,108.11,Bet365,Loss,-1.0,2026-01-10
2026,10/1,FC Twente v PEC Zwolle,,Netherlands Eredivisie,Over 9.5 Asian Corners,1.25,1.93,1.81,106.63,Bet365,Loss,-1.25,2026-01-10
2026,10/1,Egypt v Ivory Coast,,African Cup of Nations,4+ Cards,1.25,1.83,,,Sky Bet,Loss,-1.25,2026-01-10
2026,10/1,Egypt v Ivory Coast,,African Cup of Nations,5+ Cards,0.5,3.0,,,Sky Bet,Loss,-0.5,2026-01-10
2026,10/1,Egypt v Ivory Coast,,African Cup of Nations,6+ Cards,0.25,5.5,,,Sky Bet,Loss,-0.25,2026-01-10
2026,11/1,Acca,FC Porto B v Sporting B,Portugal Liga 2,FC Porto B +0.5 AH Corners,0.25,12.8,10.28,124.51,Bet365,Loss,-0.25,2026-01-11
2026,11/1,Double,Moreirense v Tondela,Portugal Primeira Liga,Under 9 Asian Corners,0.5,3.75,3.65,102.74,Bet365,Loss,-0.5,2026-01-11
2026,11/1,Double,FC Porto B v Sporting B,Portugal Liga 2,FC Porto B +0.5 AH Corners,0.5,3.41,2.8,121.79,Bet365,Loss,-0.5,2026-01-11
2026,11/1,Norwich v Walsall,,FA Cup,Norwich +1 AH Cards,1.0,1.8,,,Bet365,Win,0.8,2026-01-11
2026,11/1,Verona v Lazio,,Italy Serie A,Under 8.5 Corners,1.25,2.2,,,Sky Bet,Win,1.5,2026-01-11
2026,11/1,Man Utd v Brighton,,FA Cup,Man Utd +1 AH Cards,1.25,1.75,,,Bet365,Win,0.94,2026-01-11
2026,12/1,Al Hazm v Al Najma,,Saudi Arabia Professional League,Al Najma +1.5 AH Corners,1.25,1.95,,,Bet365,Loss,-1.25,2026-01-12
2026,12/1,Sevilla v Celta Vigo,,Spain La Liga ,Celta Vigo Under 3.5 Corners,1.0,2.4,,,Sky Bet,Win,1.4,2026-01-12
2026,12/1,Liverpool v Barnsley,,FA Cup,Liverpool +1 AH Cards,1.0,1.85,1.74,106.32,Bet365,Win,0.85,2026-01-12
2026,12/1,Liverpool v Barnsley	,,FA Cup,Liverpool +0 Card Handicap,0.25,7.0,,,Bet365,Win,1.5,2026-01-12
2026,13/1,Al Akhdoud v Al Kholood,,Saudi Arabia Professional League,Al Akhdoud +0.5 AH Corners,1.25,1.95,1.76,110.8,Bet365,Loss,-1.25,2026-01-13
2026,13/1,Bolton v Port Vale,,EFL Trophy,Over 9.5 Asian Corners,1.25,1.83,1.8,101.67,Bet365,Win,1.04,2026-01-13
2026,13/1,Real Sociedad v Osasuna,,Spain Copa del Rey,Under 4.5 Asian Total Cards,1.25,2.03,1.94,104.64,Bet365,Win,1.29,2026-01-13
2026,13/1,Double,Newcastle v Man City,EFL Cup,Over 10 Asian Corners,0.5,3.95,3.59,110.03,Bet365,Loss,-0.5,2026-01-13
2026,13/1,Luton v Swindon,,EFL Trophy,Under 10 Asian Corners,1.0,1.9,1.69,112.43,Bet365,Loss,-1.0,2026-01-13
2026,13/1,Bristol Rovers v Plymouth,,EFL Trophy,Under 10.5 Asian Corners,1.0,1.83,1.64,111.59,Bet365,Win,0.83,2026-01-13
2026,14/1,Senegal v Egypt,,African Cup of Nations,Over 8.5 Asian Corners,1.0,2.0,1.9,105.26,Bet365,Loss,-1.0,2026-01-14
2026,14/1,FC Den Bosch v PSV,,Netherlands Cup,Under 10.5 Asian Corners,1.0,1.95,1.92,101.56,Bet365,Loss,-1.0,2026-01-14
2026,14/1,Cologne v Bayern Munich,,Germany Bundesliga,Cologne +0.5 AH Cards,1.25,1.78,1.56,114.1,Bet365,Win,0.98,2026-01-14
2026,14/1,Inter v Lecce,,Italy Serie A,Inter +0.5 AH Cards,1.0,2.05,2.13,96.24,Bet365,Win,1.05,2026-01-14
2026,14/1,Inter v Lecce,,Italy Serie A,Inter Most Cards,0.5,4.5,4.25,105.88,Sky Bet,Win,1.75,2026-01-14
2026,14/1,Nigeria v Morocco,,African Cup of Nations,Under 5 Asian Total Cards,1.25,1.98,1.89,104.76,Bet365,Win,1.23,2026-01-14
2026,14/1,Betis v Elche,,Spain Copa del Rey,Under 4.5 Asian Total Cards,2.0,2.03,1.75,116.0,Bet365,Loss,-2.0,2026-01-14
2026,14/1,Chelsea v Arsenal,,EFL Cup,Under 4.5 Asian Total Cards,2.0,2.0,1.78,112.36,Bet365,Loss,-2.0,2026-01-14
2026,15/1,Verona v Bologna,,Italy Serie A,Under 5 Asian Total Cards,1.25,1.78,1.7,104.71,Bet365,Win,0.98,2026-01-15
2026,15/1,Racing Santander v Barcelona,,Spain Copa del Rey,4+ Cards,3.0,2.1,1.87,112.3,Paddy Power,Win,3.3,2026-01-15
2026,15/1,Racing Santander v Barcelona,,Spain Copa del Rey,5+ Cards,1.0,3.6,2.95,122.03,Paddy Power,Win,2.6,2026-01-15
2026,15/1,Racing Santander v Barcelona,,Spain Copa del Rey,6+ Cards,0.75,7.0,5.28,132.58,Paddy Power,Loss,-0.75,2026-01-15
2026,15/1,Racing Santander v Barcelona,,Spain Copa del Rey,7+ Cards,0.25,13.0,10.6,122.64,Paddy Power,Loss,-0.25,2026-01-15
2026,15/1,Vizela v Pacos Ferreira,,Portugal Primeira Liga,Under 10 Asian Corners,1.0,1.85,1.79,103.35,Bet365,Loss,-1.0,2026-01-15
2026,16/1,Academico Viseu v UD Leiria,,Portugal Segunda Liga,Over 10 Asian Corners,1.25,1.9,1.93,98.45,Bet365,Loss,-1.25,2026-01-16
2026,16/1,Club Brugge v RAAL La Louviere,,Belgium Pro League,Over 9.5 Asian Corners,1.25,1.88,1.72,109.3,Bet365,Loss,-1.25,2026-01-16
2026,16/1,West Brom v Middlesbrough,,England Championship,Over 3.5 Cards,1.25,2.2,2.0,110.0,Bet365,Loss,-1.25,2026-01-16
2026,16/1,Espanyol v Girona,,Spain La Liga,Over 4.5 Cards,3.0,2.38,1.95,122.05,Paddy Power,Win,4.14,2026-01-16
2026,16/1,Espanyol v Girona,,Spain La Liga,Over 5.5 Cards,0.75,3.9,2.96,131.76,Paddy Power,Win,2.18,2026-01-16
2026,16/1,Espanyol v Girona,,Spain La Liga,Over 6.5 Cards,0.25,7.0,5.0,140.0,Paddy Power,Win,1.5,2026-01-16
2026,17/1,Man Utd v Man City,,Premier League,Man Utd Most Cards,1.0,2.63,,,Sky Bet,Loss,-1.0,2026-01-17
2026,17/1,6 Fold,Maidenhead Utd v Enfield Town,England National League South,Over 9.5 Asian Corners,0.25,53.46,,,Bet365,Loss,-0.25,2026-01-17
2026,17/1,Double,Zulte Waregem v Genk,Belgium Pro League,Genk -1 AH Corners,0.5,3.75,3.41,109.97,Bet365,Loss,-0.5,2026-01-17
2026,17/1,Hamburg v Monchengladbach,,Germany Bundesliga,Under 9.5 Asian Corners,1.5,1.95,1.77,110.17,Bet365,Win,1.43,2026-01-17
2026,17/1,Double,Grenoble v Red Star FC 93,France Ligue 2,Grenoble -0.5 AH Corners,0.5,3.75,3.29,113.98,Bet365,Loss,-0.5,2026-01-17
2026,17/1,Double,Maidenhead Utd v Enfield Town,England National League South,Over 9.5 Asian Corners,0.5,3.8,,,Bet365,Win,1.4,2026-01-17
2026,17/1,Darlington v Alfreton Town,,England National League North,Over 8.5 Asian Corners,1.5,1.85,1.65,112.12,Bet365,Loss,-1.5,2026-01-17
2026,17/1,Shrewsbury v Harrogate Town,,England League 2,Harrogate Town +2 AH Corners,1.0,2.0,,,Bet365,Loss,-1.0,2026-01-17
2026,17/1,Bristol Rovers v Colchester,,England League 2,Bristol Rovers 0.0 AH Corners,1.0,2.0,1.85,108.11,Bet365,Loss,-1.0,2026-01-17
2026,17/1,Chelsea v Brentford,,Premier League,Chelsea Most Cards,0.75,3.0,,,Sky Bet,Win,1.5,2026-01-17
2026,17/1,Charlton v Sheff Utd ,,England Championship,Sheff Utd +0 Card Handicap,0.75,3.4,,,Bet365,Win,1.8,2026-01-17
2026,17/1,Osasuna v Real Oviedo,,Spain La Liga,Osasuna +0 Card Handicap,0.75,4.33,,,Bet365,Loss,-0.75,2026-01-17
2026,17/1,RB Leipzig v Bayern Munich,,Germany Bundesliga,Under 4 Asian Total Cards,1.5,2.0,,,Bet365,Win,1.5,2026-01-17
2026,17/1,Nottm Forest v Arsenal,,Premier League,Nottm Forest +0 Card Handicap,0.75,3.0,,,Bet365,Loss,-0.75,2026-01-17
2026,17/1,Union Saint Gilloise v Mechelen,,Belgium Pro League,Mechelen +4 AH Corners,1.0,1.8,1.82,98.9,Bet365,Loss,-1.0,2026-01-17
2026,17/1,Double,St Etienne v Clermont Foot,France Ligue 2,Clermont Foot +3 AH Corners,0.5,3.9,3.7,105.41,Bet365,Loss,-0.5,2026-01-17
2026,18/1,4 Fold,Lusitania Lourosa v Maritimo,Portugal Segunda Liga,Under 9.5 Asian Corners,0.25,12.95,10.1,128.22,Bet365,Loss,-0.25,2026-01-18
2026,18/1,Double,Lusitania Lourosa v Maritimo,Portugal Segunda Liga,Under 9.5 Asian Corners,0.5,3.5,2.83,123.67,Bet365,Loss,-0.5,2026-01-18
2026,18/1,Double,Tondela v Braga,Portugal Primeira Liga,Tondela +2.5 AH Corners,0.5,3.7,3.56,103.93,Bet365,Loss,-0.5,2026-01-18
2026,18/1,Dender v Antwerp,,Belgium Pro League,Antwerp -0.5 AH Corners,1.25,1.9,2.16,87.96,Bet365,Win,1.13,2026-01-18
2026,18/1,Celta Vigo v Rayo Vallecano,,Spain La Liga,Celta Vigo +1 AH Cards,3.0,2.1,1.87,112.3,Bet365,Loss,-3.0,2026-01-18
2026,18/1,Celta Vigo v Rayo Vallecano,,Spain La Liga,Under 9.5 Asian Corners,1.0,1.88,1.73,108.67,Bet365,Loss,-1.0,2026-01-18
2026,18/1,Torino v Roma,,Italy Serie A,Roma +0.5 AH Cards,1.5,2.05,,,Bet365,Loss,-1.5,2026-01-18
2026,18/1,Senegal v Morocco,,African Cup of Nations,5+ Cards,1.25,2.0,,,Sky Bet,Win,1.25,2026-01-18
2026,18/1,Senegal v Morocco,,African Cup of Nations,6+ Cards,0.5,3.25,,,Sky Bet,Loss,-0.5,2026-01-18
2026,18/1,Senegal v Morocco,,African Cup of Nations,7+ Cards,0.25,5.5,,,Sky Bet,Loss,-0.25,2026-01-18
2026,18/1,Senegal v Morocco,,African Cup of Nations,8+ Cards,0.1,10.0,,,Sky Bet,Loss,-0.1,2026-01-18
2026,19/1,Besiktas v Kayserispor,,Turkey Super Lig,Besiktas -3 AH Corners,1.0,1.98,1.84,107.61,Bet365,Win,0.98,2026-01-19
2026,19/1,Lazio v Como,,Italy Serie A,Under 9 Asian Corners,1.0,1.78,1.64,108.54,Bet365,Win,0.78,2026-01-19
2026,19/1,Lazio v Como,,Italy Serie A,Under 5.5 Asian Total Cards,3.0,2.03,,,Bet365,Loss,-3.0,2026-01-19
2026,19/1,Elche v Sevilla,,Spain La Liga,Under 8.5 Corners,2.0,2.4,2.13,112.68,Sky Bet,Loss,-2.0,2026-01-19
2026,19/1,Elche v Sevilla,,Spain La Liga,Elche +0 Card Handicap,0.75,4.0,,,Bet365,Win,2.25,2026-01-19
2026,20/1,Kairat Almaty v Club Brugge,,UEFA Champions League,Club Brugge Most Cards,0.5,3.5,,,Sky Bet,Loss,-0.5,2026-01-20
2026,20/1,Southend v Eastleigh,,England National League,Over 10 Asian Corners,1.0,2.0,1.86,107.53,Bet365,Win,1.0,2026-01-20
2026,20/1,Charlton v Derby,,England Championship,Under 4 Asian Total Cards,2.0,1.93,1.71,112.87,Bet365,Loss,-2.0,2026-01-20
2026,20/1,West Brom v Norwich,,England Championship,Under 9.5 Corners,1.0,2.25,2.16,104.17,Sky Bet,Loss,-1.0,2026-01-20
2026,20/1,Double,Swansea v Blackburn,England Championship,Blackburn +1 AH Corners,0.5,3.75,3.25,115.38,Bet365,Win,0.45,2026-01-20
2026,20/1,Huachipato v Univesidad Catolica,,Chile Super Cup,Over 9 Asian Corners,1.25,1.98,1.81,109.39,Bet365,Loss,-1.25,2026-01-20
2026,21/1,Double,Galatasaray v Atletico Madrid,UEFA Champions League,Over 4 Asian Total Cards,0.5,3.55,3.38,105.03,Bet365,Loss,-0.5,2026-01-21
2026,21/1,Juventus v Benfica,,UEFA Champions League,4+ Cards,1.25,1.8,,,Paddy Power,Loss,-1.25,2026-01-21
2026,21/1,Juventus v Benfica,,UEFA Champions League,5+ Cards,0.5,2.9,,,Paddy Power,Loss,-0.5,2026-01-21
2026,21/1,Juventus v Benfica,,UEFA Champions League,6+ Cards,0.25,5.5,,,Paddy Power,Loss,-0.25,2026-01-21
2026,21/1,Bayern Munich v Union Saint Gilloise,,UEFA Champions League,Under 3 Asian Total Cards,1.25,1.93,1.66,116.27,Bet365,Loss,-1.25,2026-01-21
2026,22/1,Treble,Brann v Midtjylland	,UEFA Europa League,Over 3.5 Cards,0.25,6.84,,,Sky Bet,Loss,-0.25,2026-01-22
2026,22/1,Brann v Midtjylland,,UEFA Europa League,Over 3.5 Cards,1.25,1.73,,,Sky Bet,Loss,-1.25,2026-01-22
2026,22/1,Bologna v Celtic,,UEFA Europa League,Bologna +1 AH Cards,1.25,1.8,1.57,114.65,Bet365,Loss,-1.25,2026-01-22
2026,22/1,Celta Vigo v Lille,,UEFA Europa League,Over 4.5 Cards,2.0,2.2,,,Sky Bet,Win,2.4,2026-01-22
2026,22/1,Celta Vigo v Lille,,UEFA Europa League,Over 5.5 Cards,0.5,3.7,,,Paddy Power,Win,1.35,2026-01-22
2026,22/1,Celta Vigo v Lille,,UEFA Europa League,Over 6.5 Cards,0.25,6.0,,,Sky Bet,Win,1.25,2026-01-22
2026,22/1,Nice v Go Ahead Eagles,,UEFA Europa League,Under 4 Asian Total Cards,1.5,1.75,,,Bet365,Loss,-1.5,2026-01-22
2026,22/1,FC Utrecht v Genk,,UEFA Europa League,Over 3.5 Cards,2.0,1.91,,,Sky Bet,Loss,-2.0,2026-01-22
2026,22/1,FC Utrecht v Genk,,UEFA Europa League,Over 4.5 Cards,0.5,3.2,,,Paddy Power,Loss,-0.5,2026-01-22
2026,22/1,FC Utrecht v Genk,,UEFA Europa League,Over 5.5 Cards,0.25,5.5,,,Sky Bet,Loss,-0.25,2026-01-22
2026,22/1,FC Utrecht v Genk,,UEFA Europa League,Over 6.5 Cards,0.1,11.0,,,Sky Bet,Loss,-0.1,2026-01-22
2026,22/1,Rangers v Ludogorets,,UEFA Europa League,Over 3.5 Cards,1.25,1.8,,,Sky Bet,Win,1.0,2026-01-22
2026,22/1,Braga v Nottm Forest,,UEFA Europa League,Nottm Forest Most Cards,0.5,2.7,,,Paddy Power,Win,0.85,2026-01-22
2026,23/1,Levante v Elche,,Spain La Liga,Levante Most Corners,1.25,2.3,2.14,107.48,Paddy Power,Win,1.63,2026-01-23
2026,24/1,Middlesbrough v Preston,,England Championship,Over 10.5 Corners,1.25,2.25,1.98,113.64,Sky Bet,Win,1.56,2026-01-24
2026,24/1,West Ham v Sunderland,,Premier League,Over 3.5 Asian Total Cards,2.0,1.93,,,Bet365,Win,1.86,2026-01-24
2026,24/1,Juve Stabia v Virtus Entella,,Italy Serie B,Under 9.5 Asian Corners,2.0,1.95,1.76,110.8,Bet365,Win,1.9,2026-01-24
2026,24/1,Frankfurt v Hoffenheim,,Germany Bundesliga,Hoffenheim Most Corners,0.75,2.75,2.21,124.43,Sky Bet,Loss,-0.75,2026-01-24
2026,24/1,Mainz v Wolfsburg,,Germany Bundesliga,10+ Corners,2.0,2.1,1.85,113.51,Sky Bet,Win,2.2,2026-01-24
2026,24/1,Bayer Leverkusen v Werder Bremen,,Germany Bundesliga,Under 4 Asian Total Cards,1.5,2.05,1.9,107.89,Bet365,Loss,-1.5,2026-01-24
2026,24/1,Man City v Wolves,,Premier League,Under 3.5 Cards,1.5,1.91,,,Sky Bet,Loss,-1.5,2026-01-24
2026,24/1,Valencia v Espanyol,,Spain La Liga,Over 4.5 Cards,1.25,1.8,,,Bet365,Win,1.0,2026-01-24
2026,24/1,Fiorentina v Cagliari ,,Italy Serie A,Under 4.5 Asian Total Cards,1.25,2.03,1.84,110.33,Bet365,Loss,-1.25,2026-01-24
2026,24/1,Villarreal v Real Madrid,,Spain La Liga,Over 4.5 Cards,1.5,2.2,1.83,120.22,Sky Bet,Loss,-1.5,2026-01-24
2026,24/1,Villarreal v Real Madrid,,Spain La Liga,Real Madrid -1 Corner Handicap,2.0,2.5,2.2,113.64,Sky Bet,Loss,-2.0,2026-01-24
2026,25/1,Monchengladbach v Stuttgart,,Germany Bundesliga,Stuttgart Most Cards,2.0,2.4,,,Paddy Power,Loss,-2.0,2026-01-25
2026,25/1,Eibar v Almeria,,Spain Segunda ,Over 9 Asian Corners,1.25,2.0,1.92,104.17,Bet365,Loss,-1.25,2026-01-25
2026,25/1,Brest v Toulouse,,France Ligue 1,Over 3.5 Asian Total Cards,1.25,1.75,,,Bet365,Win,0.94,2026-01-25
2026,25/1,Metz v Lyon,,France Ligue 1,Lyon Most Cards,0.75,3.25,,,Sky Bet,Loss,-0.75,2026-01-25
2026,25/1,Real Sociedad v Celta Vigo,,Spain La Liga,Real Sociedad -1 Corner Handicap,1.5,1.91,1.71,111.7,Sky Bet,Loss,-1.5,2026-01-25
2026,25/1,Anderlecht v Dender,,Belgium Pro League,Over 9 Asian Corners,2.0,2.0,1.73,115.61,Bet365,Win,2.0,2026-01-25
2026,25/1,FCSB v CFR Cluj,,Romania Liga 1,Under 9.5 Asian Corners,1.25,1.88,1.72,109.3,Bet365,Loss,-1.25,2026-01-25
2026,25/1,Wehen SV v Verl,,Germany 3. Liga,Under 10 Asian Corners,1.0,1.85,1.72,107.56,Bet365,Loss,-1.0,2026-01-25
2026,25/1,Lille v Strasbourg,,France Ligue 1,Over 3.5 Asian Total Cards,1.5,1.9,,,Bet365,Win,1.35,2026-01-25
2026,26/1,Girona v Getafe,,Spain La Liga,Over 5.5 Cards,2.0,2.38,,,Sky Bet,Win,2.76,2026-01-26
2026,26/1,Girona v Getafe,,Spain La Liga,Over 6.5 Cards,0.75,3.9,,,Paddy Power,Win,2.18,2026-01-26
2026,26/1,Girona v Getafe,,Spain La Liga,Over 7.5 Cards,0.25,6.5,,,Sky Bet,Win,1.38,2026-01-26
2026,26/1,Girona v Getafe	,,Spain La Liga,Getafe Most Corners,0.75,3.0,2.75,109.09,Sky Bet,Win,1.5,2026-01-26
2026,27/1,Radcliffe FC v Scarborough Athletic,,England National League North,Over 10 Asian Corners,1.25,1.98,1.89,104.76,Bet365,Loss,-1.25,2026-01-27
2026,27/1,Fiorentina v Como,,Coppa Italia,Under 5.5 Asian Total Cards,3.0,1.8,,,Bet365,Loss,-3.0,2026-01-27
2026,28/1,Atletico Tucuman v Central Cordoba SdE,,Argentina Liga Pro,Under 9 Asian Corners,1.0,1.98,1.81,109.39,Bet365,Win,0.98,2026-01-28
2026,28/1,PSG v Newcastle,,UEFA Champions League,PSG +0 Card Handicap,0.75,3.5,,,Bet365,Loss,-0.75,2026-01-28
2026,28/1,PSV v Bayern Munich,,UEFA Champions League,Bayern Munich +0.5 AH Cards,1.25,1.83,1.58,115.82,Bet365,Loss,-1.25,2026-01-28
2026,28/1,Union Saint Gilloise v Atalanta,,UEFA Champions League,Atalanta +0.5 AH Cards,3.0,1.73,,,Bet365,Win,2.19,2026-01-28
2026,28/1,Athletic Bilbao v Atalanta,,UEFA Champions League,Athletic Bilbao Most Cards,3.0,2.3,,,Paddy Power,Loss,-3.0,2026-01-28
2026,28/1,Atletico MG v Palmeiras,,Brazil Serie A,Over 9.5 Corners,1.0,1.95,1.88,103.72,Paddy Power,Win,0.95,2026-01-28
2026,28/1,Vitoria v Remo,,Brazil Serie A,Over 5.5 Cards,1.25,2.38,2.18,109.17,Sky Bet,Win,1.73,2026-01-28
2026,29/1,Porto v Rangers,,UEFA Europa League,Over 3.5 Cards,1.5,1.95,,,Paddy Power,Loss,-1.5,2026-01-29
2026,29/1,Porto v Rangers,,UEFA Europa League,Over 4.5 Cards,1.0,3.2,2.7,118.52,Paddy Power,Loss,-1.0,2026-01-29
2026,29/1,Porto v Rangers,,UEFA Europa League,Over 5.5 Cards,0.25,5.5,,,Paddy Power,Loss,-0.25,2026-01-29
2026,29/1,Porto v Rangers,,UEFA Europa League,Over 6.5 Cards,0.1,10.0,,,Sky Bet,Loss,-0.1,2026-01-29
2026,29/1,Nottm Forest v Ferencvaros,,UEFA Europa League,Nottm Forest -1.5 AH Corners,1.25,2.0,1.82,109.89,Bet365,Win,1.25,2026-01-29
2026,29/1,Betis v Feyenoord,,UEFA Europa League,Over 9.5 Asian Corners,1.25,2.0,1.88,106.38,Bet365,Loss,-1.25,2026-01-29
2026,29/1,Lille v Freiburg,,UEFA Europa League,Freiburg +2 AH Corners,1.25,2.0,1.92,104.17,Bet365,Loss,-1.25,2026-01-29
2026,29/1,Mirassol v Vasco Da Gama,,Brazil Serie A,Over 4.5 Cards,1.25,2.15,,,Paddy Power,Loss,-1.25,2026-01-29
2026,29/1,Mirassol v Vasco Da Gama,,Brazil Serie A,Over 5.5 Cards,0.75,3.7,,,Paddy Power,Loss,-0.75,2026-01-29
2026,29/1,Mirassol v Vasco Da Gama,,Brazil Serie A,Over 6.5 Cards,0.25,6.0,,,Paddy Power,Loss,-0.25,2026-01-29
2026,29/1,Mirassol v Vasco Da Gama,,Brazil Serie A,Over 7.5 Cards,0.15,12.0,,,Sky Bet,Loss,-0.15,2026-01-29
2026,29/1,Mirassol v Vasco Da Gama	,,Brazil Serie A,Over 8.5 Cards,0.1,26.0,,,Sky Bet,Loss,-0.1,2026-01-29
2026,30/1,Botafogo v Cruzeiro,,Brazil Serie A,Over 4.5 Cards,1.0,1.8,,,Sky Bet,Loss,-1.0,2026-01-30
2026,30/1,Vitesse v FC Dordrecht,,Netherlands Eerste Divisie,Under 10.5 Asian Corners,1.25,1.98,1.82,108.79,Bet365,Win,1.23,2026-01-30
2026,30/1,Lens v Le Havre,,France Ligue 1,Under 4 Asian Total Cards,1.25,1.95,1.83,106.56,Bet365,Win,1.19,2026-01-30
2026,31/1,Sydney FC v Western Sydney Wanderers,,Australia A-League,Western Sydney Wanderers +1.5 AH Corners,1.25,1.9,1.7,111.76,Bet365,Loss,-1.25,2026-01-31
2026,31/1,Trento v Lecco,,Italy Serie,Under 9 Asian Corners,3.0,1.98,1.66,119.28,Bet365,Loss,-3.0,2026-01-31
2026,31/1,Oxford Utd v Birmingham,,England Championship,Oxford Utd +0.5 AH Cards,1.25,1.88,1.75,107.43,Bet365,Win,1.1,2026-01-31
2026,31/1,RB Leipzig v Mainz,,Germany Bundesliga,Under 3.5 Asian Total Cards,1.25,2.05,,,Bet365,Loss,-1.25,2026-01-31
2026,31/1,Osasuna v Villarreal,,Spain La Liga,Osasuna Most Corners,1.0,2.0,1.87,106.95,Sky Bet,Win,1.0,2026-01-31
2026,31/1,Helmond Sport v De Graafschap,,Netherlands Eerste Divisie,Over 11 Asian Corners,1.0,2.0,1.85,108.11,Bet365,Loss,-1.0,2026-01-31
2026,31/1,Chelsea v West Ham,,Premier League,Under 4 Asian Total Cards,1.25,2.0,1.9,105.26,Bet365,Loss,-1.25,2026-01-31
2026,31/1,Levante v Atletico Madrid,,Spain La Liga,Atletico Madrid 0.0 AH Cards,1.0,2.05,1.91,107.33,Bet365,Loss,-1.0,2026-01-31
2026,31/1,Lorient v Nantes,,France Ligue 1,Nantes +2.5 AH Corners,1.25,1.8,1.64,109.76,Bet365,Win,1.0,2026-01-31
2026,31/1,Lorient v Nantes,,France Ligue 1,Nantes -0.5 AH Cards,2.0,1.98,1.86,106.45,Bet365,Win,1.96,2026-01-31
2026,31/1,Cagliari v Verona,,Italy Serie A,Under 9.5 Asian Corners,1.0,1.8,1.7,105.88,Bet365,Win,0.8,2026-01-31
2026,1/2,Torino v Lecce,,Italy Serie A,Over 3.5 Asian Total Cards,3.0,1.95,,,Bet365,Win,2.85,2026-02-01
2026,1/2,Aston Villa v Brentford,,Premier League,Brentford -0.5 AH Cards,1.5,1.9,1.81,104.97,Bet365,Win,1.35,2026-02-01
2026,1/2,Altach v Sturm Graz,,Austria Cup,Under 9.5 Asian Corners,2.0,1.88,1.7,110.59,Bet365,Loss,-2.0,2026-02-01
2026,1/2,Athletic Bilbao v Real Sociedad,,Spain La Liga,Athletic Bilbao +0.5 AH Cards,2.0,1.98,1.79,110.61,Bet365,Win,1.96,2026-02-01
2026,1/2,Athletic Bilbao v Real Sociedad,,Spain La Liga,Under 6 Asian Total Cards,3.0,1.8,,,Bet365,Loss,-3.0,2026-02-01
2026,1/2,Granada v Racing Santander,,Spain Segunda,Granada -0.5 AH Corners,2.0,1.95,1.8,108.33,Bet365,Win,1.9,2026-02-01
2026,3/2,Al Ittifaq v Al Taawon,,Saudi Arabia Professional League,Under 9.5 Asian Corners,1.5,1.8,1.72,104.65,Bet365,Win,1.2,2026-02-03
2026,3/2,National Bank of Egypt v Al Ahly,,Egypt Premier League,Under 9.5 Asian Corners,2.0,1.98,1.8,110.0,Bet365,Loss,-2.0,2026-02-03
2026,3/2,Blackburn v Sheff Wed,,England Championship,Over 3.5 Cards,1.5,3.1,2.72,113.97,Paddy Power,Loss,-1.5,2026-02-03
2026,3/2,Barnsley v Northampton,,England League 1,Northampton +1.5 AH Corners,2.0,1.9,1.78,106.74,Bet365,Win,1.8,2026-02-03
2026,3/2,Carrick Rangers v Bangor,,Northern Ireland Premiership,Over 9 Asian Corners,3.0,1.98,1.75,113.14,Bet365,Loss,-3.0,2026-02-03
2026,3/2,Ebbsfleet Utd v Hemel Hempstead,,England National League North,Under 9.5 Asian Corners,3.0,1.98,1.69,117.16,Bet365,Win,2.94,2026-02-03
2026,3/2,Albacete v Barcelona,,Spain Copa del Rey,Barcelona +1 AH Cards,2.5,1.78,1.6,111.25,Bet365,Win,1.95,2026-02-03
2026,4/2,Charleroi v Union Saint Gilloise,,Belgium Cup,Under 9.5 Asian Corners,2.5,1.85,1.68,110.12,Bet365,Win,2.13,2026-02-04
2026,4/2,Hostein Kiel v Stuttgart,,Germany Cup,Under 5 Asian Total Cards,2.5,1.75,,,Bet365,Win,1.88,2026-02-04
2026,4/2,Man City v Newcastle,,EFL Cup,Under 3.5 Asian Total Cards,1.5,1.95,1.85,105.41,Bet365,Win,1.43,2026-02-04
2026,5/2,FCSB v FC Botosani,,Romania Liga 1,Under 9.5 Asian Corners,2.0,1.93,1.77,109.04,Bet365,Win,1.86,2026-02-05
2026,5/2,Bahia v Fluminense,,Brazil Serie A,Fluminense +1.5 AH Corners,2.0,1.95,1.93,101.04,Bet365,Loss,-2.0,2026-02-05
2026,6/2,Cruzeiro v Coritiba,,Brazil Serie A,Coritiba Most Cards,3.0,2.0,1.97,101.52,Sky Bet,Loss,-3.0,2026-02-06
2026,6/2,Charlton v QPR,,England Championship,QPR +0 Card Handicap,1.0,3.1,,,Bet365,Loss,-1.0,2026-02-06
2026,6/2,Charlton v QPR,,England Championship,Under 3.5 Asian Total Cards,1.5,2.0,1.93,103.63,Bet365,Win,1.5,2026-02-06
2026,7/2,Maritimo v SC Farense,,Portugal Liga 2  ,Maritimo -1.5 AH Corners,3.0,1.85,1.63,113.5,Bet365,Loss,-3.0,2026-02-07
2026,7/2,West Brom v Stoke,,England Championship,Over 2.5 Asian Total Cards,2.0,1.8,,,Bet365,Loss,-2.0,2026-02-07
2026,7/2,West Brom v Stoke,,England Championship,Over 3.5 Cards,1.0,3.2,2.37,135.02,Paddy Power,Loss,-1.0,2026-02-07
2026,7/2,West Brom v Stoke,,England Championship,Over 4.5 Cards,0.25,6.0,,,Paddy Power,Loss,-0.25,2026-02-07
2026,7/2,Birmingham v Leicester,,England Championship,Over 3.5 Cards,2.0,2.0,1.85,108.11,Sky Bet,Loss,-2.0,2026-02-07
2026,8/2,Le Havre v Strasbourg,,France Ligue 1,4+ Cards,3.0,1.8,,,Sky Bet,Win,2.4,2026-02-08
2026,8/2,Le Havre v Strasbourg,,France Ligue 1,5+ Cards,1.0,2.88,,,Sky Bet,Loss,-1.0,2026-02-08
2026,8/2,Le Havre v Strasbourg,,France Ligue 1,6+ Cards,0.5,5.0,,,Sky Bet,Loss,-0.5,2026-02-08
2026,8/2,Le Havre v Strasbourg,,France Ligue 1,7+ Cards,0.25,9.5,,,Sky Bet,Loss,-0.25,2026-02-08
2026,8/2,Le Havre v Strasbourg,,France Ligue 1,8+ Cards,0.1,21.0,,,Sky Bet,Loss,-0.1,2026-02-08
2026,8/2,HNK Rijeka v Dinamo Zagreb,,Croatia HNL ,Under 9 Asian Corners,2.0,1.98,1.8,110.0,Bet365,Loss,-2.0,2026-02-08
2026,8/2,Club Brugge v Standard Liege,,Belgium Pro League,Club Brugge -3.5 AH Corners,2.0,2.0,1.81,110.5,Bet365,Win,2.0,2026-02-08
2026,8/2,MSV Duisburg v Verl,,Germany 3. Liga,Under 10 Asian Corners,2.0,1.78,1.61,110.56,Bet365,Win,1.56,2026-02-08
2026,9/2,Dinamo Bucharest v CS U Craiova,,Romania Liga 1,Under 9.5 Asian Corners,3.0,1.9,1.72,110.47,Bet365,Win,2.7,2026-02-09
2026,9/2,Roma v Cagliari,,Italy Serie A,Under 4.5 Asian Total Cards,2.5,2.05,,,Bet365,Loss,-2.5,2026-02-09
2026,10/2,Napoli v Como,,Coppa Italia,Under 8.5 Asian Corners,2.0,2.0,1.82,109.89,Bet365,Loss,-2.0,2026-02-10
2026,10/2,Birmingham v West Brom	,,England Championship,Under 4 Asian Total Cards,2.0,1.85,,,Bet365,Loss,-2.0,2026-02-10
2026,11/2,Vitoria v Flamengo,,Brazil Serie A,Over 3.5 Asian Total Cards,3.0,1.78,,,Bet365,Win,2.34,2026-02-11
2026,11/2,Charlton v Stoke,,England Championship,Under 4.5 Cards,3.0,1.8,,,Bet365,Loss,-3.0,2026-02-11
2026,11/2,York v Hartlepool,,England National League,Over 10 Asian Corners,2.0,1.93,1.8,107.22,Bet365,Win,1.86,2026-02-11
2026,11/2,Bologna v Lazio,,Coppa Italia,Lazio 0.0 AH Cards,2.0,1.9,1.73,109.83,Bet365,Loss,-2.0,2026-02-11
2026,12/2,Wolfsburg W v Juventus W,,UEFA Champions League Women,Wolfsburg W -2.5 AH Corners,1.0,1.98,1.87,105.88,Bet365,Loss,-1.0,2026-02-12
2026,12/2,Corinthians v Bragantino,,Brazil Serie A,Under 5.5 Asian Total Cards,2.0,2.0,1.99,100.5,Bet365,Loss,-2.0,2026-02-12
2026,13/2,Man City (W) v Leicester (W),,England Women Super League,Man City (W) -5.5 AH Corners,3.0,1.85,1.61,114.91,Bet365,Win,2.55,2026-02-13
2026,13/2,Laval v Annecy,,France Ligue 2,Under 9 Asian Corners,1.5,1.98,1.91,103.66,Bet365,Loss,-1.5,2026-02-13
2026,13/2,Mechelen v Genk,,Belgium Pro League,Genk -0.5 AH Corners,1.5,1.98,1.86,106.45,Bet365,Win,1.47,2026-02-13
2026,13/2,Drogheda Utd v Waterford FC,,Ireland Premier League ,Drogheda -1 AH Corners,1.5,1.88,1.74,108.05,Bet365,Loss,-1.5,2026-02-13
2026,14/2,Como v Fiorentina ,,Italy Serie A,Fiorentina Most Cards,3.0,2.38,2.04,116.67,Bet365,Loss,-3.0,2026-02-14
2026,14/2,Palermo v Virtus Entella,,Italy Serie B,Palermo -1.5 AH Corners,1.5,1.95,1.72,113.37,Bet365,Loss,-1.5,2026-02-14
2026,14/2,Frankfurt v Monchengladbach ,,Germany Bundesliga,Monchengladbach 0.0 AH Cards,3.0,1.8,,,Bet365,Loss,-3.0,2026-02-14
2026,14/2,Man City v Salford City,,FA Cup,Over 10.5 Corners,2.0,2.15,2.15,100.0,Bet365,Win,2.3,2026-02-14
2026,14/2,Getafe v Villarreal,,Spain La Liga,Getafe 0.0 AH Cards,1.5,2.03,1.91,106.28,Bet365,Loss,-1.5,2026-02-14
2026,14/2,Sigma Olomouc v Plzen,,Czech Republic First Liga,Sigma Olomouc +1 AH Corners,3.0,1.83,1.59,115.09,Bet365,Win,2.49,2026-02-14
2026,14/2,Stuttgart v Cologne,,Germany Bundesliga,Under 4 Asian Total Cards,2.0,1.83,1.57,116.56,Bet365,Loss,-2.0,2026-02-14
2026,15/2,Kilmarnock v Celtic,,Scotland Premiership,Kilmarnock +3.5 AH Corners,3.0,1.98,1.9,104.21,Bet365,Win,2.94,2026-02-15
2026,15/2,Le Havre v Toulouse,,France Ligue 1,4+ Cards,2.0,1.83,,,Sky Bet,Win,1.66,2026-02-15
2026,15/2,Le Havre v Toulouse,,France Ligue 1,5+ Cards,1.0,3.0,2.4,125.0,Sky Bet,Win,2.0,2026-02-15
2026,15/2,Le Havre v Toulouse,,France Ligue 1,6+ Cards,0.5,5.5,,,Sky Bet,Win,2.25,2026-02-15
2026,15/2,Le Havre v Toulouse,,France Ligue 1,7+ Cards,0.1,11.0,,,Sky Bet,Win,1.0,2026-02-15
2026,15/2,Rayo Vallecano v Atletico Madrid,,Spain La Liga,Over 4.5 Cards,2.0,2.8,2.4,116.67,Sky Bet,Loss,-2.0,2026-02-15
2026,15/2,Lorient v Angers,,France Ligue 1,4+ Cards,3.0,2.25,1.81,124.31,Sky Bet,Loss,-3.0,2026-02-15
2026,15/2,Lorient v Angers,,France Ligue 1,5+ Cards,1.5,4.0,,,Sky Bet,Loss,-1.5,2026-02-15
2026,15/2,Lorient v Angers,,France Ligue 1,6+ Cards,0.5,8.0,,,Sky Bet,Loss,-0.5,2026-02-15
2026,15/2,Lorient v Angers,,France Ligue 1,7+ Cards,0.25,17.0,,,Sky Bet,Loss,-0.25,2026-02-15
2026,15/2,RB Leipzig v Wolfsburg,,Germany Bundesliga,4+ Cards,2.0,2.4,2.12,113.21,Sky Bet,Loss,-2.0,2026-02-15
2026,16/2,Girona v Barcelona,,Spain La Liga,Barcelona +1 AH Cards,3.0,2.03,1.62,125.31,Bet365,Win,3.09,2026-02-16
2026,16/2,Cagliari v Lecce,,Italy Serie A,Over 3.5 Cards,2.5,2.15,,,Sky Bet,Loss,-2.5,2026-02-16
2026,17/2,Dortmund v Atalanta,,UEFA Champions League,Under 4 Asian Total Cards,2.0,1.83,1.65,110.91,Bet365,Loss,-2.0,2026-02-17
2026,17/2,Bristol City v Wrexham,,England Championship,Under 4 Asian Total Cards,3.0,1.88,,,Bet365,Loss,-3.0,2026-02-17
2026,17/2,Hereford v Darlington,,England National League North,Over 9.5 Asian Corners,2.0,1.85,1.69,109.47,Bet365,Loss,-2.0,2026-02-17
2026,18/2,Bodo Glimt v Inter,,UEFA Champions League,Under 3.5 Asian Total Cards,2.5,2.0,,,Bet365,Win,2.5,2026-02-18
2026,18/2,Wolves v Arsenal,,Premier League,Under 3.5 Asian Total Cards,1.5,1.73,1.63,106.13,Bet365,Win,1.1,2026-02-18
2026,19/2,Fenerbahce v Nottm Forest,,UEFA Europa League,Fenerbahce Most Cards,2.0,2.2,2.23,98.65,Sky Bet,Win,2.4,2026-02-19
2026,19/2,Panathanaikos v Plzen,,UEFA Europa League,Plzen -0.5 AH Cards,1.5,2.05,,,Bet365,Loss,-1.5,2026-02-19
2026,21/2,Juventus v Como,,Italy Serie A,Como -0.5 AH Cards,3.0,1.98,2.03,97.54,Bet365,Loss,-3.0,2026-02-21
2026,21/2,Watford v Derby,,England Championship,Over 3 Asian Total Cards,4.0,1.85,,,Bet365,Win,3.4,2026-02-21
2026,21/2,Watford v Derby,,England Championship,Watford +0.5 AH Cards,1.5,2.08,1.96,106.12,Bet365,Win,1.62,2026-02-21
2026,21/2,Wrexham v Ipswich,,England Championship,Under 4.5 Asian Total Cards,3.0,2.03,,,Bet365,Loss,-3.0,2026-02-21
2026,21/2,Norwich v Birmingham,,England Championship,Over 3.5 Cards,2.0,1.95,,,Sky Bet,Loss,-2.0,2026-02-21
2026,21/2,York v Halifax,,England National League,Over 9.5 Asian Corners,2.5,1.83,1.86,98.39,Bet365,Win,2.08,2026-02-21
2026,21/2,Dover v Weston Super Mare,,England National League South,Over 9.5 Asian Corners,2.0,2.0,1.9,105.26,Bet365,Win,2.0,2026-02-21
2026,21/2,Cagliari v Lazio,,Italy Serie A,Under 5 Asian Total Cards,2.0,1.93,,,Bet365,Loss,-2.0,2026-02-21
2026,22/2,FC Twente v Groningen,,Netherlands Eredivisie,Over 9 Asian Corners,3.0,2.0,1.66,120.48,Bet365,Loss,-3.0,2026-02-22
2026,22/2,Getafe v Sevilla,,Spain La Liga,Under 6.5 Asian Total Cards,2.5,1.98,1.75,113.14,Bet365,Win,2.45,2026-02-22
2026,22/2,Nottm Forest v Liverpool,,Premier League,Nottm Forest Most Cards,1.5,2.7,,,Sky Bet,Win,2.55,2026-02-22
2026,22/2,Crystal Palace v Wolves,,Premier League,Under 3.5 Cards,2.5,2.3,,,Sky Bet,Loss,-2.5,2026-02-22
2026,22/2,Nantes v Le Havre,,France Ligue 1,Under 5 Asian Total Cards,2.0,1.8,,,Bet365,Loss,-2.0,2026-02-22
2026,22/2,Plzen v Sparta Prague,,Czech Republic First Liga,Sparta Prague -0.5 AH Corners,1.5,2.0,1.92,104.17,Bet365,Loss,-1.5,2026-02-22
2026,22/2,Villarreal v Valencia,,Spain La Liga,Valencia 0.0 AH Cards,4.0,2.03,1.73,117.34,Bet365,Win,4.12,2026-02-22
2026,23/2,Fiorentina v Pisa,,Italy Serie A,Over 4.5 Cards,2.0,2.38,,,Sky Bet,Win,2.76,2026-02-23
2026,23/2,Bologna v Udinese,,Italy Serie A,Bologna +1 AH Cards,2.0,1.85,,,Bet365,Win,1.7,2026-02-23
2026,23/2,Bologna v Udinese,,Italy Serie A,Under 5 Asian Total Cards,5.0,1.93,,,Bet365,Win,4.65,2026-02-23
2026,23/2,Everton v Man Utd,,Premier League,Man Utd +0.5 AH Cards,1.5,1.88,,,Bet365,Win,1.32,2026-02-23
2026,24/2,Atletico Madrid v Club Brugge,,UEFA Champions League,Atletico Madrid +0.5 AH Cards,1.5,1.95,1.78,109.55,Bet365,Loss,-1.5,2026-02-24
2026,24/2,Dundee Utd v Aberdeen,,Scotland Premiership,Dundee Utd -0.5 AH Corners,1.5,1.95,1.84,105.98,Bet365,Loss,-1.5,2026-02-24
2026,24/2,Inter v Bodo Glimt,,UEFA Champions League,Over 3.5 Cards,2.5,2.0,1.91,104.71,Sky Bet,Loss,-2.5,2026-02-24
2026,24/2,Inter v Bodo Glimt,,UEFA Champions League,Inter Over 8.5 Corners,1.25,1.91,,,Paddy Power,Win,1.14,2026-02-24
2026,24/2,Inter v Bodo Glimt,,UEFA Champions League,Inter Over 9.5 Corners,0.5,2.55,,,Paddy Power,Win,0.78,2026-02-24
2026,24/2,Inter v Bodo Glimt,,UEFA Champions League,Inter Over 10.5 Corners,0.25,3.3,,,Paddy Power,Win,0.58,2026-02-24
2026,25/2,Yeovil v Sutton Utd,,England National League,Sutton Utd -0.5 AH Corners,2.0,2.0,1.79,111.73,Bet365,Win,2.0,2026-02-25
2026,25/2,Real Madrid v Benfica,,UEFA Champions League,Benfica +2.5 AH Corners,2.0,1.95,1.72,113.37,Bet365,Win,1.9,2026-02-25
2026,25/2,PSG v Monaco,,UEFA Champions League,Under 3.5 Cards,3.0,2.3,,,Sky Bet,Loss,-3.0,2026-02-25
2026,25/2,Cruzeiro v Corinthians,,Brazil Serie A,Over 5.5 Cards,2.0,2.5,2.24,111.61,Sky Bet,Win,3.0,2026-02-25
2026,26/2,Ferencvaros v Ludogorets,,UEFA Europa League,Ferencvaros -3 Corner Handicap,1.5,2.1,1.91,109.95,Sky Bet,Loss,-1.5,2026-02-26
2026,26/2,Crvena Zvezda v Lille,,UEFA Europa League,Lille Most Corners,1.5,2.0,1.92,104.17,Sky Bet,Loss,-1.5,2026-02-26
2026,27/2,Shakhtar Donetsk v Veres Rivne,,Ukraine Premier League,Over 9 Asian Corners,3.0,2.0,1.8,111.11,Bet365,Win,3.0,2026-02-27
2026,27/2,Al Bataeh v Baniyas SC,,UAE Pro League,Under 10 Asian Corners,2.5,1.9,,,Bet365,Loss,-2.5,2026-02-27
2026,27/2,St Patrick's Athletic v Dundalk,,Ireland Premier League ,Dundalk +1.5 AH Corners,2.0,1.95,1.88,103.72,Bet365,Win,1.9,2026-02-27
2026,27/2,Sampdoria v Bari,,Italy Serie B,Sampdoria -2 AH Corners,2.0,2.0,1.84,108.7,Bet365,Win,2.0,2026-02-27
2026,27/2,Wolves v Aston Villa,,Premier League,Aston Villa +0.5 AH Cards,3.0,2.08,1.97,105.58,Bet365,Win,3.24,2026-02-27
2026,28/2,Bayer Leverkusen v Mainz,,Germany Bundesliga,Bayer Leverkusen +1.5 AH Cards,4.0,1.85,,,Bet365,Win,3.4,2026-02-28
2026,28/2,Hoffenheim v St Pauli,,Germany Bundesliga,St Pauli +0.5 AH Cards,3.0,1.9,,,Bet365,Win,2.7,2026-02-28
2026,28/2,Preston v Millwall,,England Championship,Under 4 Asian Total Cards,2.5,1.95,,,Bet365,Loss,-2.5,2026-02-28
2026,28/2,Ipswich v Swansea,,England Championship,Under 4.5 Asian Total Cards,2.0,2.03,,,Bet365,Win,2.06,2026-02-28
2026,28/2,St Johnstone v Ayr,,Scotland Championship,Over 10 Asian Corners,2.0,1.95,1.78,109.55,Bet365,Win,1.9,2026-02-28
2026,28/2,Real Oviedo v Atletico Madrid,,Spain La Liga,Over 3 Asian Total Cards,3.0,1.8,,,Bet365,Win,2.4,2026-02-28
2026,28/2,LKS Lodz v Miedz Legnica,,Poland 1st Liga,Under 11 Asian Corners,2.5,1.9,1.83,103.83,Bet365,Loss,-2.5,2026-02-28
2026,28/2,Le Havre v PSG,,France Ligue 1 ,Over 2.5 Asian Total Cards,2.5,1.9,,,Bet365,Win,2.25,2026-02-28
2026,1/3,Elche v Espanyol,,Spain La Liga,Over 4.5 Cards,3.0,1.95,,,Flutter,Win,2.85,2026-03-01
2026,1/3,Elche v Espanyol,,Spain La Liga,Over 5.5 Cards,1.0,3.1,,,Flutter,Win,2.1,2026-03-01
2026,1/3,Elche v Espanyol,,Spain La Liga,Over 6.5 Cards,0.75,5.5,,,Flutter,Win,3.38,2026-03-01
2026,1/3,Elche v Espanyol,,Spain La Liga,Over 7.5 Cards,0.25,8.5,,,Flutter,Loss,-0.25,2026-03-01
2026,1/3,Elche v Espanyol,,Spain La Liga,Over 8.5 Cards,0.1,15.0,,,Flutter,Loss,-0.1,2026-03-01
2026,1/3,Brighton v Nottm Forest,,Premier League,Over 3.5 Asian Total Cards,2.5,1.98,,,Bet365,Win,2.45,2026-03-01
2026,1/3,Sassuolo v Atalanta,,Italy Serie A,Atalanta 0.0 AH Cards,2.5,1.8,,,Bet365,Loss,-2.5,2026-03-01
2026,1/3,Lille v Nantes,,France Ligue 1,Nantes 0.0 AH Cards,3.0,2.05,,,Bet365,Loss,-3.0,2026-03-01
2026,1/3,Metz v Brest,,France Ligue 1,4+ Cards,3.0,2.25,,,Flutter,Win,3.75,2026-03-01
2026,1/3,Metz v Brest,,France Ligue 1,5+ Cards,1.0,4.0,,,Flutter,Loss,-1.0,2026-03-01
2026,1/3,Metz v Brest,,France Ligue 1,6+ Cards,0.25,8.0,,,Flutter,Loss,-0.25,2026-03-01
2026,1/3,Schweinfurt v Saarbrucken,,Germany 3. Liga,Schweinfurt +2.5 AH Corners,1.5,1.85,1.72,107.56,Bet365,Loss,-1.5,2026-03-01
2026,1/3,Austin v DC Utd,,USA MLS,Austin +1 AH Cards,2.0,2.05,,,Bet365,Win,2.1,2026-03-01
2026,2/3,Birmingham v Middlesbrough,,England Championship,Birmingham +0.5 AH Cards,1.5,1.83,1.62,112.96,Bet365,Loss,-1.5,2026-03-02
2026,2/3,Birmingham v Middlesbrough,,England Championship,Birmingham Most Cards,0.75,3.0,,,Flutter,Loss,-0.75,2026-03-02
2026,3/3,Cesena v Monza,,Italy Serie B,Monza 0.0 AH Corners,1.5,1.8,1.68,107.14,Bet365,Loss,-1.5,2026-03-03
2026,3/3,Strasbourg v Reims,,France Cup,Under 4 Asian Total Cards,2.5,2.0,,,Bet365,Win,2.5,2026-03-03
2026,3/3,Strasbourg v Reims,,France Cup,Reims Most Cards,3.0,2.25,2.0,112.5,Flutter,Win,3.75,2026-03-03
2026,3/3,Como v Inter,,Coppa Italia,Over 3 Asian Total Cards,3.0,1.85,,,Bet365,Loss,-3.0,2026-03-03
2026,3/3,Barcelona v Atletico Madrid,,Spain Copa del Rey,Atletico Madrid +6.5 AH Corners,2.5,1.85,1.68,110.12,Bet365,Loss,-2.5,2026-03-03
2026,4/3,Aston Villa v Chelsea,,Premier League,Aston Villa +1 AH Cards,3.0,2.1,,,Bet365,Win,3.3,2026-03-04
2026,4/3,Man City v Nottm Forest,,Premier League,Nottm Forest Most Cards,4.0,2.2,1.77,124.29,Flutter,Win,4.8,2026-03-04
2026,4/3,Marseille v Toulouse,,France Cup,Under 5 Asian Total Cards,3.0,1.9,,,Bet365,Win,2.7,2026-03-04
2026,6/3,Heracles v FC Utrecht,,Netherlands Eredivisie,Utrecht -0.5 AH Corners,1.5,1.95,1.85,105.41,Bet365,Win,1.43,2026-03-06
2026,6/3,Wolves v Liverpool,,FA Cup,Liverpool +0.5 AH Cards,1.5,2.0,1.89,105.82,Bet365,Loss,-1.5,2026-03-06
2026,6/3,Celta Vigo v Real Madrid,,Spain La Liga,Over 4.5 Cards,2.5,2.15,1.92,111.98,Flutter,Loss,-2.5,2026-03-06
2026,7/3,Levante v Girona,,Spain La Liga,Girona Most Cards,1.5,2.2,,,Bet365,Loss,-1.5,2026-03-07
2026,7/3,Levante v Girona,,Spain La Liga,Under 5 Asian Total Cards,2.0,1.83,,,Bet365,Loss,-2.0,2026-03-07
2026,7/3,Morton v St Johnstone,,Scotland Championship,Over 10 Asian Corners,1.5,1.98,1.84,107.61,Bet365,Loss,-1.5,2026-03-07
2026,7/3,York v Eastleigh,,England National League,Over 10 Asian Corners,3.0,2.0,1.75,114.29,Bet365,Win,3.0,2026-03-07
2026,7/3,Sheff Utd v West Brom,,England Championship,Over 3.5 Cards,2.0,2.5,2.24,111.61,Bet365,Loss,-2.0,2026-03-07
2026,7/3,Charlton v Birmingham,,England Championship,Birmingham -1 Corner Handicap,2.5,2.38,2.12,112.26,Bet365,Loss,-2.5,2026-03-07
2026,7/3,Newport County v Colchester,,England League 2,Newport County +2 AH Corners,1.5,1.85,1.71,108.19,Bet365,Win,1.28,2026-03-07
2026,7/3,Derby v Sheff Wed,,England Championship,Sheff Wed -0.5 AH Cards,3.0,2.15,2.02,106.44,Bet365,Loss,-3.0,2026-03-07
2026,7/3,Athletic Bilbao v Barcelona,,Spain La Liga,Under 4.5 Asian Total Cards,2.0,2.05,,,Bet365,Win,2.1,2026-03-07
2026,8/3,Colorado v LA Galaxy,,USA MLS,Over 3.5 Cards,2.0,2.2,,,Flutter,Loss,-2.0,2026-03-08
2026,8/3,Nashville v Minnesota Utd,,USA MLS,Over 3.5 Cards,2.5,2.0,,,Flutter,Loss,-2.5,2026-03-08
2026,8/3,FC Andorra v Sporting Gijon,,Spain Segunda,Sporting Gijon -0.5 AH Cards,2.0,2.0,,,Bet365,Loss,-2.0,2026-03-08
2026,8/3,Brest v Le Havre,,France Ligue 1,Brest +0.5 AH Cards,2.0,2.0,,,Bet365,Win,2.0,2026-03-08
2026,8/3,QPR v Middlesbrough,,England Championship,Over 3.5 Cards,2.0,1.95,,,Flutter,Loss,-2.0,2026-03-08
2026,8/3,Slavia Prague v Sparta Prague,,Czech Republic First Liga,Under 10 Asian Corners,2.5,1.9,1.76,107.95,Bet365,Win,2.25,2026-03-08
2026,8/3,Lyon v Paris FC,,France Ligue 1,Under 4 Asian Total Cards,2.0,1.8,1.63,110.43,Bet365,Win,1.6,2026-03-08
2026,9/3,Lazio v Sassuolo,,Italy Serie A,Lazio +0.5 AH Cards,1.5,1.9,2.09,90.91,Bet365,Loss,-1.5,2026-03-09
2026,9/3,Espanyol v Real Oviedo,,Spain La Liga,Under 4.5 Cards,2.0,1.7,,,Flutter,Loss,-2.0,2026-03-09
2026,10/3,Galatasaray v Liverpool,,UEFA Champions League,Liverpool +0.5 AH Cards,1.5,2.03,1.95,104.1,Bet365,Win,1.55,2026-03-10
2026,10/3,Stoke v Ipswich,,England Championship,Under 4.5 Cards,1.5,2.0,2.08,96.15,Flutter,Win,1.5,2026-03-10
2026,10/3,Torquay v Salisbury,,England National League South,Under 9.5 Asian Corners,2.0,2.0,1.8,111.11,Bet365,Win,2.0,2026-03-10
2026,11/3,Sanfrecce Hiroshima v Johor Darul Ta'zim,,AFC Champions League Elite,Over 10 Asian Corners,2.5,1.83,1.6,114.38,Bet365,Win,2.08,2026-03-11
2026,11/3,Middlesbrough v Charlton ,,England Championship,Middlesbrough +1 AH Cards,2.5,2.03,1.85,109.73,Bet365,Loss,-2.5,2026-03-11
2026,11/3,Coventry v Preston,,England Championship,Under 3.5 Cards,1.5,2.05,1.98,103.54,Flutter,Win,1.58,2026-03-11
2026,11/3,Bahia v Vitoria,,Brazil Serie A,Vitoria Most Cards,2.0,2.0,1.72,116.28,Bet365,Loss,-2.0,2026-03-11
2026,12/3,Nottm Forest v Midtjylland,,UEFA Europa League,Nottm Forest -2 Corner Handicap,1.5,2.25,2.11,106.64,Flutter,Win,1.88,2026-03-12
2026,13/3,Gremio v RB Bragantino,,Brazil Serie A,Gremio +1 AH Cards,2.5,1.98,1.79,110.61,Bet365,Loss,-2.5,2026-03-13
2026,13/3,Alaves v Villarreal,,Spain La Liga,Over 5.5 Cards,1.5,2.5,2.34,106.84,Flutter,Loss,-1.5,2026-03-13
2026,14/3,Leverkusen v Bayern Munich,,Germany Bunedsliga,Bayern Munich 0.0 AH Cards,2.5,2.15,1.83,117.49,Bet365,Win,2.88,2026-03-14
2026,14/3,Dortmund v Augsburg,,Germany Bunedsliga,Under 3.5 Asian Total Cards,1.5,2.0,,,Bet365,Win,1.5,2026-03-14
2026,14/3,West Brom v Hull,,England Championship,Hull 0.0 AH Cards,2.0,1.73,,,Bet365,Win,1.46,2026-03-14
2026,14/3,Napoli v Lecce,,Italy Serie A,Under 3.5 Cards,3.0,1.95,1.73,112.72,Flutter,Win,2.85,2026-03-14
2026,14/3,Real Oviedo v Valencia,,Spain La Liga,Under 4.5 Cards,2.0,1.7,,,Flutter,Loss,-2.0,2026-03-14
2026,14/3,Arsenal v Everton,,Premier League,Arsenal +1 AH Cards,2.0,1.85,1.76,105.11,Bet365,Win,1.7,2026-03-14
2026,14/3,Udinese v Juventus,,Italy Serie A,Over 3 Asian Total Cards,2.5,1.78,,,Bet365,Win,1.95,2026-03-14
2026,14/3,Columbus Crew v Nashville,,USA MLS,Columbus Crew -0.5 AH Corners,1.5,1.8,1.65,109.09,Bet365,Win,1.2,2026-03-14
2026,14/3,Columbus Crew v Nashville,,USA MLS,Over 3.5 Cards,2.0,2.0,2.17,92.17,Flutter,Win,2.0,2026-03-14
2026,15/3,Verona v Genoa,,Italy Serie A,Verona Most Cards,3.0,2.25,2.21,101.81,Flutter,Win,3.75,2026-03-15
2026,15/3,St Mirren v Rangers,,Scotland Premiership,Under 4.5 Asian Total Cards,2.0,1.95,,,Bet365,Win,1.9,2026-03-15
2026,15/3,Liverpool v Tottenham,,Premier League,Tottenham Most Cards,2.0,1.91,1.65,115.76,Flutter,Loss,-2.0,2026-03-15
2026,15/3,Liverpool v Tottenham,,Premier League,Under 4 Asian Total Cards,2.0,1.95,1.96,99.49,Bet365,Win,1.9,2026-03-15
2026,15/3,Real Betis v Celta Vigo,,Spain La Liga,Over 4.5 Asian Total Cards,1.5,1.85,,,Bet365,Win,1.28,2026-03-15
2026,15/3,Real Betis v Celta Vigo,,Spain La Liga,Celta Vigo -0.5 AH Cards,1.5,2.08,2.43,85.6,Bet365,Win,1.62,2026-03-15
2026,15/3,Internacional v Bahia,,Brazil Serie A,Over 9.5 Asian Corners,1.5,1.88,1.74,108.05,Bet365,Loss,-1.5,2026-03-15
2026,15/3,Rennes v Lille,,France Ligue 1,Rennes +0.5 AH Cards,4.0,2.1,1.99,105.53,Bet365,Loss,-4.0,2026-03-15
2026,16/3,Rayo Vallecano v Levante,,Spain La Liga,Under 5.5 Asian Total Cards,4.0,2.0,,,Bet365,Loss,-4.0,2026-03-16
2026,16/3,Cremonese v Fiorentina,,Italy Serie A,Under 4.5 Asian Total Cards,2.0,1.85,,,Bet365,Win,1.7,2026-03-16
2026,18/3,Barcelona v Newcastle,,UEFA Champions League,Over 3.5 Asian Total Cards,2.5,1.88,1.72,109.3,Bet365,Win,2.2,2026-03-18
2026,18/3,Barcelona v Newcastle,,UEFA Champions League,Over 11 Asian Corners,1.5,2.0,1.91,104.71,Bet365,Loss,-1.5,2026-03-18
2026,18/3,Southampton v Norwich,,England Championship,Over 3.5 Asian Total Cards,1.5,2.03,1.96,103.57,Bet365,Win,1.55,2026-03-18
2026,18/3,Liverpool v Galatasaray,,UEFA Champions League,Over 3.5 Asian Total Cards,2.5,1.75,,,Bet365,Loss,-2.5,2026-03-18
2026,18/3,Palmeiras v Botafogo,,Brazil Serie A,Botafogo -0.5 AH Cards,2.5,2.0,,,Bet365,Win,2.5,2026-03-18
2026,19/3,Santos v Internacional,,Brazil Serie A,Over 4.5 Cards,1.5,1.95,,,Flutter,Win,1.43,2026-03-19
2026,19/3,Real Betis v Panathanaikos,,UEFA Europa League,Real Betis -4 AH Corners,1.5,1.9,1.94,97.94,Bet365,Loss,-1.5,2026-03-19
2026,19/3,SC Freiburg v Genk,,UEFA Europa League,Freiburg +1 AH Cards,2.5,1.95,1.71,114.04,Bet365,Win,2.38,2026-03-19
2026,19/3,FC Porto v Stuttgart,,UEFA Europa League,Stuttgart 0.0 AH Cards,1.5,2.1,1.86,112.9,Bet365,Win,1.65,2026-03-19
2026,19/3,Rayo Vallecano v Samsunspor,,UEFA Conference League,Under 9 Asian Corners,1.5,2.0,1.87,106.95,Bet365,Loss,-1.5,2026-03-19
2026,19/3,Strasbourg v HNK Rijeka,,UEFA Conference League,Strasbourg -2 AH Cards,1.5,1.85,1.91,96.86,Bet365,Loss,-1.5,2026-03-19
2026,20/3,Cagliari v Napoli,,Italy Serie A,Under 3.5 Cards,2.5,2.3,,,Flutter,Loss,-2.5,2026-03-20
2026,20/3,Preston v Stoke,,England Championship,Preston +0.5 AH Cards,1.5,1.8,1.73,104.05,Bet365,Loss,-1.5,2026-03-20
2026,20/3,Bournemouth v Man Utd,,Premier League,Man Utd +1 AH Cards,2.5,1.7,,,Bet365,Win,1.75,2026-03-20
2026,21/3,Ipswich v Millwall,,England Championship,Under 3.5 Cards,2.5,2.5,,,Bet365,Win,3.75,2026-03-21
2026,21/3,FC Heidenheim v Leverkusen,,Germany Bundesliga,4 Or More Cards,2.5,2.25,,,Flutter,Win,3.13,2026-03-21
2026,21/3,Wolfsburg v Werder Bremen,,Germany Bundesliga,5 Or More Cards,3.0,2.63,,,Flutter,Loss,-3.0,2026-03-21
2026,21/3,Kilmarnock v Livingston,,Scotland Premiership,Kilmarnock -1 AH Corners,4.0,1.83,,,Bet365,Loss,-4.0,2026-03-21
2026,21/3,Stenhousemuir v Kelty Hearts,,Scotland League One,Under 9.5 Asian Corners,1.5,1.83,1.69,108.28,Bet365,Loss,-1.5,2026-03-21
2026,21/3,Swansea v Coventry ,,England Championship,Under 5.5 Asian Total Cards,5.0,1.78,,,Bet365,Win,3.9,2026-03-21
2026,21/3,Levante v Real Oviedo,,Spain La Liga,Under 6 Asian Total Cards,4.0,1.83,,,Bet365,Win,3.32,2026-03-21
2026,21/3,Atlanta Utd v DC Utd,,USA MLS,Over 3.5 Cards,3.0,2.0,,,Flutter,Loss,-3.0,2026-03-21
2026,22/3,Austin FC v LAFC,,USA MLS,Under 4.5 Asian Total Cards,2.5,1.9,,,Bet365,Loss,-2.5,2026-03-22
2026,22/3,Real Madrid v Atletico Madrid,,Spain La Liga,Atletico Madrid -0.5 Asian Handicap Cards,2.5,2.1,1.91,109.95,Bet365,Win,2.75,2026-03-22
2026,22/3,New York City v Inter Miami,,USA MLS,Over 3.5 Asian Total Cards,5.0,1.85,,,Bet365,Win,4.25,2026-03-22
2026,22/3,Bochum v Holstein Kiel,,Germany 2. Bundesliga,Holstein Kiel +1.5 Asian Handicap Corners,2.5,1.85,1.73,106.94,Bet365,Win,2.12,2026-03-22
2026,22/3,Arsenal v Man City,,EFL Cup,Over 9.5 Corners,1.5,2.3,2.13,107.98,Paddy Power,Loss,-1.5,2026-03-22
2026,22/3,Real Madrid v Atletico Madrid,,Spain La Liga,Under 5.5 Asian Total Cards,2.0,1.95,2.04,95.59,Bet365,Loss,-2.0,2026-03-22
2026,26/3,Czechia v Republic of Ireland,,UEFA European Championship Qualifiers,Over 4.5 Cards,2.0,2.25,1.78,126.4,Sky Bet,Loss,-2.0,2026-03-26
2026,26/3,Slovakia v Kosovo,,UEFA European Championship Qualifiers,Over 4.5 Cards,2.5,2.5,,,Sky Bet,Win,3.75,2026-03-26
2026,26/3,Türkiye v Romania,,UEFA European Championship Qualifiers,Over 4.5 Cards,2.5,1.91,,,Sky Bet,Loss,-2.5,2026-03-26
2026,26/3,Double,Türkiye v Romania        ,UEFA European Championship Qualifiers,Türkiye -2 Corner Handicap,2.0,2.63,,,Sky Bet,Win,3.26,2026-03-26
2026,26/3,Türkiye v Romania,,UEFA European Championship Qualifiers,Romania 0.0 Asian Handicap Cards,2.0,1.85,1.69,109.47,Bet365,Loss,-2.0,2026-03-26
2026,27/3,Spain v Serbia,,International Friendly,9 Or More Corners,2.5,2.0,1.69,118.34,Flutter,Loss,-2.5,2026-03-27
2026,27/3,Spain v Serbia,,International Friendly,10 Or More Corners,1.0,2.63,2.16,121.76,Flutter,Loss,-1.0,2026-03-27
2026,27/3,Spain v Serbia,,International Friendly,11 Or More Corners,0.5,3.6,,,Flutter,Loss,-0.5,2026-03-27
2026,27/3,Spain v Serbia,,International Friendly,12 Or More Corners,0.25,5.0,,,Flutter,Loss,-0.25,2026-03-27
2026,28/3,York v Woking,,England National League,Over 10.0 Asian Total Corners,2.5,2.0,,,Bet365,Loss,-2.5,2026-03-28
2026,29/3,Chelsea (W) v Aston Villa (W),,England Women's Super League,10 Or More Corners,3.0,1.83,1.55,118.06,Flutter,Win,2.5,2026-03-29
2026,29/3,Chelsea (W) v Aston Villa (W),,England Women's Super League,11 Or More Corners,2.0,2.4,1.91,125.65,Flutter,Loss,-2.0,2026-03-29
2026,29/3,Chelsea (W) v Aston Villa (W),,England Women's Super League,12 Or More Corners,0.5,3.0,2.52,119.05,Flutter,Loss,-0.5,2026-03-29
2026,29/3,Chelsea (W) v Aston Villa (W),,England Women's Super League,13 Or More Corners,0.35,4.0,,,Flutter,Loss,-0.35,2026-03-29
2026,29/3,Chelsea (W) v Aston Villa (W),,England Women's Super League,14 Or More Corners,0.15,5.5,,,Flutter,Loss,-0.15,2026-03-29
2026,30/3,Germany v Ghana,,International Friendly,Germany 7 Or More Corners,2.0,2.0,,,Flutter,Win,2.0,2026-03-30
2026,30/3,Germany v Ghana,,International Friendly,Germany 8 Or More Corners,0.5,2.75,,,Flutter,Win,0.88,2026-03-30
2026,30/3,Germany v Ghana,,International Friendly,Germany 9 Or More Corners,0.35,3.75,,,Flutter,Win,0.96,2026-03-30
2026,30/3,Germany v Ghana,,International Friendly,Germany 10 Or More Corners,0.15,5.5,,,Flutter,Loss,-0.15,2026-03-30
2026,31/3,Kosovo v Türkiye,,UEFA European Championship Qualifiers,Over 5.5 Asian Total Cards,2.0,1.98,1.95,101.54,Bet365,Win,1.96,2026-03-31
2026,31/3,Czechia v Denmark,,UEFA European Championship Qualifiers,Over 4.0 Asian Total Cards,2.5,1.78,,,Bet365,Loss,-2.5,2026-03-31
2026,31/3,Australia v Cucacao,,International Friendly,Over 8.5 Asian Corners,1.5,1.9,1.8,105.56,Bet365,Loss,-1.5,2026-03-31
2026,31/3,Netherlands v Ecuador,,International Friendly,Netherlands 5 Or More Corners,3.0,1.8,,,Flutter,Loss,-3.0,2026-03-31
2026,31/3,Netherlands v Ecuador,,International Friendly,Netherlands 6 Or More Corners,2.0,2.5,,,Flutter,Loss,-2.0,2026-03-31
2026,31/3,Netherlands v Ecuador,,International Friendly,Netherlands 7 Or More Corners,0.75,3.75,,,Flutter,Loss,-0.75,2026-03-31
2026,31/3,Netherlands v Ecuador,,International Friendly,Netherlands 8 Or More Corners,0.5,6.0,,,Flutter,Loss,-0.5,2026-03-31
2026,31/3,Netherlands v Ecuador,,International Friendly,Netherlands 9 Or More Corners,0.25,9.5,,,Flutter,Loss,-0.25,2026-03-31
2026,31/3,Netherlands v Ecuador,,International Friendly,Netherlands 10 Or More Corners,0.1,15.0,,,Flutter,Loss,-0.1,2026-03-31
2026,31/3,Double,Norway v Switzerland,International Friendly,10 Or More Corners,2.0,2.57,,,Sky Bet,Loss,-2.0,2026-03-31
2026,3/4,Middlesbrough v Millwall,,England Championship,Under 4.5 Asian Total Cards,1.5,1.83,,,Bet365,Win,1.25,2026-04-03
2026,3/4,Middlesbrough v Millwall,,England Championship,Millwall -1.0 Asian Handicap Cards,1.5,2.1,2.24,93.75,Bet365,Loss,-1.5,2026-04-03
2026,3/4,West Brom v Wrexham,,England Championship,Wrexham Team Most Cards,1.5,2.4,,,Flutter,Loss,-1.5,2026-04-03
2026,3/4,Norwich v Portsmouth,,England Championship,Portsmouth -0.5 Asian Handicap Cards,1.5,1.98,2.08,94.95,Bet365,Win,1.47,2026-04-03
2026,3/4,QPR v Watford,,England Championship,Over 4.5 Asian Total Cards,1.5,2.05,,,Bet365,Win,1.57,2026-04-03
2026,3/4,Oxford Utd v Hull,,England Championship,Hull -0.5 Asian Handicap Cards,1.5,1.88,1.96,95.66,Bet365,Win,1.32,2026-04-03
2026,4/4,Lazio v Parma,,Italy Serie A,Over 4.5 Cards,1.5,2.15,2.02,106.44,Flutter,Loss,-1.5,2026-04-04
2026,4/4,Hoffenheim v Mainz,,Germany Bundesliga,4 Or More Cards,1.5,1.91,1.73,110.4,Flutter,Win,1.37,2026-04-04
2026,4/4,Real Sociedad v Levante,,Spain La Liga,Over 4.5 Cards,1.5,2.38,2.05,116.1,Flutter,Win,2.07,2026-04-04
2026,4/4,Betis v Espanyol,,Spain La Liga,Over 4.5 Cards,1.5,2.2,1.93,113.99,Flutter,Loss,-1.5,2026-04-04
2026,4/4,Atletico Madrid v Barcelona,,Spain La Liga,Under 5.0 Asian Total Cards,1.5,2.0,2.0,100.0,Bet365,Loss,-1.5,2026-04-04
2026,4/4,Atletico Madrid v Barcelona,,Spain La Liga,Atletico Madrid Team Most Cards,1.5,2.1,2.01,104.48,Flutter,Win,1.65,2026-04-04
2026,4/4,Rangers v Dundee Utd,,Scottish Premiership,Under 10.5 Asian Total Corners,1.5,1.9,1.78,106.74,Bet365,Loss,-1.5,2026-04-04
2026,4/4,Lille v Lens,,France Ligue 1,Lens 0.0 Asian Handicap Cards,1.5,1.95,1.82,107.14,Bet365,Loss,-1.5,2026-04-04
2026,4/4,Toronto FC v Colorado Rapids,,USA MLS,Over 3.5 Asian Total Cards,1.5,2.05,1.92,106.77,Bet365,Win,1.58,2026-04-04
2026,5/4,DC Utd v FC Dallas,,USA MLS,Over 4.5 Cards,1.5,2.25,2.03,110.84,Sky Bet,Loss,-1.5,2026-04-05
2026,5/4,Charlotte FC v Philadelphia,,USA MLS,Over 4.5 Cards,1.5,2.2,,,Flutter,Win,1.8,2026-04-05
2026,5/4,New York Red Bulls v FC Cincinnati,,USA MLS,Over 4.5 Cards,1.5,2.5,2.2,113.64,Flutter,Win,2.25,2026-04-05
2026,5/4,Inter Miami v Austin FC,,USA MLS,Under 4.0 Asian Total Cards,1.5,2.05,1.9,107.89,Bet365,Win,1.58,2026-04-05
2026,5/4,Inter Miami v Austin FC,,USA MLS,Austin FC +0.5 Asian Handicap Cards,1.5,1.8,,,Bet365,Loss,-1.5,2026-04-05
2026,5/4,Coritiba v Fluminense,,Brazil Serie A,Fluminense +0.5 Asian Handicap Cards,1.5,1.88,,,Bet365,Loss,-1.5,2026-04-05
2026,5/4,Real Oviedo v Sevilla,,Spain La Liga,Under 5.5 Asian Total Cards,1.5,1.9,,,Bet365,Loss,-1.5,2026-04-05
2026,5/4,Pisa v Torino,,Italy Serie A,Under 3.5 Cards,1.5,2.05,,,Flutter,Win,1.58,2026-04-05
2026,5/4,Pisa v Torino,,Italy Serie A,Torino +0.0 Card Handicap,1.5,2.25,2.35,95.74,Bet365,Loss,-1.5,2026-04-05
2026,5/4,Bahia v SE Palmeiras,,Brazil Serie A,Over 4.5 Cards,1.5,2.15,1.89,113.76,Paddy Power,Win,1.73,2026-04-05
2026,6/4,Portsmouth v Oxford Utd,,England Championship,Oxford Utd -0.5 Asian Handicap Cards,1.5,1.98,2.13,92.72,Bet365,Loss,-1.5,2026-04-06
2026,6/4,Millwall v Norwich,,England Championship,Under 3.5 Cards,1.5,2.05,1.98,103.54,Flutter,Win,1.58,2026-04-06
2026,6/4,Blackburn v West Brom,,England Championship,Under 3.5 Cards,1.5,2.15,,,Flutter,Loss,-1.5,2026-04-06
2026,6/4,Ipswich v Birmingham,,England Championship,Under 4.0 Asian Total Cards,1.5,1.8,1.91,94.24,Bet365,Win,1.2,2026-04-06
2026,6/4,Watford v Charlton,,England Championship,Under 3.5 Cards,1.5,2.15,,,Flutter,Loss,-1.5,2026-04-06
2026,6/4,Swansea v Middlesbrough,,England Championship,Over 4.0 Asian Total Cards,1.5,1.95,,,Bet365,Win,1.43,2026-04-06
2026,6/4,Lecce v Atalanta,,Italy Serie A,Atalanta Team Most Cards,1.5,2.5,,,Flutter,Win,2.25,2026-04-06
2026,6/4,Juventus v Genoa,,Italy Serie A,Under 3.5 Cards,1.5,1.83,1.96,93.37,Flutter,Loss,-1.5,2026-04-06
2026,6/4,Napoli v AC Milan,,Italy Serie A,Under 3.5 Cards,1.5,2.0,,,Flutter,Win,1.5,2026-04-06
2026,6/4,Girona v Villarreal,,Spain La Liga,Villarreal Team Most Cards,1.5,2.3,,,Flutter,Loss,-1.5,2026-04-06
2026,9/4,Freiburg v Celta Vigo,,UEFA Europa League,Celta Vigo Team Most Cards,1.5,2.5,,,Flutter,Loss,-1.5,2026-04-09
2026,9/4,Porto v Nottm Forest,,UEFA Europa League,Nottm Forest Team Most Cards,1.5,2.25,,,Flutter,Loss,-1.5,2026-04-09
2026,10/4,Central Coast Mariners v Brisbane Roar,,Australia A-League,Under 4.0 Asian Total Cards,1.5,2.0,,,Bet365,Loss,-1.5,2026-04-10
2026,10/4,West Brom v Millwall,,England Championship,Millwall -0.5 Asian Handicap Cards,1.5,1.98,1.89,104.5,Bet365,Win,1.46,2026-04-10
2026,10/4,West Ham v Wolves,,Premier League,Under 3.5 Asian Total Cards,1.5,2.0,2.05,97.56,Bet365,Loss,-1.5,2026-04-10
2026,11/4,Charlton v Preston,,England Championship,Preston Team Most Cards,1.5,2.1,2.24,93.75,Flutter,Win,1.65,2026-04-11
2026,11/4,Charlton v Preston,,England Championship,Under 3.5 Asian Total Cards,1.5,2.05,2.04,100.49,Bet365,Loss,-1.5,2026-04-11
2026,11/4,Oxford Utd v Watford,,England Championship,Over 4.5 Cards,1.5,2.38,,,Flutter,Loss,-1.5,2026-04-11
2026,11/4,Barcelona v Espanyol,,Spain La Liga,Under 4.5 Asian Total Cards,1.5,1.88,,,Bet365,Loss,-1.5,2026-04-11
2026,11/4,Cagliari v US Cremonese,,Italy Serie A,Under 3.5 Cards,1.5,2.0,,,Flutter,Win,1.5,2026-04-11
2026,11/4,Torino v Verona,,Italy Serie A,Under 3.5 Cards,1.5,2.05,,,Flutter,Loss,-1.5,2026-04-11
2026,11/4,Atalanta v Juventus,,Italy Serie A,Over 9.0 Asian Total Corners,1.5,1.93,1.81,106.35,Bet365,Win,1.39,2026-04-11
2026,11/4,Toronto FC v FC Cincinnati,,USA MLS,Over 3.5 Cards,1.5,1.73,,,Sky Bet,Win,1.1,2026-04-11
2026,11/4,Austin FC v LA Galaxy,,USA MLS,Over 4.5 Cards,1.5,2.38,2.14,111.21,Flutter,Win,2.07,2026-04-11
2026,11/4,Portland Timbers v Los Angeles FC,,USA MLS,Over 4.5 Cards,1.5,2.38,2.17,109.68,Flutter,Loss,-1.5,2026-04-11
2026,11/4,Mirassol v Bahia,,Brazil Serie A,Under 5.5 Asian Total Cards,1.5,2.03,,,Bet365,Win,1.54,2026-04-11
2026,12/4,Charlotte FC v Nashville SC,,USA MLS,Over 4.5 Cards,1.5,2.38,2.15,110.7,Flutter,Loss,-1.5,2026-04-12
2026,12/4,New England v DC Utd,,USA MLS,Over 4.5 Cards,1.5,2.5,2.08,120.19,Flutter,Loss,-1.5,2026-04-12
2026,12/4,FC Dallas v St Louis City SC,,USA MLS,Over 4.5 Cards,1.5,2.5,2.31,108.23,Flutter,Loss,-1.5,2026-04-12
2026,12/4,Colorado v Houston Dynamo,,USA MLS,Over 4.5 Cards,1.5,2.38,1.99,119.6,Flutter,Loss,-1.5,2026-04-12
2026,12/4,Nottm Forest v Aston Villa,,Premier League,Over 3.5 Asian Total Cards,1.5,1.83,,,Bet365,Win,1.24,2026-04-12
2026,12/4,Genoa v Sassuolo,,Italy Serie A,Over 4.5 Cards,1.5,2.38,,,Flutter,Win,2.07,2026-04-12
2026,12/4,Bologna v Lecce,,Italy Serie A,Lecce -0.5 Asian Handicap Cards,1.5,1.95,2.02,96.53,Bet365,Win,1.43,2026-04-12
2026,12/4,Toulouse v Lille,,France Ligue 1,Lille 0.0 Asian Handicap Cards,1.5,1.85,,,Bet365,Loss,-1.5,2026-04-12
2026,12/4,Mallorca v Rayo Vallecano,,Spain La Liga,Over 4.5 Cards,1.5,1.83,,,Flutter,Win,1.25,2026-04-12
2026,12/4,Athletic Bilbao v Villarreal,,Spain La Liga,Over 4.5 Cards,1.5,2.2,1.98,111.11,Flutter,Win,1.8,2026-04-12
2026,12/4,Sunderland v Tottenham,,Premier League,Over 4.5 Cards,1.5,2.15,1.9,113.16,Flutter,Win,1.73,2026-04-12
2026,13/4,Fiorentina v Lazio,,Italy Serie A,Over 5.5 Cards,1.5,2.38,,,Flutter,Loss,-1.5,2026-04-13
2026,14/4,Atletico Madrid v Barcelona,,Spain La Liga,Barcelona Over 9.5 Corners,1.5,2.3,,,Bet365,Loss,-1.5,2026-04-14
2026,16/4,Nottm Forest v Porto,,UEFA Europa League,Over 4.5 Cards,1.5,2.2,1.98,111.11,Flutter,Win,1.8,2026-04-16
2026,16/4,Fiorentina v Crystal Palace,,UEFA Conference League,4 Or More Cards,1.5,1.83,,,Flutter,Win,1.25,2026-04-16
2026,18/4,Millwall v QPR,,England Championship,Under 3.5 Asian Total Cards,1.5,1.98,2.03,97.29,Bet365,Loss,-1.5,2026-04-18
2026,18/4,Preston v West Brom,,England Championship,Under 3.5 Cards,1.5,1.95,1.98,98.48,Flutter,Win,1.43,2026-04-18
2026,18/4,Sheff Wed v Charlton,,England Championship,Over 2.5 Asian Total Cards,1.5,1.73,,,Bet365,Win,1.09,2026-04-18
2026,18/4,Swansea v Southampton,,England Championship,Southampton Most Cards,1.5,2.2,,,Flutter,Loss,-1.5,2026-04-18
2026,18/4,Hull v Birmingham,,England Championship,Under 3.5 Cards,1.5,2.5,,,Flutter,Loss,-1.5,2026-04-18
2026,18/4,Wrexham v Stoke,,England Championship,Stoke Team Most Cards,1.5,2.1,2.01,104.48,Flutter,Win,1.65,2026-04-18
2026,18/4,Wrexham v Stoke,,England Championship,Under 3.5 Asian Total Cards,1.5,2.0,2.07,96.62,Bet365,Win,1.5,2026-04-18
2026,18/4,Watford v Sheff Utd,,England Championship,Sheff Utd 0.0 Asian Handicap Cards,1.5,2.05,1.94,105.67,Bet365,Win,1.58,2026-04-18
2026,18/4,Roma v Atalanta,,Italy Serie A,Atalanta -0.5 Asian Handicap Cards,1.5,2.05,2.02,101.49,Bet365,Win,1.58,2026-04-18
2026,18/4,Werder Bremen v Hamburger SV,,Germany Bundesliga,5 Or More Cards,1.5,2.0,1.69,118.34,Flutter,Win,1.5,2026-04-18
2026,18/4,Chelsea v Man Utd,,Premier League,Man Utd Most Cards ,1.5,2.88,,,Flutter,Win,2.82,2026-04-18
2026,18/4,Tottenham v Brighton,,Premier League,Brighton Most Cards,1.5,2.37,,,Bet365,Loss,-1.5,2026-04-18
2026,19/4,Atlanta Utd v Nashville SC,,USA MLS,Over 3.5 Cards,1.5,2.3,1.97,116.75,Paddy Power,Loss,-1.5,2026-04-19
2026,19/4,Philadelphia v DC United,,USA MLS,Under 5.5 Asian Total Cards,1.5,1.88,,,Bet365,Win,1.31,2026-04-19
2026,19/4,Real Salt Lake v San Diego FC,,USA MLS,Under 5.0 Asian Total Cards,1.5,1.95,,,Bet365,Win,1.43,2026-04-19
2026,19/4,Aston Villa v Sunderland,,Premier League,Sunderland -1.0 Asian Handicap Cards,1.5,2.08,2.07,100.24,Bet365,Win,1.61,2026-04-19
2026,19/4,Everton v Liverpool,,Premier League,Liverpool Most Cards,1.5,2.8,,,Flutter,Loss,-1.5,2026-04-19
2026,19/4,US Cremonese v Torino,,Italy Serie A,US Cremonese Most Cards,1.5,2.5,,,Flutter,Loss,-1.5,2026-04-19
2026,19/4,US Cremonese v Torino,,Italy Serie A,Under 3.5 Cards,1.5,2.05,2.34,87.61,Flutter,Win,1.58,2026-04-19
2026,19/4,Verona v AC Milan,,Italy Serie A,AC Milan +0.5 Asian Handicap Cards,1.5,2.03,2.33,86.91,Bet365,Loss,-1.5,2026-04-19
2026,19/4,Pisa v Genoa,,Italy Serie A,Under 3.5 Cards,1.5,2.05,2.23,91.93,Flutter,Loss,-1.5,2026-04-19
2026,20/4,Lecce v Fiorentina,,Italy Serie A,Over 4.5 Cards,1.5,2.15,,,Flutter,Win,1.73,2026-04-20
2026,21/4,Brighton v Chelsea,,Premier League,Over 4.5 Cards,1.5,2.5,,,Flutter,Loss,-1.5,2026-04-21
2026,21/4,Stoke v Millwall,,England Championship,Millwall 0.0 Asian Handicap Cards,1.5,1.95,1.99,97.99,Bet365,Win,1.43,2026-04-21
2026,21/4,Norwich v Derby,,England Championship,Under 3.5 Cards,1.5,2.0,,,Bet365,Loss,-1.5,2026-04-21
2026,21/4,Oxford Utd v Wrexham,,England League One,Wrexham 0.0 Asian Handicap Cards,1.5,1.9,1.93,98.45,Flutter,Win,1.35,2026-04-21
2026,21/4,Leicester v Hull,,England Championship,Hull Most Cards,1.5,1.91,,,Bet365,Loss,-1.5,2026-04-21
2026,22/4,Burnley v Man City,,Premier League,Man City +0.5 Asian Handicap Cards,1.5,1.93,1.98,97.22,Bet365,Win,1.39,2026-04-22
2026,22/4,Charlton v Ipswich,,England Championship,Ipswich +0.5 Asian Handicap Cards,1.5,1.95,1.89,103.17,Bet365,Win,1.43,2026-04-22
2026,22/4,Sheff Utd v Blackburn,,England Championship,Blackburn Most Cards,1.5,1.91,1.86,102.69,Flutter,Win,1.37,2026-04-22
2026,22/4,Barcelona v Celta Vigo,,Spain La Liga,Over 3.5 Cards,1.5,2.15,2.08,103.37,Flutter,Loss,-1.5,2026-04-22
2026,23/4,Toronto FC v Philadelphia,,USA MLS,Under 5.0 Asian Total Cards,1.5,1.95,,,Bet365,Loss,-1.5,2026-04-23
2026,23/4,FC Dallas v Minnesota Utd,,USA MLS,Over 3.5 Asian Total Cards,1.5,2.05,,,Bet365,Win,1.58,2026-04-23
2026,23/4,San Jose v Austin FC,,USA MLS,Over 4.0 Asian Total Cards,1.5,2.05,,,Bet365,Loss,-1.5,2026-04-23
2026,23/4,LAFC v Colorado Rapids,,USA MLS,Under 4.5 Asian Total Cards,1.5,2.05,,,Bet365,Loss,-1.5,2026-04-23
2026,23/4,Oviedo v Villarreal,,Spain La Liga,Under 4.5 Cards,1.5,1.83,1.69,108.28,Flutter,Win,1.25,2026-04-23
2026,24/4,Sunderland v Nottm Forest,,England Championship,Over 4.5 Cards,1.5,2.38,,,Flutter,Win,2.07,2026-04-24
2026,24/4,Leicester v Millwall,,England Championship,Millwall Most Cards,1.5,2.3,2.31,99.57,Flutter,Win,1.95,2026-04-24
2026,24/4,Leicester v Millwall,,England Championship,Leicester +1.0 Asian Handicap Corners,1.5,2.0,1.93,103.63,Bet365,Loss,-1.5,2026-04-24
2026,24/4,RB Leipzig v Union Berlin,,Germany Bundesliga,Under 3.0 Asian Total Cards,1.5,2.0,1.77,112.99,Bet365,Win,1.5,2026-04-24
2026,25/4,West Brom v Ipswich,,England Championship,Over 3.5 Cards,1.5,2.3,1.91,120.42,Flutter,Win,1.95,2026-04-25
2026,25/4,Charlton v Hull,,England Championship,Hull Most Cards,1.5,2.25,,,Flutter,Loss,-1.5,2026-04-25
2026,25/4,Birmingham v Bristol City,,England Championship,Over 2.5 Cards,1.5,2.05,,,Flutter,Win,1.58,2026-04-25
2026,25/4,Sheff Utd v Preston,,England Championship,Preston Most Cards,1.5,2.3,2.13,107.98,Flutter,Win,1.95,2026-04-25
2026,25/4,Middlesbrough v Watford,,England Championship,Middlesbrough Over 7.5 Corners,1.5,2.1,,,Flutter,Loss,-1.5,2026-04-25
2026,25/4,Parma v Pisa,,Italy Serie A,Under 3.5 Cards,1.5,2.15,2.22,96.85,Flutter,Win,1.73,2026-04-25
2026,25/4,Double,West Brom v Ipswich,England Championship,Over 3.5 Cards,0.5,4.71,,,Flutter,Win,1.86,2026-04-25
2026,25/4,Augsburg v Eintracht Frankfurt,,Germany Bundesliga,Augsburg 0.0 Asian Handicap Cards,1.5,1.93,1.91,100.79,Bet365,Loss,-1.5,2026-04-25
2026,25/4,CF Montreal v New York City,,USA MLS,Over 4.5 Cards,1.5,2.38,1.97,120.81,Flutter,Win,2.07,2026-04-25
2026,26/4,FC Cincinnati v New York Red Bulls,,USA MLS,Over 4.5 Cards,1.5,2.5,2.11,118.48,Flutter,Loss,-1.5,2026-04-26
2026,26/4,San Diego FC v Portland Timbers,,USA MLS,Over 4.5 Cards,1.5,2.5,1.93,129.53,Flutter,Loss,-1.5,2026-04-26
2026,26/4,Inter Miami v New England,,USA MLS,Over 9.0 Asian Total Corners,1.5,1.9,1.76,107.95,Bet365,Loss,-1.5,2026-04-26
2026,26/4,Fiorentina v Sassuolo,,Italy Serie A,Over 4.5 Cards,1.5,2.5,,,Flutter,Loss,-1.5,2026-04-26
2026,26/4,Genoa v Como,,Italy Serie B,Over 4.5 Cards,1.5,2.3,2.22,103.6,Flutter,Loss,-1.5,2026-04-26
2026,26/4,Torino v Inter Milan,,Italy Serie A,Inter Milan +0.5 Asian Handicap Cards,1.5,1.73,1.78,96.91,Bet365,Win,1.09,2026-04-26
2026,26/4,Torino v Inter Milan,,Italy Serie A,Inter Milan Team to Get Most Cards,0.25,3.1,,,Bet365,Win,0.53,2026-04-26
2026,26/4,Rayo Vallecano v Real Sociedad,,Spain La Liga,Over 4.5 Cards,1.5,1.95,1.71,114.04,Flutter,Win,1.43,2026-04-26
2026,26/4,Oviedo v Elche,,Spain La Liga,Over 4.5 Cards,1.5,1.83,1.67,109.58,Flutter,Loss,-1.5,2026-04-26
2026,26/4,Oviedo v Elche,,Spain La Liga,Oviedo Most Cards,1.5,2.5,,,Flutter,Win,2.25,2026-04-26
2026,26/4,Hibernian v Hearts ,,Scotland Premiership,Hibernian Most Corners,1.5,2.3,2.26,101.77,Paddy Power,Loss,-1.5,2026-04-26
2026,26/4,Corinthians v Vasco Da Gama,,Brazil Serie A,Over 4.5 Cards,1.5,1.83,,,Flutter,Win,1.25,2026-04-26
2026,26/4,Gremio v Coritiba,,Brazil Serie A,Over 5.5 Cards,1.5,2.5,,,Flutter,Win,2.25,2026-04-26
2026,26/4,Athletico-PR v Vitoria,,Brazil Serie A,Over 4.5 Cards,1.5,1.83,,,Flutter,Win,1.25,2026-04-26
2026,26/4,RB Bragantino v Palmeiras,,Brazil Serie A,Over 4.5 Cards,1.5,1.8,,,Flutter,Loss,-1.5,2026-04-26
2026,26/4,4 Fold,Corinthians v Vasco Da Gama	,Brazil Serie A,Over 4.5 Cards,0.25,15.13,,,Flutter,Loss,-0.25,2026-04-26
2026,26/4,Paris FC v Lille,,France Ligue 1,4 Or More Cards,1.5,1.91,,,Flutter,Win,1.37,2026-04-26
2026,27/4,LA Galaxy v Real Salt Lake,,USA MLS,Over 4.5 Cards,1.5,2.15,1.79,120.11,Flutter,Win,1.73,2026-04-27
2026,27/4,Cagliari v Atalanta,,Italy Serie A,Under 3.5 Asian Total Cards,1.5,2.05,1.9,107.89,Bet365,Win,1.58,2026-04-27
2026,27/4,Lazio v Udinese,,Italy Serie A,Udinese 0.0 Asian Handicap Cards,1.5,1.8,1.55,116.13,Bet365,Loss,-1.5,2026-04-27
2026,30/4,Braga v Freiburg,,UEFA Europa League,Braga -1 Corner Handicap,1.5,2.25,2.04,110.29,Flutter,Win,1.88,2026-04-30
2026,1/5,Pisa v Lecce,,Italy Serie A,Under 3.5 Cards,1.5,2.05,2.12,96.7,Flutter,Loss,-1.5,2026-05-01
2026,2/5,Brentford v West Ham,,Premier League,Under 3.5 Cards,1.5,1.7,1.81,93.92,Flutter,Loss,-1.5,2026-05-02
2026,2/5,Sheff Wed v West Brom,,England Championship,Over 2.5 Cards,1.5,2.5,2.15,116.28,Bet365,Win,2.25,2026-05-02
2026,2/5,Atalanta v Genoa,,Italy Serie A,Atalanta Most Cards,1.5,3.1,,,Bet365,Win,3.15,2026-05-02
2026,2/5,Atalanta v Genoa,,Italy Serie A,Over 9.5 Corners,1.5,2.2,2.04,107.84,Paddy Power,Loss,-1.5,2026-05-02
2026,2/5,Newcastle v Brighton,,Premier League,Newcastle Over 5.5 Corners,1.5,2.1,,,Flutter,Loss,-1.5,2026-05-02
2026,2/5,Hull v Norwich,,England Championship,Over 3.5 Cards,1.5,2.2,1.94,113.4,Flutter,Loss,-1.5,2026-05-02
2026,2/5,EC Vitoria Salvador v Coritiba,,Brazil Serie A,Over 4.5 Cards,1.5,1.95,,,Paddy Power,Win,1.43,2026-05-02
2026,2/5,Real Salt Lake v Portland Timbers,,USA MLS,Over 4.5 Cards,1.5,2.38,2.18,109.17,Paddy Power,Loss,-1.5,2026-05-02
2026,3/5,New England v Charlotte FC,,USA MLS,Over 4.5 Cards,1.5,2.15,1.99,108.04,Paddy Power,Win,1.73,2026-05-03
2026,3/5,Atlanta Utd v CF Montreal,,USA MLS,Atlanta Utd Over 5.5 Corners,1.5,2.4,,,Paddy Power,Loss,-1.5,2026-05-03
2026,3/5,Sassuolo v AC Milan,,Italy Serie A,Over 3.5 Cards,1.5,2.2,2.03,108.37,Flutter,Win,1.8,2026-05-03
2026,3/5,Sassuolo v AC Milan,,Italy Serie A,Sassuolo Most Cards,1.5,2.3,2.1,109.52,Flutter,Loss,-1.5,2026-05-03
2026,3/5,Celta Vigo v Elche,,Spain La Liga,Under 3.5 Cards,1.5,2.5,2.1,119.05,Flutter,Win,2.25,2026-05-03
2026,3/5,Betis v Oviedo,,Spain La Liga,Under 4.5 Cards,1.5,1.83,,,Flutter,Win,1.25,2026-05-03
2026,3/5,New York City v DC Utd,,USA MLS,Over 3.5 Cards,1.5,2.0,,,Flutter,Win,1.5,2026-05-03
2026,3/5,Austin FC v St Louis City SC,,USA MLS,Over 3.5 Cards,1.5,1.83,,,Flutter,Win,1.25,2026-05-03
2026,3/5,Chapecoense v Red Bull Bragantino,,Brazil Serie A,Red Bull Bragantino -1 Corner Handicap,1.5,2.25,2.1,107.14,Flutter,Loss,-1.5,2026-05-03
2026,3/5,Internacional v Fluminense,,Brazil Serie A,Over 5.5 Cards,1.5,2.5,2.15,116.28,Flutter,Win,2.25,2026-05-03
2026,3/5,Flamengo v Vasco da Gama,,Brazil Serie A,Over 5.5 Cards,1.5,2.2,,,Flutter,Win,1.8,2026-05-03
2026,3/5,Aston Villa v Tottenham,,Premier League,Aston Villa Most Corners & Over 5.5 Corners,1.5,2.31,,,Flutter,Loss,-1.5,2026-05-03
2026,4/5,Chelsea v Nottm Forest,,Premier League,Over 4.5 Cards,1.5,2.3,2.34,98.29,Flutter,Loss,-1.5,2026-05-04
2026,4/5,US Cremonese v Lazio,,Italy Serie A,US Cremonese Team Most Cards,1.5,2.5,2.17,115.21,Flutter,Loss,-1.5,2026-05-04
2026,4/5,Roma v Fiorentina,,Italy Serie A,Over 3.5 Cards,1.5,2.05,2.08,98.56,Flutter,Win,1.58,2026-05-04
2026,4/5,Everton v Man City,,Premier League,Man City +0.5 Asian Handicap Cards,1.58,2.08,1.82,114.01,Bet365,Loss,-1.58,2026-05-04
2026,6/5,Bayern Munich v PSG,,UEFA Champions League,Over 4.0 Asian Total Cards,1.5,1.98,1.96,100.77,Bet365,Win,1.46,2026-05-06
2026,8/5,Hull v Millwall,,England Championship,Under 3.5 Cards,1.5,2.15,2.18,98.62,Flutter,Win,1.73,2026-05-08
2026,8/5,Hull v Millwall,,England Championship,Millwall 0.0 Asian Handicap Cards,1.5,1.95,1.82,107.14,Bet365,Win,1.43,2026-05-08
2026,8/5,Torino v Sassuolo,,Italy Serie A,Under 3.5 Cards,1.5,2.05,1.83,112.02,Flutter,Loss,-1.5,2026-05-08
2026,9/5,Lazio v Inter,,Italy Serie A,Over 3.5 Cards,1.5,1.87,2.13,87.79,Flutter,Win,1.31,2026-05-09
2026,10/5,San Jose Earthquakes v Vancouver Whitecaps,,USA MLS,Vancouver Whitecaps +1 Corner Handicap,1.5,2.0,1.84,108.7,Sky Bet,Win,1.5,2026-05-10
2026,10/5,Cremonese v Pisa,,Italy Serie B,Under 4.5 Asian Total Cards,1.5,1.9,2.0,95.0,Bet365,Loss,-1.5,2026-05-10
2026,10/5,Fiorentina v Genoa,,Italy Serie A,Over 4.5 Cards,1.5,2.5,,,Flutter,Loss,-1.5,2026-05-10
2026,10/5,Fiorentina v Genoa,,Italy Serie A,Genoa Most Cards,1.5,2.3,,,Flutter,Loss,-1.5,2026-05-10
2026,10/5,Parma v Roma,,Italy Serie A,Roma Most Cards,1.5,2.5,,,Flutter,Loss,-1.5,2026-05-10
2026,10/5,Parma v Roma,,Italy Serie A,Under 3.5 Cards,1.5,1.83,1.57,116.56,Flutter,Loss,-1.5,2026-05-10
2026,10/5,Paris St-G v Brest,,France Ligue 1,3 Or More Cards,1.5,2.2,2.08,105.77,Flutter,Loss,-1.5,2026-05-10
2026,10/5,Barcelona v Real Madrid,,Spain La Liga,Real Madrid +0.5 Asian Handicap Cards,1.5,1.7,,,Bet365,Win,1.05,2026-05-10
2026,11/5,Millwall v Hull,,England Championship,Under 3.5 Cards,1.5,2.3,2.63,87.45,Flutter,Loss,-1.5,2026-05-11
2026,11/5,Napoli v Bologna,,Italy Serie A,Under 3.5 Cards,1.5,1.73,1.61,107.45,Flutter,Loss,-1.5,2026-05-11
2026,13/5,Brest v Strasbourg,,France Ligue 1,Strasbourg 0.0 Asian Handicap Cards,1.5,1.78,1.75,101.43,Bet365,Win,1.16,2026-05-13
2026,14/5,St Louis City SC v Los Angeles FC,,USA MLS,Los Angeles FC Most Cards,0.75,3.75,,,Flutter,Loss,-0.75,2026-05-14
2026,16/5,Freiburg v RB Leipzig,,Germany Bundesliga,RB Leipzig Team Most Cards,1.5,2.4,,,Flutter,Win,2.1,2026-05-16
2026,17/5,Oviedo v Alaves,,Spain La Liga,Oviedo Most Cards,1.0,3.25,2.66,122.18,Flutter,Win,2.25,2026-05-17
2026,17/5,Sevilla v Real Madrid,,Spain La Liga,Under 4.5 Cards,1.5,1.95,1.8,108.33,Flutter,Win,1.43,2026-05-17
2026,21/5,FC Utrecht v Heerenveen,,Netherlands Eredivisie,FC Utrecht Most Corners & Over 5.5 Corners,1.5,2.34,,,Sky Bet,Win,2.01,2026-05-21
2026,23/5,Espanyol v Real Sociedad,,Spain La Liga,Espanyol -1 Corner Handicap,1.5,2.63,2.5,105.2,Sky Bet,Loss,-1.5,2026-05-23
2026,27/5,Crystal Palace v Rayo Vallecano,,UEFA Conference League,Over 4.5 Asian Total Cards,1.5,2.05,1.89,108.47,Bet365,Win,1.58,2026-05-27
2026,27/5,Crystal Palace v Rayo Vallecano,,UEFA Conference League,Over 4.0 Asian Total Cards,1.5,1.78,1.56,113.78,Bet365,Win,1.16,2026-05-27
2026,7/6,Croatia v Slovenia,,International Friendly,Slovenia 3+ Corners,1.5,2.0,,,Flutter,Win,1.5,2026-06-07
2026,7/6,Morocco v Norway,,International Friendly,Morocco Most Corners,1.5,2.3,,,Paddy Power,Loss,-1.5,2026-06-07
2026,8/6,France v Northern Ireland,,International Friendly,Northern Ireland 2+ Corners,1.5,2.1,,,Bet365,Loss,-1.5,2026-06-08
2026,8/6,Netherlands v Uzbekistan,,International Friendly,Netherlands 7+ Corners,1.5,2.2,,,Sky Bet,Loss,-1.5,2026-06-08
2026,10/6,England v Costa Rica,,International Friendly,England 8+ Corners & 2+ FH Corners,1.5,2.3,,,Bet365,Win,1.95,2026-06-10
2026,10/6,Portugal v Nigeria,,International Friendly,Over 9.0 Asian Total Corners,1.5,2.0,1.8,111.11,Bet365,Loss,-1.5,2026-06-10
2026,11/6,Mexico v South Africa,,FIFA World Cup,Under 8.5 Asian Total Corners,1.5,2.0,1.89,105.82,Bet365,Win,1.5,2026-06-11
2026,12/6,Canada v Bosnia,,FIFA World Cup,Canada -2 Corner Handicap,1.5,2.38,2.2,108.18,Sky Bet,Win,2.07,2026-06-12
2026,13/6,USA v Paraguay,,FIFA World Cup,USA +0.5 Asian Handicap Cards,1.5,1.83,1.52,120.07,Bet365,Loss,-1.5,2026-06-13
2026,13/6,Qatar v Switzerland,,FIFA World Cup,Switzerland -3 Corner Handicap,1.5,2.0,1.79,111.73,Sky Bet,Win,1.5,2026-06-13
2026,13/6,Brazil v Morocco,,FIFA World Cup,Brazil Over 1.5 Cards,1.5,1.87,,,Flutter,Win,1.31,2026-06-13
2026,14/6,Netherlands v Japan,,FIFA World Cup,Japan 0.0 Asian Handicap Cards,1.5,1.73,1.53,112.75,Bet365,Loss,-1.5,2026-06-14
2026,15/6,Ivory Coast v Ecuador,,FIFA World Cup,Ecuador -1 Corner Handicap,1.5,2.5,2.23,112.11,Flutter,Win,2.25,2026-06-15
2026,15/6,Saudi Arabia v Uruguay,,FIFA World Cup,Uruguay -2 Corner Handicap,1.5,2.38,2.03,117.24,Sky Bet,Win,2.07,2026-06-15
2026,15/6,Saudi Arabia v Uruguay,,FIFA World Cup,Over 1.5 Cards,1.5,1.8,,,Bet365,Loss,-1.5,2026-06-15
2026,16/6,Iraq v Norway,,FIFA World Cup,Over 9.0 Asian Total Corners,1.5,2.0,1.71,116.96,Bet365,Loss,-1.5,2026-06-16
2026,19/6,Mexico v South Korea,,FIFA World Cup,Under 9.0 Asian Total Corners,1.5,1.8,1.66,108.43,Bet365,Win,1.2,2026-06-19
2026,20/6,Brazil v Haiti,,FIFA World Cup,Over 2.5 Cards,1.5,1.95,2.1,92.86,Flutter,Win,1.43,2026-06-20
2026,20/6,Brazil v Haiti,,FIFA World Cup,Haiti Most Cards,1.5,1.91,1.94,98.45,Flutter,Win,1.37,2026-06-20
2026,20/6,Germany v Ivory Coast,,FIFA World Cup,Under 2.5 Cards,1.5,2.5,,,Flutter,Win,2.25,2026-06-20
2026,21/6,Tunisia v Japan,,FIFA World Cup,Japan +0.5 Asian Handicap Cards,1.5,2.15,,,Bet365,Win,1.73,2026-06-21
2026,21/6,Spain v Saudi Arabia,,FIFA World Cup,Spain +1.0 Asian Handicap Cards,1.5,1.83,1.57,116.24,Bet365,Loss,-1.5,2026-06-21
2026,21/6,Belgium v Iran,,FIFA World Cup,Over 3.0 Asian Total Cards,1.5,1.95,,,Bet365,Win,1.43,2026-06-21
2026,22/6,Argentina v Austria,,FIFA World Cup,Austria -0.5 Asian Handicap Cards,1.5,1.8,1.71,105.26,Bet365,Loss,-1.5,2026-06-22
2026,22/6,France v Iraq,,FIFA World Cup,France -5 Corner Handicap,1.5,1.91,1.96,97.45,Flutter,Loss,-1.5,2026-06-22
2026,24/6,Morocco v Haiti,,FIFA World Cup,Under 9.5 Asian Total Corners,1.5,1.8,1.6,112.5,Bet365,Loss,-1.5,2026-06-24
2026,24/6,Bosnia v Qatar,,FIFA World Cup,Team Most Cards - Tie,1.0,4.05,,,Flutter,Win,3.05,2026-06-24
2026,25/6,Czechia v Mexico,,FIFA World Cup,Czechia Over 1.5 Cards,1.5,1.83,,,Flutter,Loss,-1.5,2026-06-25
2026,25/6,Czechia v Mexico,,FIFA World Cup,Czechia Most Cards,1.5,2.1,1.96,107.14,Flutter,Loss,-1.5,2026-06-25
2026,26/6,Japan v Sweden,,FIFA World Cup,Under 2.5 Asian Total Cards,1.5,2.05,1.91,107.33,Bet365,Loss,-1.5,2026-06-26
2026,26/6,Senegal v Iraq,,FIFA World Cup,Senegal Over 1.5 Cards,1.5,2.7,2.5,108.0,Flutter,Win,2.55,2026-06-26
2026,27/6,Uruguay v Spain,,FIFA World Cup,Spain Under 1.5 Cards,1.5,1.83,,,Flutter,Win,1.25,2026-06-27
2026,27/6,Uruguay v Spain,,FIFA World Cup,Under 3.5 Cards,1.5,1.83,1.62,112.96,Flutter,Loss,-1.5,2026-06-27
2026,27/6,Cape Verde v Saudi Arabia,,FIFA World Cup,Over 3.5 Cards,1.5,2.3,2.06,111.65,Flutter,Win,1.95,2026-06-27
2026,27/6,Egypt v Iran,,FIFA World Cup,Red Card in the Match,0.25,11.0,9.0,122.22,Paddy Power,Loss,-0.25,2026-06-27
2026,28/6,Colombia v Portugal,,FIFA World Cup,Portugal Over 1.5 Cards,1.5,2.5,,,Flutter,Loss,-1.5,2026-06-28
2026,28/6,Jordan v Argentina,,FIFA World Cup,Argentina -3 Corner Handicap,1.5,1.83,1.8,101.67,Flutter,Win,1.25,2026-06-28
2026,28/6,South Africa v Canada,,FIFA World Cup,Canada -3 Corner Handicap,1.5,2.3,2.43,94.65,Paddy Power,Loss,-1.5,2026-06-28
2026,28/6,South Africa v Canada,,FIFA World Cup,Canada +0.5 Asian Handicap Cards ,1.5,2.0,1.85,108.11,Bet365,Win,1.5,2026-06-28
2026,29/6,Brazil v Japan,,FIFA World Cup,Under 8.5 Asian Total Corners,1.5,1.85,,,Bet365,Win,1.28,2026-06-29
2026,29/6,Germany v Paraguay,,FIFA World Cup,Under 3.5 Cards,1.5,1.67,,,Flutter,Win,1.0,2026-06-29
2026,29/6,Germany v Paraguay,,FIFA World Cup,Germany Over 6.5 Corners,1.5,2.2,,,Bet365,Win,1.8,2026-06-29
2026,30/6,Netherlands v Morocco,,FIFA World Cup,Netherlands Most Cards,1.5,3.0,,,Flutter,Loss,-1.5,2026-06-30
2026,30/6,Netherlands v Morocco,,FIFA World Cup,Netherlands 0.0 Asian Handicap Cards ,1.5,2.2,,,Bet365,Loss,-1.5,2026-06-30
2026,30/6,Ivory Coast v Norway,,FIFA World Cup,Under 2.5 Asian Total Cards,1.5,2.05,1.85,110.81,Bet365,Win,1.58,2026-06-30
2026,30/6,France v Sweden,,FIFA World Cup,France Most Cards,0.5,5.0,,,Flutter,Loss,-0.5,2026-06-30
2026,30/6,France v Sweden,,FIFA World Cup,Over 9.5 Asian Total Corners,1.5,1.85,1.8,102.78,Bet365,Win,1.28,2026-06-30
2026,1/7,Mexico v Ecuador,,FIFA World Cup,Under 4 Asian Total Cards,1.5,1.75,1.59,110.06,Bet35,Loss,-1.5,2026-07-01
2026,1/7,England v DR Congo,,FIFA World Cup,DR Congo Over 2.5 Corners,1.5,2.1,,,Bet365,Win,1.65,2026-07-01
2026,1/7,England v DR Congo,,FIFA World Cup,England -6 Corner Handicap,1.5,2.0,,,Bet365,Loss,-1.5,2026-07-01
2026,1/7,Belgium v Senegal,,FIFA World Cup,Over 9.0 Asian Total Corners,1.5,1.9,1.63,116.56,Bet365,Loss,-1.5,2026-07-01
2026,4/7,Colombia v Ghana,,FIFA World Cup,Ghana Most Cards,1.5,2.1,2.0,105.0,Flutter,Win,1.65,2026-07-04
2026,4/7,Canada v Morocco,,FIFA World Cup,Over 3.0 Asian Total Cards,1.5,1.9,1.67,113.77,Bet365,Win,1.35,2026-07-04
2026,4/7,Canada v Morocco,,FIFA World Cup,Canada Over 3.5 Corners,1.5,1.85,,,Flutter,Win,1.28,2026-07-04
2026,4/7,Paraguay v France,,FIFA World Cup,Paraguay Over 1.5 Cards,1.5,2.2,,,Flutter,Loss,-1.5,2026-07-04
2026,5/7,Brazil v Norway,,FIFA World Cup,Over 9.5 Asian Total Corners ,1.5,1.93,1.83,105.19,Bet365,Win,1.39,2026-07-05
2026,6/7,Mexico v England,,FIFA World Cup,Mexico Over 3.5 Corners ,1.5,2.0,,,Bet365,Win,1.5,2026-07-06
2026,6/7,Portugal v Spain,,FIFA World Cup,Spain Under 1.5 Cards,1.5,1.8,,,Bet365,Win,1.2,2026-07-06
2026,7/7,Switzerland v Colombia,,FIFA World Cup,Colombia Over 1.5 Cards,1.5,1.95,,,Flutter,Loss,-1.5,2026-07-07
2026,12/7,Argentina v Switzerland,,FIFA World Cup,Argentina -1.5 Asian Handicap Corners,1.5,2.0,2.12,94.34,Bet365,Win,1.5,2026-07-12
2026,12/7,Argentina v Switzerland,,FIFA World Cup,Over 3.5 Cards,1.5,2.5,2.5,100.0,Flutter,Loss,-1.5,2026-07-12
2026,15/7,England v Argentina,,FIFA World Cup,England 0.0 Asian Handicap Cards ,1.5,1.95,,,Bet365,Loss,-1.5,2026-07-15
2026,19/7,Spain v Argentina,,FIFA World Cup,Argentina +1.0 Asian Handicap Corners ,1.5,1.95,2.15,90.7,Bet365,Loss,-1.5,2026-07-19
2026,22/7,Charlotte FC v Atlanta Utd,,USA MLS,Atlanta Utd +1 Corner Handicap,1.5,2.3,2.17,105.99,Paddy Power,Loss,-1.5,2026-07-22
2026,22/7,Nashville SC v CF Montreal,,USA MLS,CF Montreal +2 Corner Handicap,1.5,2.25,2.13,105.63,Flutter,Win,1.88,2026-07-22
2026,22/7,Colorado v San Diego FC,,USA MLS,Colorado -1 Corner Handicap,1.5,2.5,2.36,105.93,Flutter,Win,2.25,2026-07-22
