,,,,,,,,,,,,
,Total Bets,2600,,,,,,,,,,
,Profit,311.36,,,,,,,,,,
,ROI,10.35%,,,,,,,,,,
,Total Staked,"3,008.88",,,,,,,,,,
,AVG Stake,1.16,,,,,,,,,,
,AVG Odds,2.69,,,,,,,,,,
,,,,,,,,,,,,
,,,,,,,,,,,,
,Date,Fixture,,League,Bet,Unit Stake,Odds,CL,EV%,Bookmaker,Result,Profit
2024,1/8,FC Astana v FC Milsami,,UEFA Conference League Qualifying,Over 9 Asian Corners,1,1.88,1.58,118.99%,Bet365,Win,0.88
,1/8,KF Llapi v Brondby,,UEFA Conference League Qualifying,Under 9 Asian Corners,1,1.75,1.7,102.94%,Bet365,Loss,-1.00
,1/8,Tromso v KuPS Kuopio,,UEFA Conference League Qualifying,Tromso -0.5 AH Corners,1,1.93,1.7,113.53%,Bet365,Loss,-1.00
,1/8,FC Copenhagen v FCB Magpies,,UEFA Conference League Qualifying,Under 10.5 Asian Corners,1,1.95,1.7,114.71%,Bet365,Win,0.95
,1/8,Inter Club d'Escaldes v AEK Athens,,UEFA Conference League Qualifying,Inter Club d'Escaldes +4 AH Corners,1,1.90,1.64,115.85%,Bet365,Win,0.90
,2/8,Morocco Olympic v USA Olympic,,Olympics 2024 Soccer - Men,Under 4.5 Asian Total Cards,1,1.78,N/A,,Bet365,Win,0.78
,3/8,Sol de America v General Caballero JLM,,Paraguay Division Profesional,Under 9 Asian Corners,1,2.00,1.66,120.48%,Bet365,Win,1.00
,3/8,Sol de America v General Caballero JLM,,Paraguay Division Profesional,Under 7.5 Corners,0.5,3.25,2.54,127.95%,Bet365,Win,1.13
,3/8,Sol de America v General Caballero JLM,,Paraguay Division Profesional,Under 6.5 Corners,0.25,4.50,N/A,,Bet365,Loss,-0.25
,3/8,Spain Women v Colombia Women,,Olympics 2024 Soccer - Women,Spain Women -4 AH Corners,1,1.93,1.66,116.27%,Bet365,Win,0.93
,3/8,Everton de Vina v O'Higgins,,Chile Primera Division,Under 10.5 Asian Corners,1,2.03,1.81,112.15%,Bet365,Win,1.03
,3/8,Everton de Vina v O'Higgins,,Chile Primera Division,Under 8.5 Corners,0.5,3.75,N/A,,Bet365,Win,1.38
,3/8,Everton de Vina v O'Higgins,,Chile Primera Division,Under 7.5 Corners,0.25,5.50,N/A,,Bet365,Win,1.13
,3/8,Canada Women v Germany Women,,Olympics 2024 Soccer - Women,Germany Women 0.0 AH Cards,1,2.00,1.83,109.29%,Bet365,Win,1.00
,4/8,SV Darmstadt 98 v Fortuna Dusseldorf,,Germany 2. Bundesliga ,Fortuna Dusseldorf +1 Corner Handicap,1,1.95,1.66,117.47%,William Hill,Loss,-1.00
,4/8,SV Darmstadt 98 v Fortuna Dusseldorf,,Germany 2. Bundesliga ,Fortuna Dusseldorf Most Corners,0.5,2.50,2.07,120.77%,Sky Bet,Loss,-0.50
,4/8,FC Vaduz v Wil 1900,,Switzerland Challenge League,Over 9 Asian Corners,1,1.80,1.60,112.50%,Bet365,Loss,-1.00
,4/8,FC Vaduz v Wil 1900,,Switzerland Challenge League,Over 11.5 Corners,0.5,3.75,N/A,,Bet365,Loss,-0.50
,4/8,FC Vaduz v Wil 1900,,Switzerland Challenge League,Over 12.5 Corners,0.25,5.50,N/A,,Bet365,Loss,-0.25
,4/8,Sporting Cristal v Carlos Mannucci,,Peru Liga 1 - Clasura,Over 12.5 Corners,0.25,4.00,N/A,,Bet365,Loss,-0.25
,4/8,Athletico Paranaense v Gremio,,Brazil Serie A,Under 6 Asian Total Cards,1,2.03,N/A,,Bet365,Win,1.03
,4/8,Guabira v Universitario De Vinto,,Bolivia Division Profesional - Clasura,Under 9.5 Asian Corners,1,1.93,1.68,114.88%,Bet365,Win,0.93
,4/8,Guabira v Universitario De Vinto,,Bolivia Division Profesional - Clasura,Under 7.5 Corners,0.5,3.50,N/A,,Bet365,Win,1.25
,4/8,Guabira v Universitario De Vinto,,Bolivia Division Profesional - Clasura,Under 6.5 Corners,0.25,5.50,N/A,,Bet365,Win,1.13
,5/8,Sao Bernardo v Caxias,,Brazil Serie C,Under 10.5 Asian Corners,1,1.85,1.65,112.12%,Bet365,Win,0.85
,5/8,Sao Bernardo v Caxias,,Brazil Serie C,Under 8.5 Corners,0.5,3.25,N/A,,Bet365,Win,1.13
,5/8,Sao Bernardo v Caxias,,Brazil Serie C,Under 7.5 Corners,0.25,5.00,N/A,,Bet365,Win,1.00
,5/8,Sao Bernardo v Caxias,,Brazil Serie C,Under 6.5 Corners,0.1,8.00,N/A,,Bet365,Win,0.70
,5/8,Orlando City SC v Atletico San Luis,,CONCACAF Leagues Cup,Under 10 Asian Corners,1,1.8,1.62,111.11%,Bet365,Loss,-1.00
,5/8,Orlando City SC v Atletico San Luis,,CONCACAF Leagues Cup,Under 7.5 Corners,0.5,3.75,N/A,,Bet365,Loss,-0.50
,5/8,Orlando City SC v Atletico San Luis,,CONCACAF Leagues Cup,Under 6.5 Corners,0.25,6,N/A,,Bet365,Loss,-0.25
,5/8,OLS v KUPS Akatemia,,Finland Ykkonen,Under 10 Asian Corners,1,1.95,1.78,109.55%,Bet365,Win,0.95
,5/8,OLS v KUPS Akatemia,,Finland Ykkonen,Under 8.5 Corners,0.5,3.5,N/A,,Bet365,Loss,-0.50
,5/8,OLS v KUPS Akatemia,,Finland Ykkonen,Under 7.5 Corners,0.25,5,N/A,,Bet365,Loss,-0.25
,5/8,OLS v KUPS Akatemia,,Finland Ykkonen,Under 6.5 Corners,0.1,9,N/A,,Bet365,Loss,-0.10
,6/8,Estudiantes Rio Cuarto v CA Aldosivi,,Argentina Division 2,Under 9 Asian Corners,1,1.85,1.69,109.47%,Bet365,Win,0.85
,,Estudiantes Rio Cuarto v CA Aldosivi,,Argentina Division 2,Under 6.5 Corners,0.5,4.33,N/A,,Bet365,Loss,-0.50
,,Malmo FF v PAOK Salonika,,UEFA Champions League Qualifying,Malmo FF -0.5 AH Corners,1,1.95,1.78,109.55%,Bet365,Win,0.95
,,Brazil Women v Spain Women,,Olympics 2024 Soccer - Women,Under 2.5 Asian Total Cards,1,2.05,1.85,110.81%,Bet365,Loss,-1.00
,,Fram Reykjavik v Stjarnan,,Iceland Premier League,Stjarnan +0.5 AH Corners,1,1.98,1.69,117.16%,Bet365,Loss,-1.00
,7/8,Paksi v FK Mornar Bay,,UEFA Conference League Qualifying,FK Mornar Bay +4 AH Corners,1,1.88,1.79,105.03%,Bet365,Win,0.88
,,Bragantino v Athletico Paranaense,,Copa do Brasil,Bragantino -3 AH Corners,2,1.8,N/A,,Bet365,Win,1.60
,,Ypiranga RS v Caxias,,Brazil Serie C,Under 11.5 Asian Corners,1,1.9,1.66,114.46%,Bet365,Win,0.90
,,Ypiranga RS v Caxias,,Brazil Serie C,Under 9.5 Corners,0.5,3.25,N/A,,Bet365,Loss,-0.50
,,Ypiranga RS v Caxias,,Brazil Serie C,Under 8.5 Corners,0.25,4.5,N/A,,Bet365,Loss,-0.25
,,Ypiranga RS v Caxias,,Brazil Serie C,Under 7.5 Corners,0.1,8,N/A,,Bet365,Loss,-0.10
,8/8,Palmeiras v Flamengo,,Copa do Brasil,Flamengo +2.5 AH Corners,1,1.88,2.32,81.03%,Bet365,Loss,-1.00
,,Palmeiras v Flamengo,,Copa do Brasil,Under 10.5 Asian Corners,1,2,1.84,108.70%,Bet365,Loss,-1.00
,,KF Ballkani v Larne,,UEFA Conference League Qualifying,Under 9.5 Asian Corners,1,1.9,1.64,115.85%,Bet365,Win,0.90
,,KF Ballkani v Larne,,UEFA Conference League Qualifying,Under 7.5 Corners,0.5,3.5,N/A,,Bet365,Win,1.25
,,KF Ballkani v Larne,,UEFA Conference League Qualifying,Under 6.5 Corners,0.25,5.5,N/A,,Bet365,Win,1.13
,,HNK Rijeka v Elfsborg,,UEFA Europa League Qualifying,Elfsborg +1.5 AH Corners,1,1.88,1.72,109.30%,Bet365,Loss,-1.00
,,UE Santa Coloma v Rigas FS,,UEFA Europa League Qualifying,Under 10 Asian Corners,1,1.93,1.71,112.87%,Bet365,Win,0.93
,9/8,Spain Women v Germany Women,,Olympics 2024 Soccer - Women,Spain Women +0.5 AH Cards,1,1.9,1.70,111.76%,Bet365,Win,0.90
,,Spain Women v Germany Women,,Olympics 2024 Soccer - Women,Under 2.5 Asian Total Cards,1,1.9,N/A,,Bet365,Win,0.90
,,Fjolnir v IBV Vestmannaeyjar,,Iceland 1 Delid,Over 11.5 Asian Corners,1,1.95,1.71,114.04%,Bet365,Win,0.95
,,Preston v Sheff Utd,,England Championship,Under 4.5 Asian Total Cards,1,2.05,1.74,117.82%,Bet365,Win,1.05
,,Double,Spain Women v Germany Women,Olympics 2024 Soccer - Women,Under 2.5 Asian Total Cards,0.25,3.89,N/A,,Bet365,Win,0.72
,,,Preston v Sheff Utd,England Championship,Under 4.5 Asian Total Cards,,,,,,,
,10/8,Yokohama FC v V-Varen Nagasaki,,Japan J2 League,V-Varen Nagasaki +3 AH Corners,1,1.78,N/A,,Bet365,Loss,-1.00
,,Ulsan Hyundai v Daegu FC,,K League 1,Under 4 FH Asian Corners,1,1.95,1.76,110.80%,Bet365,Loss,-1.00
,,Elversberg v 1. FC Koln,,Germany 2. Bundesliga ,1. FC Koln Most Corners,1,1.91,1.62,117.90%,Sky Bet,Win,0.91
,,Milwall v Watford,,England Championship,Under 4 Asian Total Cards,1,1.93,1.74,110.92%,Bet365,Loss,-1.00
,,QPR v West Brom,,England Championship,Under 4 Asian Total Cards,1,1.85,1.66,111.45%,Bet365,Win,0.85
,,Double,Milwall v Watford,England Championship,Under 4 Asian Total Cards,0.25,3.56,2.89,123.18%,Bet365,Loss,-0.25
,,,QPR v West Brom,,Under 4 Asian Total Cards,,,,,,,
,,Shanghai Shenhua v Nantong Zhiyun,,China Super League,Shanghai Shenhua -4 AH Corners,2,1.93,N/A,,Bet365,Win,1.86
,,Leixoes v Benfica B,,Liga Portugal 2,Under 10.5 Asian Corners,1,1.8,1.63,110.43%,Bet365,Loss,-1.00
,,Leixoes v Benfica B,,Liga Portugal 2,Under 8.5 Corners,0.5,3.25,N/A,,Bet365,Loss,-0.50
,,Leixoes v Benfica B,,Liga Portugal 2,Under 7.5 Corners,0.25,4.5,N/A,,Bet365,Loss,-0.25
,,Brazil Women v USA Women,,Olympics 2024 Soccer - Women,Under 3.5 Asian Total Cards,1,1.85,N/A,,Bet365,Win,0.85
,,Brazil Women v USA Women,,Olympics 2024 Soccer - Women,USA Women +0.5 AH Cards,1,2.05,1.85,110.81%,Bet365,Loss,-1.00
,,Dundee v Hearts,,Scotland Premiership,Dundee +1 AH Corners,1,1.85,1.75,105.71%,Bet365,Loss,-1.00
,,Universidad Catolica del Ecuador v Libertad FC,,Ecuador Liga Pro,Universidad Catolica del Ecuador -2.5 AH Corners,1,1.95,N/A,,Bet365,Win,0.95
,,Universidad Catolica del Ecuador v Libertad FC,,Ecuador Liga Pro,Over 9.5 Asian Corners,1,1.95,N/A,,Bet365,Win,0.95
,,Universidad Catolica del Ecuador v Libertad FC,,Ecuador Liga Pro,Over 11.5 Corners,0.5,3.4,N/A,,Bet365,Win,1.20
,,Universidad Catolica del Ecuador v Libertad FC,,Ecuador Liga Pro,Over 12.5 Corners,0.25,4.5,N/A,,Bet365,Win,0.88
,,Universidad Catolica del Ecuador v Libertad FC,,Ecuador Liga Pro,Over 13.5 Corners,0.1,7,N/A,,Bet365,Win,0.60
,,Universidad Catolica del Ecuador v Libertad FC,,Ecuador Liga Pro,Over 4.5 FH Asian Corners,1,1.95,N/A,,Bet365,Win,0.95
,,San Martin de San Juan v Talleres Remedios,,Argentina Nacional B,Under 9 Asian Corners,1,2,1.77,112.99%,Bet365,Loss,-1.00
,,San Martin de San Juan v Talleres Remedios,,Argentina Nacional B,Under 7.5 Corners,0.5,3.25,2.68,121.27%,Bet365,Loss,-0.50
,,San Martin de San Juan v Talleres Remedios,,Argentina Nacional B,Under 6.5 Corners,0.25,4.5,N/A,,Bet365,Loss,-0.25
,,Cuiaba v Gremio,,Brazil Serie A,Cuiaba +0.5 AH Cards,1,2.05,N/A,,Bet365,Loss,-1.00
,,Deportes Tolima v La Equidad,,Colombia Primera A,Over 9.5 Asian Corners,2,1.98,N/A,,Bet365,Win,1.96
,,Deportes Tolima v La Equidad,,Colombia Primera A,Over 11.5 Corners,0.5,3.5,N/A,,Bet365,Win,1.25
,,Deportes Tolima v La Equidad,,Colombia Primera A,Over 12.5 Corners,0.25,5,N/A,,Bet365,Loss,-0.25
,11/8,Corinthians v Bragantino,,Brazil Serie A,Under 6 Asian Total Cards,1,1.95,N/A,,Bet365,Loss,-1.00
,,SC Preussen Munster v Hannover 96,,Germany 2. Bundesliga ,Hannover 96 Most Corners,1,1.93,1.63,118.40%,Bet365,Loss,-1.00
,,KFUM v Rosenborg,,Norway Eliteserien,Under 9.5 Asian Corners,1,2,1.74,114.94%,Bet365,Win,1.00
,,KFUM v Rosenborg,,Norway Eliteserien,Under 7.5 Corners,0.5,3.75,N/A,,Bet365,Win,1.38
,,OLS v KPV,,Finland Ykkonen,Under 10 Asian Corners,1,1.98,1.70,116.47%,Bet365,Win,0.98
,,CA Alvarado v CA Aldosivi,,Argentina Nacional B,Under 9.5 Asian Corners,1,1.98,1.76,112.50%,Bet365,Loss,-1.00
,,CA Alvarado v CA Aldosivi,,Argentina Nacional B,Under 7.5 Corners,0.5,3.75,N/A,,Bet365,Loss,-0.50
,,CA Alvarado v CA Aldosivi,,Argentina Nacional B,Under 6.5 Corners,0.25,5.5,N/A,,Bet365,Loss,-0.25
,,Bahia v Vitoria,,Brazil Serie A,Under 7.5 Asian Total Cards,1,1.9,N/A,,Bet365,Win,0.90
,12/8,Piast Gliwice v GKS Katowice,,Poland Ekstraklasa ,GKS Katowice +2.5 AH Corners,1,1.93,1.71,112.87%,Bet365,Loss,-1.00
,,Piast Gliwice v GKS Katowice,,Poland Ekstraklasa ,GKS Katowice Most Corners,0.25,3.75,N/A,,Bet365,Loss,-0.25
,,Orsomarso v Tigres FC,,Colombia Primera B,Under 9.5 Asian Corners,2,1.93,N/A,,Bet365,Loss,-2.00
,13/8,Stockport v Blackburn,,EFL Cup,Blackburn -0.5 AH Corners,2,1.83,N/A,,William Hill,Win,1.66
,,Preston v Sunderland,,EFL Cup,Preston 0.0 AH Corners,1,1.95,1.62,120.37%,Bet365,Loss,-1.00
,,Leyton Orient v Newport County,,EFL Cup,Leyton Orient -2.5 AH Corners,1,1.88,1.70,110.59%,Bet365,Win,0.88
,,Gremio v Fluminense,,Copa Libertadores,Under 9.5 Asian Corners,1,2,1.80,111.11%,Bet365,Loss,-1.00
,,Gremio v Fluminense,,Copa Libertadores,Under 7.5 Corners,0.5,3.75,N/A,,Bet365,Loss,-0.50
,,Gremio v Fluminense,,Copa Libertadores,Under 6.5 Corners,0.25,6,N/A,,Bet365,Loss,-0.25
,14/8,Plymouth v Cheltenham,,EFL Cup,Plymouth -2 AH Corners,1,1.95,1.70,114.71%,Bet365,Win,0.95
,,Njardvik v Fjolnir,,Iceland 1 Deild,Over 11.5 Asian Corners,1,1.9,1.68,113.10%,Bet365,Win,0.90
,,Njardvik v Fjolnir,,Iceland 1 Deild,Over 12.5 Corners,0.5,2.37,2.06,115.05%,Bet365,Win,0.69
,15/8,Pafos FC v CSKA 1948 Sofia,,UEFA Conference League Qualifying,Over 9.5 Asian Corners,1,1.98,1.79,110.61%,Bet365,Win,0.98
,,Banik Ostrava v FC Copenhagen,,UEFA Conference League Qualifying,Banik Ostrava -0.5 AH Corners,1,2,1.76,113.64%,Bet365,Win,1.00
,16/8,Athletico Paranaense v Belgrano,,Copa Sudamericana,Under 10 Asian Corners,1,2.03,1.75,116.00%,Bet365,Loss,-1.00
,,Athletico Paranaense v Belgrano,,Copa Sudamericana,Under 8.5 Corners,0.5,3,2.57,116.73%,Bet365,Loss,-0.50
,,Athletico Paranaense v Belgrano,,Copa Sudamericana,Under 7.5 Corners,0.25,4.5,N/A,,Bet365,Loss,-0.25
,,Athletico Paranaense v Belgrano,,Copa Sudamericana,Under 6.5 Corners,0.1,7,N/A,,Bet365,Loss,-0.10
,,Athletico Paranaense v Belgrano,,Copa Sudamericana,Belgrano +3.5 AH Corners,1,2,1.78,112.36%,Bet365,Loss,-1.00
,,Malut United FC v Persebaya Surubaya,,Indonesia Liga 1,Under 10.5 Asian Corners,1,1.9,1.64,115.85%,Bet365,Loss,-1.00
,,Malut United FC v Persebaya Surubaya,,Indonesia Liga 1,Under 8.5 Corners,0.5,3.4,N/A,,Bet365,Loss,-0.50
,,Malut United FC v Persebaya Surubaya,,Indonesia Liga 1,Under 7.5 Corners,0.25,5,N/A,,Bet365,Loss,-0.25
,,Henan v Cangzhou Mighty Lions,,China Super League,Cangzhou Mighty Lions +2 AH Corners,1,1.95,1.63,119.63%,Bet365,Loss,-1.00
,,Union Saint Gilloise v Charleroi,,Belgium Pro League,Charleroi +2.5 AH Corners,1,1.95,1.76,110.80%,Bet365,Win,0.95
,,Sportivo Luqueno v Guarani Asuncion,,Paraguay Division Profesional,Under 9.5 Asian Corners,1,2,1.70,117.65%,Bet365,Win,1.00
,,Sportivo Luqueno v Guarani Asuncion,,Paraguay Division Profesional,Under 7.5 Corners,0.5,3.75,N/A,,Bet365,Loss,-0.50
,,Sportivo Luqueno v Guarani Asuncion,,Paraguay Division Profesional,Under 6.5 Corners,0.25,6,N/A,,Bet365,Loss,-0.25
,17/8,Vila Nova v Sport Recife,,Brazil Serie B,Under 5 FH Asian Corners,1,1.98,1.76,112.50%,Bet365,Win,0.98
,,Jeonbuk Motors v Pohang Steelers ,,South Korea K League 1,Under 4 FH Asian Corners,1,1.9,1.69,112.43%,Bet365,Win,0.90
,,Gyeongnam FC v Chungbuk Cheongju,,South Korea K League 2,Under 9.5 Asian Corners,1,1.95,1.60,121.88%,Bet365,Win,0.95
,,Gyeongnam FC v Chungbuk Cheongju,,South Korea K League 2,Under 7.5 Corners,0.5,3.5,2.65,132.08%,Bet365,Win,1.25
,,Gyeongnam FC v Chungbuk Cheongju,,South Korea K League 2,Under 6.5 Corners,0.25,5.5,N/A,,Bet365,Loss,-0.25
,,Derby v Middlesbrough,,England Championship,Under 4.5 Asian Total Cards,1,1.7,N/A,,Bet365,Win,0.70
,,Portsmouth v Luton,,England Championship,Under 4.5 Asian Total Cards,1,2.05,1.80,113.89%,Bet365,Loss,-1.00
,,Caen v Paris FC,,France Ligue 2,Paris FC +0.5 AH Corners,1,1.93,1.83,105.46%,Bet365,Loss,-1.00
,18/8,Sandvikens IF v Landskrona,,Sweden Superettan,Under 10.5 Asian Corners,1,2,1.74,114.94%,Bet365,Loss,-1.00
,,Sandvikens IF v Landskrona,,Sweden Superettan,Under 8.5 Corners,0.5,3.5,N/A,,Bet365,Loss,-0.50
,,OH Leuven v Cercle Brugge,,Belgium Pro League,OH Leuven +1 AH Corners,1,1.85,1.68,110.12%,Bet365,Win,0.85
,,Istanbul Basaksehir v Alanyaspor,,Turkey Super Lig,Alanyaspor +1 AH Corners,1,1.85,1.76,105.11%,Bet365,Win,0.85
,,Puskas Academy v MTK Budapest,,Hungary OTP Bank Liga,Under 8.5 Corners,0.5,3,2.50,120.00%,Bet365,Loss,-0.50
,,Puskas Academy v MTK Budapest,,Hungary OTP Bank Liga,Under 7.5 Corners,0.25,4.33,N/A,,Bet365,Loss,-0.25
,,Puskas Academy v MTK Budapest,,Hungary OTP Bank Liga,Under 6.5 Corners,0.1,7,N/A,,Bet365,Loss,-0.10
,,Confianca v Sao Bernardo,,Brazil Serie C,Under 10 Asian Corners,1,1.88,1.66,113.25%,Bet365,Win,0.88
,,Confianca v Sao Bernardo,,Brazil Serie C,Under 7.5 Corners,0.5,4,N/A,,Bet365,Loss,-0.50
,19/8,Versailles v Le Mans,,France National,Under 9.5 Asian Corners,1,1.93,1.70,113.53%,Bet365,Win,0.93
,,Versailles v Le Mans,,France National,Under 7.5 Corners,0.5,3.5,N/A,,Bet365,Win,1.25
,,Metz v SC Bastia,,France Ligue 2,SC Bastia +1.5 AH Corners,1,2,1.85,108.11%,Bet365,Loss,-1.00
,,Panetolikos v Lamia,,Greece Super League,Under 9 Asian Corners,1,1.88,1.71,109.94%,Bet365,Win,0.88
,,Panetolikos v Lamia,,Greece Super League,Under 6.5 Corners,0.25,4.33,N/A,,Bet365,Loss,-0.25
,,Ajax Reserves v Maastricht,,Netherlands Eerste Divisie,Over 9 Asian Corners,1,2,1.81,110.50%,Bet365,Win,1.00
,,Ajax Reserves v Maastricht,,Netherlands Eerste Divisie,Over 10.5 Corners,0.5,3,N/A,,Bet365,Win,1.00
,,Ajax Reserves v Maastricht,,Netherlands Eerste Divisie,Over 11.5 Corners,0.25,4.33,N/A,,Bet365,Loss,-0.25
,20/8,Ferroviaria v Volta Redonda,,Brazil Serie C,Under 10.5 Asian Corners,1,1.93,1.66,116.27%,Bet365,Win,0.93
,,Ferroviaria v Volta Redonda,,Brazil Serie C,Under 8.5 Corners,0.5,3.4,N/A,,Bet365,Win,1.20
,,Ferroviaria v Volta Redonda,,Brazil Serie C,Under 7.5 Corners,0.25,5,N/A,,Bet365,Win,1.00
,,Ferroviaria v Volta Redonda,,Brazil Serie C,Under 6.5 Corners,0.1,9,N/A,,Bet365,Win,0.80
,,Fluminense v Gremio,,Copa Libertadores,Fluminense -2.5 AH Corners,2,1.9,1.69,112.43%,Bet365,Win,1.80
,21/8,Odense BK v FC Fredericia,,Denmark Division 1,Over 10 Asian Corners,1,1.93,1.74,110.92%,Bet365,Loss,-1.00
,,Odense BK v FC Fredericia,,Denmark Division 1,Over 12.5 Corners,0.5,3.75,N/A,,Bet365,Loss,-0.50
,,Young Boys v Galatasaray ,,UEFA Champions League Qualifying,Over 5 FH Asian Corners,1,2.05,1.83,112.02%,Bet365,Win,1.05
,,Malmo FF v Sparta Prague,,UEFA Champions League Qualifying,Malmo FF -1 AH Corners,1,2,1.88,106.38%,Bet365,Loss,-1.00
,,CD Real Santander v Barranquilla FC,,Colombia Primera B,Under 10.5 Asian Corners,1,1.9,N/A,,Bet365,Win,0.90
,22/8,Shanghai Shenhua v Beijing Guoan,,China FA Cup,Under 10 Asian Corners,1,1.83,1.66,110.24%,Bet365,Win,0.83
,,Shanghai Shenhua v Beijing Guoan,,China FA Cup,Under 7.5 Corners,0.5,4,N/A,,Bet365,Win,1.50
,23/8,US Latina Calcio v Casertana,,Italy Serie C Group C,Under 9 Asian Corners,1,2.05,1.83,112.02%,Bet365,Loss,-1.00
,,US Latina Calcio v Casertana,,Italy Serie C Group C,Under 7.5 Corners,0.5,3.25,N/A,,Bet365,Loss,-0.50
,,US Latina Calcio v Casertana,,Italy Serie C Group C,Under 6.5 Corners,0.25,5.00,N/A,,Bet365,Loss,-0.25
,,US Latina Calcio v Casertana,,Italy Serie C Group C,Under 5.5 Corners,0.1,9.00,N/A,,Bet365,Loss,-0.10
,,Sheffield Wednesday v Leeds,,England Championship,Over 4 Asian Total Cards,1,2.00,1.79,111.73%,Bet365,Win,1.00
,24/8,Livingston v Morton,,Scotland Championship,Livingston -1 AH Corners,1,2.00,1.78,112.36%,Bet365,Win,1.00
,,Sunderland v Burnley,,England Championship,Burnley 0.0 AH Cards,1.5,2.03,1.73,117.34%,Bet365,Loss,-1.50
,,Spartans FC v Peterhead,,Scotland League Two,Under 9.5 Asian Corners,1,1.83,1.57,116.56%,Bet365,Win,0.83
,,Spartans FC v Peterhead,,Scotland League Two,Under 7.5 Corners,0.5,3.40,2.63,129.28%,Bet365,Win,1.20
,,Spartans FC v Peterhead,,Scotland League Two,Under 6.5 Corners,0.25,5.00,N/A,,Bet365,Win,1.00
,,Magallanes v Curico Unido,,Chile Primera B,Over 11.5 Corners,0.25,3.75,N/A,,Bet365,Loss,-0.25
,,Real Santa Cruz v Always Ready,,Bolivia Clasura,Under 9.5 Asian Corners,1,1.90,1.62,117.28%,Bet365,Win,0.90
,,Real Santa Cruz v Always Ready,,Bolivia Clasura,Under 7.5 Corners,0.5,3.50,N/A,,Bet365,Loss,-0.50
,,Real Santa Cruz v Always Ready,,Bolivia Clasura,Under 6.5 Corners,0.25,5.50,N/A,,Bet365,Loss,-0.25
,,Monza v Genoa,,Italy Serie A,Monza 0.0 AH Cards,1.5,1.98,1.81,109.39%,Bet365,Loss,-1.50
,25/8,Birmingham Legion FC v Pittsburgh Riverhounds ,,USA USL Championship,Under 9 Asian Corners,1,2.00,1.75,114.29%,Bet365,Win,1.00
,,Birmingham Legion FC v Pittsburgh Riverhounds ,,USA USL Championship,Under 7.5 Corners,0.5,3.25,2.63,123.57%,Bet365,Loss,-0.50
,,Birmingham Legion FC v Pittsburgh Riverhounds ,,USA USL Championship,Under 6.5 Corners,0.25,4.50,N/A,,Bet365,Loss,-0.25
,,Aguilas Dorados v Millonarios,,Colombia Primera A ,Under 9 Asian Corners,1,1.85,N/A,,Bet365,Win,0.85
,,Aguilas Dorados v Millonarios,,Colombia Primera A ,Under 6.5 Corners,0.25,4.33,N/A,,Bet365,Win,0.83
,27/8,Torreense U23 v Vizela U23,,Portugal U23 Championship,Under 9.5 Asian Corners,1,1.90,1.66,114.46%,Bet365,Win,0.90
,,Kongsvinger v Sandnes Ulf,,Norway OBOS-ligaen,Over 10.5 Asian Corners,1,1.93,1.74,110.92%,Bet365,Win,0.93
,,Kongsvinger v Sandnes Ulf,,Norway OBOS-ligaen,Over 12.5 Corners,0.5,3.25,N/A,,Bet365,Win,1.13
,,Kongsvinger v Sandnes Ulf,,Norway OBOS-ligaen,Over 13.5 Corners,0.25,4.33,N/A,,Bet365,Win,0.83
,,Brighton v Crawley Town,,EFL Cup,Brighton -4.5 AH Corners,1,1.98,1.76,112.50%,Bet365,Loss,-1.00
,,Birmingham v Fulham,,EFL Cup,Fulham -2.5 AH Corners,1.5,2.00,1.86,107.53%,Bet365,Loss,-1.50
,,Rayo Vallecano v Barcelona,,Spain La Liga,Under 5.5 Asian Total Cards,1.5,1.95,N/A,,Bet365,Win,1.43
,28/8,Tigres FC v Internacional FC de Palmira,,Colombia Primera B,Under 9 Asian Corners,1,1.95,N/A,,Bet365,Loss,-1.00
,,Tigres FC v Internacional FC de Palmira,,Colombia Primera B,Under 7.5 Corners,0.5,3.00,N/A,,Bet365,Loss,-0.50
,,Tigres FC v Internacional FC de Palmira,,Colombia Primera B,Under 6.5 Corners,0.25,4.50,N/A,,Bet365,Loss,-0.25
,,Gent v Partizan Belgrade,,UEFA Conference League Qualification,Gent -1 AH Corners,1,1.85,1.56,118.59%,Bet365,Loss,-1.00
,,FK Qarabag v Dinamo Zagreb,,UEFA Champions League Qualification,Dinamo Zagreb +5 AH Corners,1,1.90,1.66,114.46%,Bet365,Win,0.90
,,Slavia Prague v Lille,,UEFA Champions League Qualification,Lille +3.5 AH Corners,1,2.00,1.79,111.73%,Bet365,Win,1.00
,29/8,HJK Helsinki v Kl Klaksvik,,UEFA Conference League Qualification,HJK Helsinki -1.5 AH Corners,1.5,2.00,1.79,111.73%,Bet365,Win,1.50
,,Elfsborg v Molde,,UEFA Europa League Qualification,Elfsborg +1.5 AH Corners,1,1.95,1.81,107.73%,Bet365,Win,0.95
,30/8,Vasco da Gama v Athletico Paranaense ,,Copa do Brasil,Under 6 Asian Total Cards,1,2.00,N/A,,Bet365,Loss,-1.00
,,FC Sellier & Bellot Vlasim v Sigma Olomouc B,,Czech Republic FNL,Over 10 Asian Corners,1,1.95,1.69,115.38%,Bet365,Loss,-1.00
,,FC Sellier & Bellot Vlasim v Sigma Olomouc B,,Czech Republic FNL,Over 12.5 Corners,0.5,3.75,N/A,,Bet365,Loss,-0.50
,,FC Sellier & Bellot Vlasim v Sigma Olomouc B,,Czech Republic FNL,Over 13.5 Corners,0.25,5.50,N/A,,Bet365,Loss,-0.25
,,KFUM v Lillestrom,,Norway Eliteserien,Under 10 Asian Corners,1,1.83,1.66,110.24%,Bet365,Win,0.83
,,KFUM v Lillestrom,,Norway Eliteserien,Under 7.5 Corners,0.5,4.00,N/A,,Bet365,Win,1.50
,,KFUM v Lillestrom,,Norway Eliteserien,Under 6.5 Corners,0.25,6.00,N/A,,Bet365,Win,1.25
,,Fenerbahce v Alanyaspor,,Turkey Super Lig,Alanyaspor +4 AH Corners,1,1.73,1.62,106.79%,Bet365,Win,0.73
,,HNK Gorica v HNK Sibenik,,Croatia HNL,HNK Gorica 0.0 AH Corners,1,1.85,1.68,110.12%,Bet365,Loss,-1.00
,,Genk v Westerlo ,,Belgium Pro League,Westerlo +2 AH Corners,1,2.00,1.83,109.29%,Bet365,Win,1.00
,31/8,Universidada Catolica del Ecuador v Mushuc Runa,,Ecuador Serie A,Over 9.5 Asian Total Corners,1,1.90,N/A,,Bet365,Win,0.90
,,Universidada Catolica del Ecuador v Mushuc Runa,,Ecuador Serie A,Over 11.5 Corners,0.5,3.25,N/A,,Bet365,Loss,-0.50
,,Universidada Catolica del Ecuador v Mushuc Runa,,Ecuador Serie A,Over 12.5 Corners,0.25,4.50,N/A,,Bet365,Loss,-0.25
,,Universidada Catolica del Ecuador v Mushuc Runa,,Ecuador Serie A,Over 14.5 Corners,0.1,10.00,N/A,,Bet365,Loss,-0.10
,,Orebro SK v GIF Sundsvall,,Sweden Superatten,GIF Sundsvall +3.5 AH Corners,1,1.85,1.65,112.12%,Bet365,Loss,-1.00
,,KV Mechelen v Charleroi,,Belgium Pro League,Charleroi +0.5 AH Corners,1,2,1.77,111.58%,Bet365,Win,0.98
,,Farnborough v St Albans,,England National League,Under 10.5 Asian Corners,1,1.83,1.52,120.39%,Bet365,Loss,-1.00
,,Farnborough v St Albans,,England National League,Under 8.5 Corners,0.5,3.25,N/A,,Bet365,Loss,-0.50
,,Farnborough v St Albans,,England National League,Under 7.5 Corners,0.25,4.50,N/A,,Bet365,Loss,-0.25
,,Farnborough v St Albans,,England National League,Under 6.5 Corners,0.1,8.00,N/A,,Bet365,Loss,-0.10
,,Brest v St Etienne,,France Ligue 1,Under 4 Asian Total Cards,1,1.90,N/A,,Bet365,Loss,-1.00
,,Brest v St Etienne,,France Ligue 1,Brest +0.5 AH Cards,1,1.85,N/A,,Bet365,Loss,-1.00
,,Bologna v Empoli,,Italy Serie A,Under 5 Asian Total Cards,1,1.83,N/A,,Bet365,Loss,-1.00
,,West Ham v Manchester City,,Premier League,Under 3.5 Asian Total Cards,1,1.85,1.80,102.78%,Bet365,Loss,-1.00
,,Hajduk Split v NK Osijek,,Croatia HNL,Hajduk Split -1.5 AH Corners,2,1.98,1.91,103.66%,Bet365,Loss,-2.00
,,Rimini v Virtus Entella,,Italy Serie C,Under 9.5 Asian Corners,1,1.95,1.69,115.38%,Bet365,Win,0.95
,,Rimini v Virtus Entella,,Italy Serie C,Under 7.5 Corners,0.5,3.50,N/A,,Bet365,Win,1.25
,,Rimini v Virtus Entella,,Italy Serie C,Under 6.5 Corners,0.25,5.50,N/A,,Bet365,Win,1.13
,,Valencia v Villareal,,Spain La Liga,Under 6 Asian Total Cards,1,1.83,N/A,,Bet365,Loss,-1.00
,,Jaguares de Cordoba v Atletico Nacional Medellin,,Colombia Primera A,Jagueres de Cordoba +1 AH Corners,1,1.93,N/A,,Bet365,Win,0.93
,3/9,Toluca Women v Chivas Guadalajara Women,,Mexico Liga MX Women,Under 9 Asian Corners,1,2.00,1.79,111.73%,Bet365,Loss,-1.00
,,Toluca Women v Chivas Guadalajara Women,,Mexico Liga MX Women,Under 7.5 Corners,0.5,3.25,N/A,,Bet365,Loss,-0.50
,,Toluca Women v Chivas Guadalajara Women,,Mexico Liga MX Women,Under 6.5 Corners,0.25,4.50,N/A,,Bet365,Loss,-0.25
,,Lincoln City v Chesterfield,,EFL Trophy,Under 10 Asian Corners,1,1.93,1.72,112.21%,Bet365,Loss,-1.00
,,Lincoln City v Chesterfield,,EFL Trophy,Under 7.5 Corners,0.5,4.00,N/A,,Bet365,Loss,-0.50
,,Lincoln City v Chesterfield,,EFL Trophy,Under 6.5 Corners,0.25,6.50,N/A,,Bet365,Loss,-0.25
,,Accrington Stanley v Stockport,,EFL Trophy,Stockport -1.5 AH Corners,1,1.78,1.52,117.11%,Bet365,Win,0.78
,,Accrington Stanley v Stockport,,EFL Trophy,Under 10 Asian Corners,1.25,1.80,1.56,115.38%,Bet365,Win,1.00
,,Accrington Stanley v Stockport,,EFL Trophy,Under 7.5 Corners,0.5,3.75,N/A,,Bet365,Loss,-0.50
,,Accrington Stanley v Stockport,,EFL Trophy,Under 6.5 Corners,0.25,6.00,N/A,,Bet365,Loss,-0.25
,,Barrow v Bolton,,EFL Trophy,Bolton -1 AH Corners,1.5,1.88,1.68,111.90%,Bet365,Win,1.32
,4/9,Tanzania v Ethiopia,,Africa Cup of Nations Qualification,Under 8 Asian Corners,1,1.95,1.78,109.55%,Bet365,Win,0.95
,,Tanzania v Ethiopia,,Africa Cup of Nations Qualification,Under 6.5 Corners,0.5,3.25,N/A,,Bet365,Win,1.13
,,Tanzania v Ethiopia,,Africa Cup of Nations Qualification,Under 5.5 Corners,0.25,5.00,N/A,,Bet365,Win,1.00
,5/9,Azerbaijan v Sweden,,UEFA Nations League,Under 4.5 Asian Total Cards,1,1.95,N/A,,Bet365,Win,0.95
,6/9,Kazakhstan v Norway,,UEFA Nations League,Norway -3.5 AH Corners,1,2.00,2.10,95.24%,Bet365,Win,1.00
,,Belgium v Israel,,Euro U21 Qualification,Belgium -3.5 AH Corners,1,1.95,1.84,105.98%,Bet365,Win,0.95
,,Wales v Turkey,,Euro U21 Qualification,Wales 0.0 AH Cards,1,2.00,1.81,110.50%,Bet365,Loss,-1.00
,,Real Soacha Cundinamarca v Llaneros,,Colombia Primera B ,Under 9.5 Asian Corners,1,1.95,N/A,,Bet365,Win,0.95
,7/9,Barrow v Swindon,,England League 2,Swindon +2 Corner Handicap,1.5,1.91,1.69,113.02%,William Hill,Win,1.37
,,Barrow v Swindon,,England League 2,Swindon Most Corners,0.5,3.25,N/A,,Sky Bet,Loss,-0.50
,,Racing Club de Montevideo v Montevideo Wanderers,,Uruguay Primera Division,Under 10 Asian Corners,1,1.83,1.74,105.17%,Bet365,Loss,-1.00
,,Racing Club de Montevideo v Montevideo Wanderers,,Uruguay Primera Division,Under 7.5 Corners,0.5,4.00,N/A,,Bet365,Loss,-0.50
,,Racing Club de Montevideo v Montevideo Wanderers,,Uruguay Primera Division,Under 6.5 Corners,0.25,6.50,N/A,,Bet365,Loss,-0.25
,,AZ Picerno ASD v Casertana,,Italy Serie C,Under 8.5 Asian Corners,1,1.88,1.66,113.25%,Bet365,Win,0.88
,,AZ Picerno ASD v Casertana,,Italy Serie C,Under 6.5 Corners,0.5,3.50,N/A,,Bet365,Loss,-0.50
,,AZ Picerno ASD v Casertana,,Italy Serie C,Under 5.5 Corners,0.25,6.00,N/A,,Bet365,Loss,-0.25
,,Greece v Finland,,UEFA Nations League,Greece -2 AH Corners,1,1.85,1.85,100.00%,Bet365,Win,0.85
,,Greece v Finland,,UEFA Nations League,Under 4 Asian Total Cards,1.5,1.90,1.45,131.03%,Bet365,Loss,-1.50
,,Double,Greece v Finland,UEFA Nations League,Greece -2 AH Corners,0.5,3.51,2.68,130.97%,Bet365,Loss,-0.50
,,,,,Under 4 Asian Total Cards,,,,,,,
,,Patriotas FC v Envigado FC,,Colombia Primera A,Under 10.5 Asian Corners,1,1.90,N/A,,Bet365,Win,0.90
,,Patriotas FC v Envigado FC,,Colombia Primera A,Under 7.5 Corners,0.5,5.00,N/A,,Bet365,Loss,-0.50
,,Patriotas FC v Envigado FC,,Colombia Primera A,Under 6.5 Corners,0.25,8.00,N/A,,Bet365,Loss,-0.25
,8/9,Fjolnir v Afturelding,,Iceland 1. Deild,Over 12.5 Corners,0.5,3.75,N/A,,Bet365,Loss,-0.50
,,Bulgaria v Northern Ireland,,UEFA Nations League,Under 4.5 Asian Total Cards,2,2.00,N/A,,Bet365,Loss,-2.00
,,Slovakia v Azerbaijan,,UEFA Nations League,Slovakia -2 Corner Handicap,1,1.70,1.56,108.97%,William Hill,Loss,-1.00
,,Legnago Salus v Vis Pesaro,,Italy Serie C,Under 10 Asian Corners,1,2.00,N/A,,Bet365,Win,1.00
,,Legnago Salus v Vis Pesaro,,Italy Serie C,Under 7.5 Corners,0.5,3.25,2.64,123.11%,Bet365,Loss,-0.50
,,Legnago Salus v Vis Pesaro,,Italy Serie C,Under 6.5 Corners,0.25,4.50,N/A,,Bet365,Loss,-0.25
,,Sestao River v Lugo,,Spain Primera RFEF G1,Under 9.5 Asian Corners,1,2.00,1.74,114.94%,Bet365,Win,1.00
,,Sestao River v Lugo,,Spain Primera RFEF G1,Under 7.5 Corners,0.5,3.75,N/A,,Bet365,Loss,-0.50
,,Switzerland v Spain,,UEFA Nations League,Spain -2 AH Corners,1,1.90,1.80,105.56%,Bet365,Loss,-1.00
,,Arzignano Valchiampo v Padova,,Italy Serie C,Under 9.5 Asian Corners,1,1.88,1.64,114.63%,Bet365,Win,0.88
,,Arzignano Valchiampo v Padova,,Italy Serie C,Under 7.5 Corners,0.5,3.40,N/A,,Bet365,Loss,-0.50
,,Arzignano Valchiampo v Padova,,Italy Serie C,Under 6.5 Corners,0.25,5.50,N/A,,Bet365,Loss,-0.25
,9/9,Norrby IF v Falkenbergs FF,,Sweden Division 1 Sodra ,Under 10.5 Asian Corners,1,1.90,1.62,117.28%,Bet365,Loss,-1.00
,10/9,Rwanda v Nigeria,,AFCON Qualifiers ,Under 9 Asian Corners,1,1.85,1.64,112.80%,Bet365,Loss,-1.00
,,Rwanda v Nigeria,,AFCON Qualifiers ,Under 6.5 Corners,0.5,4.33,N/A,,Bet365,Loss,-0.50
,,Bostwana v Egypt,,AFCON Qualifiers ,Under 8.5 Asian Corners,1,1.93,1.67,115.57%,Bet365,Win,0.93
,,Bostwana v Egypt,,AFCON Qualifiers ,Under 6.5 Corners,0.5,3.75,N/A,,Bet365,Loss,-0.50
,,Kuwait v Iraq,,Asia World Cup Qualifiers ,Under 9 Asian Corners,1.5,1.83,1.62,112.96%,Bet365,Win,1.25
,,Kuwait v Iraq,,Asia World Cup Qualifiers ,Under 6.5 Corners,0.5,4.00,N/A,,Bet365,Win,1.50
,,Hungary v Bosnia-Herzegovina,,UEFA Nations League,Hungary -2 AH Corners,1,2.00,1.82,109.89%,Bet365,Win,1.00
,11/9,Deportes Quindio v Barranquilla FC,,Colombia Primera B ,Under 10 Asian Corners,1.5,1.80,N/A,,Bet365,Win,1.20
,,Deportes Quindio v Barranquilla FC,,Colombia Primera B ,Under 7.5 Corners,0.5,3.75,N/A,,Bet365,Loss,-0.50
,12/9,TPS v Jippo,,Finland Ykkosliiga,Over 4.5 FH Asian Corners,1,1.80,1.70,105.88%,Bet365,Loss,-1.00
,,TPS v Jippo,,Finland Ykkosliiga,Over 10 Asian Corners,1,1.98,1.74,113.79%,Bet365,Loss,-1.00
,,Germany U20 Women v Argentina U20 Women,,FIFA World Cup U20 Women,Over 9 Asian Corners,1,1.85,1.64,112.80%,Bet365,Loss,-1.00
,,Germany U20 Women v Argentina U20 Women,,FIFA World Cup U20 Women,Over 4.5 FH Asian Corners,1,2.05,1.94,105.67%,Bet365,Win,1.05
,,Germany U20 Women v Argentina U20 Women,,FIFA World Cup U20 Women,Over 11.5 Corners,0.25,3.75,N/A,,Bet365,Loss,-0.25
,13/9,Novoriozontino v Botagofo SP,,Brazil Serie B,Under 10 Asian Corners,1,1.95,1.76,110.80%,Bet365,Loss,-1.00
,14/9,SC Freiburg v Bochum,,Germany Bundesliga,Under 10 Asian Corners,1,1.80,1.63,110.43%,Bet365,Loss,-1.00
,,Middlesbrough v Preston,,England Championship,Preston -1 AH Cards,1.5,1.95,1.70,114.71%,Bet365,Win,1.43
,,Liverpool v Nottm Forest ,,Premier League,Under 4.5 Asian Total Cards,1,1.80,N/A,,Bet365,Loss,-1.00
,,Holstein Kiel v Bayern Munich,,Germany Bundesliga,Under 4 Asian Total Cards,1,1.80,N/A,,Bet365,Win,0.80
,15/9,Monza v Inter Milan,,Italy Serie A,Under 3.5 Asian Total Cards,1,2.03,1.82,111.54%,Bet365,Win,1.03
,,SC Aucas v Mushuc Runa,,Ecuador Serie A,Under 12.5 Asian Corners,2,2.10,N/A,,Bet365,Loss,-2.00
,,Tigres FC v Boca Juniors De Cali,,Colombia Primera B,Under 10.5 Asian Corners,1,1.80,N/A,,Bet365,Win,0.80
,16/9,Lazio v Verona,,Italy Serie A,Verona Most Booking Points,1,1.80,1.61,111.80%,William Hill,Loss,-1.00
,,Birmingham v Wrexham ,,England League 1,Birmingham -1 AH Corners,1.5,1.95,1.72,113.37%,Bet365,Win,1.43
,,Lucchese v Rimini,,Italy Serie C,Under 9.5 Asian Corners,1,1.95,1.72,113.37%,Bet365,Win,0.95
,17/9,Envigado FC v Jaguares de Cordoba,,Colombia Cup,Under 10 Asian Corners,1,1.85,N/A,,Bet365,Win,0.85
,,Real Soacha Cundinamarca v Real Cartagena,,Colombia Primera B,Under 9.5 Asian Corners,1,1.83,N/A,,Bet365,Loss,-1.00
,,Real Soacha Cundinamarca v Real Cartagena,,Colombia Primera B,Under 4.5 FH Asian Corners,1,1.83,N/A,,Bet365,Loss,-1.00
,18/9,SK Brann v KFUM,,Norway Eliteserien,Under 10.5 Asian Corners,1,1.88,1.68,111.90%,Bet365,Win,0.88
,,SK Brann v KFUM,,Norway Eliteserien,Under 5 FH Asian Corners,1,1.83,1.70,107.65%,Bet365,Win,0.83
,,Brighton v Wolves,,EFL Cup,Under 4 Asian Total Cards,1,2.03,N/A,,Bet365,Loss,-1.00
,,Coventry v Tottenham,,EFL Cup,Tottenham +1 AH Cards,1,1.90,1.58,120.25%,Bet365,Loss,-1.00
,20/9,Libertad FC v Independiente del Valle,,Ecuador Serie A,Under 12.5 Asian Corners,1,1.80,N/A,,Bet365,Loss,-1.00
,21/9,Shanghai Shenhua v Tianjin Jinmen Tigers,,China Super League,Shanghai Shenhua -3.5 AH Corners,1.5,2.00,1.79,111.73%,Bet365,Win,1.50
,,Westerlo v Antwerp ,,Belgium First Division A,Under 10 Asian Corners,1,1.80,1.63,110.43%,Bet365,Loss,-1.00
,,Westerlo v Antwerp ,,Belgium First Division A,Under 7.5 Corners,0.25,3.75,N/A,,Bet365,Loss,-0.25
,,Real Madrid v Espanyol ,,Spain La Liga,Real Madrid +2 AH Cards,1,1.90,N/A,,Bet365,Win,0.90
,,Real Madrid v Espanyol ,,Spain La Liga,Real Madrid +2 Card Handicap,0.5,2.37,N/A,,Bet365,Win,0.69
,,Real Madrid v Espanyol ,,Spain La Liga,Real Madrid +1 Card Handicap,0.25,5.00,N/A,,Bet365,Win,1.00
,22/9,Monza v Bologna,,Italy Serie A,Monza 0.0 AH Cards,1,1.70,1.59,106.92%,Bet365,Win,0.70
,,Sigma Olomouc v Dukla Praha,,Czech Republic Chance Liga,Sigma Olomouc -1.5 AH Corners,1,1.85,1.66,111.45%,Bet365,Loss,-1.00
,,Roma v Udinese,,Italy Serie A,Udinese -0.5 AH Corners,1,1.85,1.68,110.12%,Bet365,Loss,-1.00
,,Silkeborg IF v Brondby,,Denmark Superliga,Brondby -1 AH Corners,1,1.98,1.95,101.54%,Bet365,Win,0.98
,,Sporting v AVS	,,Liga Portugal Betclic,Sporting -5.5 AH Corners,1,1.90,1.68,113.10%,Bet365,Win,0.90
,24/9,Athletic Club MG v Ferroviaria ,,Brazil Serie C,Race to 7 Corners - Neither,1,1.83,N/A,,Bet365,Win,0.83
,,Athletic Club MG v Ferroviaria ,,Brazil Serie C,Under 4.5 FH Asian Corners,1,2.05,1.88,109.04%,Bet365,Loss,-1.00
,,Atalanta v Como,,Italy Serie A,Under 4.5 Asian Total Cards,1,1.95,1.68,116.07%,Bet365,Win,0.95
,,Real Madrid v Alaves,,Spain La Liga,Real Madrid +1 AH Cards,1,1.78,1.64,108.54%,Bet365,Win,0.78
,25/9,Abha v Al Taawon Buraidah ,,Saudi Arabia Kings Cup,Under 9.5 Asian Corners,1,1.98,1.54,128.57%,Bet365,Win,0.98
,,Abha v Al Taawon Buraidah ,,Saudi Arabia Kings Cup,Under 7.5 Corners,0.5,3.75,2.60,144.23%,Bet365,Win,1.38
,,Liverpool v West Ham,,EFL Cup,West Ham +5 AH Corners,1,1.98,1.57,126.11%,Bet365,Win,0.98
,,Barcelona v Getafe,,Spain La Liga,Under 5 Asian Total Cards,1,1.90,N/A,,Bet365,Win,0.90
,,Ludogorets Razgrad v Slavia Prague,,UEFA Europa League,Slavia Prague 0.0 AH Cards,1,2.00,1.91,104.71%,Bet365,Win,1.00
,,Dynamo Kyiv v Lazio	,,UEFA Europa League,Under 5.5 Asian Total Cards,1,1.93,N/A,,Bet365,Loss,-1.00
,26/9,Carpi v Ascoli,,Italy Serie C ,Under 10.5 Asian Corners,1,1.80,1.57,114.65%,Bet365,Win,0.80
,,Carpi v Ascoli,,Italy Serie C ,Under 7.5 Corners,0.25,4.50,N/A,,Bet365,Loss,-0.25
,,Virtus Entella v Pescara,,Italy Serie C ,Under 10 Asian Corners,1,1.90,1.66,114.46%,Bet365,Win,0.90
,,Virtus Entella v Pescara,,Italy Serie C ,Under 7.5 Corners,0.25,4.00,N/A,,Bet365,Win,0.75
,,Tottenham v Qarabag,,UEFA Europa League,Tottenham -5 AH Corners,1,1.85,1.70,108.82%,Bet365,Loss,-1.00
,,Penarol v Flamengo,,Copa Libertadores,Penarol 0.0 AH Cards,1,1.88,1.84,102.17%,Bet365,Loss,-1.00
,27/9,FC Eindhoven v Roda JC,,Netherlands Eerste Divisie,Under 10.5 Asian Corners,1,1.88,1.67,112.57%,Bet365,Win,0.88
,,AC Milan v Lecce,,Italy Serie A,Lecce -1 AH Cards,1,1.85,1.93,95.85%,Bet365,Loss,-1.00
,28/9,Blackburn v QPR ,,England Championship,Under 10.5 Asian Corners,1,1.85,1.71,108.19%,Bet365,Win,0.85
,,Sheff Wed v West Brom,,England Championship,Under 10.5 Asian Corners,1,1.98,1.76,112.50%,Bet365,Win,0.98
,,Double,Blackburn v QPR 	,England Championship,Under 10.5 Asian Corners,0.5,3.65,3.01,121.26%,Bet365,Win,1.33
,,,Sheff Wed v West Brom	,,Under 10.5 Asian Corners,,,,,,,
,,Arsenal v Leicester,,Premier League,Under 10 Asian Corners,1,2.00,1.75,114.29%,Bet365,Loss,-1.00
,,Newport County v Crewe,,England League 2,Crewe -0.5 AH Corners,1,1.83,1.63,112.27%,Bet365,Win,0.83
,,Millwall v Preston,,England Championship,Preston 0.0 AH Cards,1,1.65,1.49,110.74%,Bet365,Loss,-1.00
,,Watford v Sunderland,,England Championship,Over 4 Asian Total Cards,1.5,1.85,N/A,,Bet365,Loss,-1.50
,,Dukla Banska Bystrica v FC Kosice,,Slovakia Nike liga,Under 10.5 Asian Corners,1,2.03,1.74,116.67%,Bet365,Win,1.03
,,Dukla Banska Bystrica v FC Kosice,,Slovakia Nike liga,Under 5 FH Asian Corners,1,2.00,1.74,114.94%,Bet365,Win,1.00
,,Genoa v Juventus ,,Italy Serie A,Juventus 0.0 AH Cards,1,1.80,1.50,120.00%,Bet365,Loss,-1.00
,,Bayern Munich v Bayer Leverkusen,,Germany Bundesliga,Bayern Leverkusen 0.0 AH Cards,1,1.83,N/A,,Bet365,Win,0.83
,,Legia Warsaw v Gornik Zabrze ,,Poland Ekstraklasa,Gornik Zabrze +2.5 AH Corners,1,2.03,1.91,106.28%,Bet365,Win,1.03
,,Independiente del Valle v Universidad Catolica del Ecuador,,Ecuador Serie A,Over 9.5 Asian Corners,1,1.90,N/A,,Bet365,Win,0.90
,,Independiente del Valle v Universidad Catolica del Ecuador,,Ecuador Serie A,Over 4.5 FH Asian Corners,1,1.90,N/A,,Bet365,Win,0.90
,,Bologna v Atalanta,,Italy Serie A,Under 5.5 Asian Total Cards,1,1.85,N/A,,Bet365,Loss,-1.00
,,Osasuna v Barcelona,,Spain La Liga,Under 5 Asian Total Cards,1,1.95,1.79,108.94%,Bet365,Win,0.95
,29/9,DC Utd v Columbus Crew,,USA MLS,DC Utd 0.0 AH Corners,1,2.03,1.87,108.56%,Bet365,Win,1.03
,,FC Cincinnati v LAFC,,USA MLS,LAFC +0.5 AH Cards,1,2.05,1.83,112.02%,Bet365,Win,1.05
,,UD Ibiza v Alcoyano,,Spain RFEF Group 2,Under 9.5 Asian Corners,1,1.98,1.65,120.00%,Bet365,Win,0.98
,,UD Ibiza v Alcoyano,,Spain RFEF Group 2,Under 4.5 FH Asian Corners,1,1.95,1.69,115.38%,Bet365,Win,0.95
,,UD Ibiza v Alcoyano,,Spain RFEF Group 2,Under 7.5 Corners,0.25,3.75,N/A,,Bet365,Win,0.69
,,RKC v Ajax,,Netherlands Eredivisie,Over 10 Asian Corners,1,1.95,1.74,112.07%,Bet365,Win,0.95
,,RKC v Ajax,,Netherlands Eredivisie,Over 4.5 FH Asian Corners,1,1.80,1.78,101.12%,Bet365,Win,0.80
,,RKC v Ajax,,Netherlands Eredivisie,Over 12.5 Corners,0.25,3.75,N/A,,Bet365,Win,0.69
,,Bohemians 1905 v Slavia Prague,,Czech Republic Chance Liga,Slavia Prague -3 AH Corners,1,2.00,1.78,112.36%,Bet365,Win,1.00
,,Cordoba v Racing Ferrol,,Spain Segunda Division,Cordoba -1.5 AH Corners,1,1.80,1.65,109.09%,Bet365,Win,0.80
,30/9,Borneo FC v Persita Tangerang,,Indonesia Liga 1,Under 9.5 Asian Corners,1,1.98,1.81,109.39%,Bet365,Loss,-1.00
,,Borneo FC v Persita Tangerang,,Indonesia Liga 1,Under 4.5 FH Asian Corners,1,1.95,1.81,107.73%,Bet365,Loss,-1.00
,,AVS v SC Farense,,Liga Portugal Betclic,Farense +2 AH Corners,1,2.00,1.73,115.61%,Bet365,Loss,-1.00
,,Patriotas FC v Deportivo Cali,,Colombia Primera A,Under 9.5 Asian Corners,1,2.00,N/A,,Bet365,Win,1.00
,1/10,Newcastle v AFC Wimbledon,,EFL Cup,Newcastle -3 AH Corners,2,1.93,1.54,125.32%,Bet365,Win,1.86
,,Morecambe v Bradford,,England League 2,Bradford -0.5 AH Corners,1,1.90,1.79,106.15%,Bet365,Win,0.90
,2/10,Dinamo Zagreb U19 v Monaco U19,,UEFA Youth League U19,Monaco U19 -0.5 AH Corners,1,1.95,1.74,112.07%,Bet365,Win,0.95
,,Guimaraes v NK Celje,,UEFA Conference League,Guimaraes -3.5 AH Corners,1,1.95,1.53,127.45%,Bet365,Loss,-1.00
,,FC Sellier & Bellot Vlasim v Slavia Prague B,,Czech Republic FNL,Over 10.5 Asian Corners,1,2.03,1.73,117.34%,Bet365,Win,1.03
,,FC Sellier & Bellot Vlasim v Slavia Prague B,,Czech Republic FNL,Over 5 FH Asian Corners,1,2.00,1.93,103.63%,Bet365,Win,1.00
,,Preston v Watford,,England Championship,Over 3.5 Asian Total Cards,2,1.80,N/A,,Bet365,Loss,-2.00
,,Liverpool v Bologna,,UEFA Champions League,Bologna -0.5 AH Cards,1,1.98,1.86,106.45%,Bet365,Loss,-1.00
,,RB Leipzig v Juventus,,UEFA Champions League,Under 4 Asian Total Cards,1,1.93,1.76,109.66%,Bet365,Loss,-1.00
,,Lille v Real Madrid,,UEFA Champions League,Real Madrid 0.0 AH Cards,1,2.03,1.88,107.98%,Bet365,Win,1.03
,,CD Real Santander v Orsomarso,,Colombia Primera B,Under 9.5 Asian Corners,1,1.80,N/A,,Bet365,Win,0.80
,,CD Real Santander v Orsomarso,,Colombia Primera B,Under 4.5 FH Asian Corners,1,1.80,N/A,,Bet365,Win,0.80
,3/10,Al Wahda v Al Feiha,,Saudi Arabia Professional League,Al Feiha +1 AH Corners,1,1.93,N/A,,Bet365,Win,0.93
,,Atletico Cali FC v Boca Juniors De Cali,,Colombia Primera B,Under 10 Asian Corners,1,1.80,N/A,,Bet365,Loss,-1.00
,4/10,Paris FC v Laval,,France Ligue 2,Under 9.5 Asian Corners,1,1.85,1.66,111.45%,Bet365,Loss,-1.00
,,Sunderland v Leeds ,,England Championship,Under 10 Asian Corners,1,1.85,1.66,111.45%,Bet365,Win,0.85
,,Sunderland v Leeds ,,England Championship,Under 4.5 FH Asian Corners,1,2.03,1.85,109.73%,Bet365,Win,1.03
,,Union Santa Fe v Central Cordoba SdE,,Argentina Liga Professional,Central Cordoba SdE +1.5 AH Corners,1,2.00,1.87,106.95%,Bet365,Loss,-1.00
,5/10,Gremio v Fortaleza,,Brazil Serie A,Gremio +1 AH Cards,1,2.00,N/A,,Bet365,Loss,-1.00
,,Varbergs BoIS v Orebro SK,,Sweden Superettan,Under 10.5 Asian Corners,1,1.80,1.63,110.43%,Bet365,Loss,-1.00
,,Varbergs BoIS v Orebro SK,,Sweden Superettan,Under 5 FH Asian Corners,1,1.80,1.62,111.11%,Bet365,Loss,-1.00
,,Southport v Brackley,,England National League North,Under 10 Asian Corners,1,1.83,1.56,117.31%,Bet365,Win,0.83
,,Southport v Brackley,,England National League North,Under 4.5 FH Asian Corners,1,2.03,1.76,115.34%,Bet365,Loss,-1.00
,,Southport v Brackley,,England National League North,Under 7.5 Corners,0.5,4.00,N/A,,Bet365,Loss,-0.50
,,Arsenal v Southampton,,Premier League,Southampton +5.5 AH Corners,1,1.95,1.73,112.72%,Bet365,Loss,-1.00
,,Leicester v Bournemouth ,,Premier League,Bournemouth 0.0 AH Cards,1,2.05,1.75,117.14%,Bet365,Loss,-1.00
,,Mushuc Runa v Independiente del Valle,,Ecuador Serie A,Under 11.5 Asian Corners,1,1.90,N/A,,Bet365,Loss,-1.00
,,NS Mura v NK Domzale,,Slovenia Prva Liga ,Under 10.5 Asian Corners,1,1.80,1.59,113.21%,Bet365,Win,0.80
,,NS Mura v NK Domzale,,Slovenia Prva Liga ,Under 5 FH Asian Corners,1,1.80,1.63,110.43%,Bet365,Win,0.80
,,Deportivo Cuenca v Tecnico Universitario,,Ecuador Serie A ,Under 10 Asian Corners,1,2.00,N/A,,Bet365,Win,1.00
,6/10,Sporting KC v LAFC,,USA MLS,Over 4 Asian Total Cards,1,2.10,N/A,,Bet365,Loss,-1.00
,,LASK Linz v Austria Klagenfurt,,Austria Bundesliga,Austria Klagenfurt +2 AH Corners,1,1.93,1.72,112.21%,Bet365,Win,0.93
,,Chelsea v Nottm Forest,,Premier League,Chelsea +0.5 AH Cards,1,1.95,1.85,105.41%,Bet365,Win,0.95
,,Aston Villa v Man Utd,,Premier League,Man Utd 0.0 AH Cards,1.25,1.80,N/A,,Bet365,Win,1.00
,,Aston Villa v Man Utd,,Premier League,Man Utd +1.5 AH Corners,1,1.95,1.71,114.04%,Bet365,Loss,-1.00
,,Frankfurt v Bayern Munich,,Germany Bundesliga,Bayern Munich -2.5 AH Corners,1,2.00,1.96,102.04%,Bet365,Win,1.00
,,Sevilla v Betis,,Spain La Liga,Sevilla 0.0 AH Cards,1,1.78,N/A,,Bet365,Win,0.78
,,Nice v PSG,,France Ligue 1,PSG -1 AH Corners,1,1.95,1.79,108.94%,Bet365,Win,0.95
,8/10,Grimsby v Lincoln City,,EFL Trophy,Under 10 Asian Corners,1,1.85,1.64,112.80%,Bet365,Win,0.85
,,Grimsby v Lincoln City,,EFL Trophy,Under 4.5 FH Asian Corners,1,2.03,1.79,113.41%,Bet365,Win,1.03
,,Celtic Women v FC Twente Women,,UEFA Champions League Women,FC Twente Women -1 AH Corners,1,2.00,1.74,114.94%,Bet365,Loss,-1.00
,9/10,Bayern Munich Women v Arsenal Women,,UEFA Champions League Women,Arsenal Women +0.5 AH Corners,1,1.90,1.68,113.10%,Bet365,Loss,-1.00
,,Atletico Mineiro v Gremio,,Brazil Serie A,Under 5.5 Asian Total Cards,1,2.00,N/A,,Bet365,Loss,-1.00
,10/10,Namibia v Zimbabwe,,AFCON Qualifiers,Under 8.5 Asian Corners,1,1.98,1.74,113.79%,Bet365,Win,0.98
,,Namibia v Zimbabwe,,AFCON Qualifiers,Under 4 FH Asian Corners,1,2.00,1.79,111.73%,Bet365,Win,1.00
,,Ghana v Sudan,,AFCON Qualifiers,Over 8 Asian Corners,1,1.80,1.71,105.26%,Bet365,Win,0.80
,,Qatar v Kyrgyzstan,,FIFA World Cup Qualifiers Asia,Under 10 Asian Corners,1,1.93,1.70,113.53%,Bet365,Loss,-1.00
,,Gibraltar v San Marino,,UEFA Nations League,San Marino +2 AH Corners,1,2.00,1.94,103.09%,Bet365,Win,1.00
,,England v Greece,,UEFA Nations League,Greece -1 AH Cards,1,2.00,1.70,117.65%,Bet365,Win,1.00
,,Algeria v Togo,,AFCON Qualifiers,Over 8 Asian Corners,1,1.95,1.71,114.04%,Bet365,Win,0.95
,,Bolivia v Colombia,,FIFA World Cup Qualifiers South America,Colombia +1 AH Corners,1,2.00,1.59,125.79%,Bet365,Win,1.00
,11/10,Estonia v Azerbaijan,,UEFA Nations League,Estonia 0.0 AH Cards,1,2.08,1.79,116.20%,Bet365,Win,1.08
,,Iceland v Wales,,UEFA Nations League,Iceland +0.5 AH Cards,1,1.83,N/A,,Bet365,Loss,-1.00
,,Iceland v Wales,,UEFA Nations League,Iceland Most Cards,0.5,3.00,N/A,,Bet365,Loss,-0.50
,,Turkey v Montenegro ,,UEFA Nations League,Montenegro -1 AH Cards,1,2.10,1.76,119.32%,Bet365,Loss,-1.00
,,Slovakia v Ukraine,,UEFA Nations League,Slovakia 0.0 AH Cards,1,2.00,1.78,112.36%,Bet365,Win,1.00
,,England U21 v Ukraine U21,,UEFA U21 Euro Championship,England U21 -3 AH Corners,1,1.95,1.76,110.80%,Bet365,Loss,-1.00
,12/10,Peru v Uruguay,,FIFA World Cup Qualifiers South America,Peru -0.5 AH Cards,1,2.10,N/A,,Bet365,Loss,-1.00
,13/10,Fuenlabrada v Alcoyano ,,Spain Primera RFEF,Under 9 Asian Corners,1,1.88,1.61,116.77%,Bet365,Win,0.88
,14/10,Kenya v Cameroon,,AFCON Qualifiers,Under 8.5 Asian Corners,1,1.93,1.74,110.92%,Bet365,Win,0.93
,,Zimbabwe v Namibia,,AFCON Qualifiers,Under 8.5 Asian Corners,1,1.80,1.63,110.43%,Bet365,Win,0.80
,,Zimbabwe v Namibia,,AFCON Qualifiers,Under 4 FH Asian Corners,1,1.80,1.59,113.21%,Bet365,Win,0.80
,,Italy v Israel,,UEFA Nations League,Under 10 Asian Corners,1,2.00,1.76,113.64%,Bet365,Loss,-1.00
,,Patriotas FC v Independiente Santa Fe,,Colombia Primera A,Over 9.5 Asian Corners,1,1.95,N/A,,Bet365,Win,0.95
,,Patriotas FC v Independiente Santa Fe,,Colombia Primera A,Over 4.5 FH Asian Corners,1,1.95,N/A,,Bet365,Win,0.95
,,Patriotas FC v Independiente Santa Fe	,,Colombia Primera A,Over 11.5 Corners,0.5,3.40,N/A,,Bet365,Loss,-0.50
,15/10,China PR v Indonesia,,FIFA World Cup Qualifiers Asia,China PR -0.5 AH Corners,1,1.95,1.81,107.73%,Bet365,Loss,-1.00
,,Tanzania v DR Congo ,,AFCON Qualifiers,Under 8 Asian Corners,1,1.95,1.68,116.07%,Bet365,Loss,-1.00
,,Tanzania v DR Congo ,,AFCON Qualifiers,Under 4 FH Asian Corners,1,1.75,1.57,111.46%,Bet365,Loss,-1.00
,,Norway U21 v Turkey U21,,UEFA U21 Euro Championship,Under 10.5 Asian Corners,1,2.08,1.83,113.66%,Bet365,Win,1.08
,,Luxembourg U19 v North Macedonia U19,,UEFA U19 Euro Championship,Over 4 FH Asian Corners,1,1.88,1.77,106.21%,Bet365,Win,0.88
,,Luxembourg U19 v North Macedonia U19,,UEFA U19 Euro Championship,Over 8.5 Asian Corners,1,1.85,1.62,114.20%,Bet365,Loss,-1.00
,,Luxembourg U19 v North Macedonia U19,,UEFA U19 Euro Championship,Over 10.5 Corners,0.5,3.40,N/A,,Bet365,Loss,-0.50
,,Belarus v Luxembourg,,UEFA Nations League,Over 8.5 Asian Corners,1.5,2.00,1.96,102.04%,Bet365,Loss,-1.50
,,Belarus v Luxembourg,,UEFA Nations League,Over 4 FH Asian Corners,1,1.98,1.83,108.20%,Bet365,Loss,-1.00
,,Belarus v Luxembourg,,UEFA Nations League,Over 10.5 Corners,0.5,3.75,N/A,,Bet365,Loss,-0.50
,,Spain v Serbia,,UEFA Nations League,Serbia -1 AH Cards,1,1.95,1.83,106.56%,Bet365,Win,0.95
,,Spain v Serbia,,UEFA Nations League,Spain -3.5 AH Corners,1,2.00,1.85,108.11%,Bet365,Win,1.00
,16/10,Paraguay v Venezuela,,FIFA World Cup Qualifiers South America,Venezuela +1.5 AH Corners,1,2.05,1.83,112.02%,Bet365,Loss,-1.00
,,Argentina v Bolivia,,FIFA World Cup Qualifiers South America,Argentina -4.5 AH Corners,1.5,1.90,N/A,,Bet365,Loss,-1.50
,18/10,Shandong Taishan v Tianjin Jinmen Tiger,,China Super League,Over 10.5 Asian Corners,1,2.00,1.75,114.29%,Bet365,Win,1.00
,,FC Sellier & Bellot Vlasim v FC Silon Taborsko,,Czech Republic FNL,Over 4.5 FH Asian Corners,1,1.83,1.81,101.10%,Bet365,Loss,-1.00
,,FC Sellier & Bellot Vlasim v FC Silon Taborsko,,Czech Republic FNL,Over 10 Asian Corners,1,2.00,1.79,111.73%,Bet365,Loss,-1.00
,19/10,Botafogo v Criciuma,,Brazil Serie A,Criciuma -0.5 AH Cards,1,1.85,1.55,119.35%,Bet365,Win,0.85
,,Vitoria BA v Bragantino,,Brazil Serie A,Bragantino 0.0 AH Cards,1,1.85,1.54,120.13%,Bet365,Loss,-1.00
,,Sorrento v Benevento,,Italy Serie C,Over 4 FH Asian Corners,1,1.75,1.74,100.57%,Bet365,Loss,-1.00
,,Sorrento v Benevento,,Italy Serie C,Over 9 Asian Corners,1,2.00,1.74,114.94%,Bet365,Loss,-1.00
,,Man Utd v Brentford,,Premier League,Man Utd +0.5 AH Cards,1.5,1.75,N/A,,Bet365,Win,1.13
,,Man Utd v Brentford,,Premier League,Man Utd +0 Card Handicap,0.5,2.87,N/A,,Bet365,Loss,-0.50
,,Kaiserslautern v Paderborn,,Germany Bundesliga 2,Over 10.5 Asian Corners,1,2.00,1.81,110.50%,Bet365,Loss,-1.00
,20/10,Wolfsburg v Werder Bremen,,Germany Bundesliga,Over 5 Asian Total Cards,1,2.00,1.78,112.36%,Bet365,Loss,-1.00
,,Barcelona v Sevilla,,Spain La Liga,Sevilla -0.5 AH Cards,1,1.85,1.52,121.71%,Bet365,Win,0.85
,21/10,IFK Goteborg v AIK,,Sweden Allsvenskan,Under 10.5 Asian Corners,1,1.93,1.71,112.87%,Bet365,Loss,-1.00
,,Asane v Ranheim,,Norway 1st Division,Under 5 FH Asian Corners,1,2.05,1.83,112.02%,Bet365,Win,1.05
,,Asane v Ranheim,,Norway 1st Division,Under 11 Asian Corners,1,1.88,1.69,111.24%,Bet365,Loss,-1.00
,,Cambuur Leeuwarden v FC Eindhoven,,Netherlands Eerste Divisie,Under 11 Asian Corners,1,1.95,1.71,114.04%,Bet365,Win,0.95
,,Ajax Reserves v ADO Den Haag,,Netherlands Eerste Divisie,Over 10 Asian Corners,1,1.95,1.76,110.80%,Bet365,Loss,-1.00
,,Ajax Reserves v ADO Den Haag,,Netherlands Eerste Divisie,Over 12.5 Corners,0.5,3.75,N/A,,Bet365,Loss,-0.50
,,Verona v Monza,,Italy Serie A,Under 4.5 Asian Total Cards,1,1.85,1.66,111.45%,Bet365,Loss,-1.00
,22/10,Erzgebirge Aue v Cottbus,,Germany 3. Liga,Under 10.5 Asian Corners,1,2.00,1.78,112.36%,Bet365,Loss,-1.00
,,Leyton Orient v Rotherham,,England League 1,Rotherham +0.5 AH Corners,1,2.00,1.84,108.70%,Bet365,Win,1.00
,,Cardiff v Portsmouth,,England Championship,Cardiff -1 AH Corners,1,1.85,1.63,113.50%,Bet365,Win,0.85
,,Sheff Wed v Swansea,,England Championship,Over 4.5 Asian Total Cards,1,1.90,1.76,107.95%,Bet365,Loss,-1.00
,,Real Madrid v Dortmund,,UEFA Champions League,Real Madrid -2.5 AH Corners,1,1.98,1.78,111.24%,Bet365,Win,0.98
,,Raja Casablanca v FAR Rabat,,Morocco Botola Pro,Under 10 Asian Corners,1,1.80,1.47,122.45%,Bet365,Win,0.80
,,Raja Casablanca v FAR Rabat	,,Morocco Botola Pro,Under 7.5 Corners,0.25,3.75,N/A,,Bet365,Win,0.69
,24/10,Roma v Dynamo Kyiv,,UEFA Europa League,Roma -2 AH Corners,1,1.95,1.74,112.07%,Bet365,Win,0.95
,,Lyon v Besiktas,,UEFA Europa League,Over 4.5 Asian Total Cards,1,1.90,1.68,113.10%,Bet365,Win,0.90
,,Rangers v FCSB,,UEFA Europa League,Over 4.5 Asian Total Cards,1,1.88,1.65,113.94%,Bet365,Win,0.88
,,Fenerbahce v Man Utd,,UEFA Europa League,Over 4.5 Asian Total Cards,1,1.88,1.60,117.50%,Bet365,Loss,-1.00
,,Panathinaikos v Chelsea,,UEFA Conference League,Over 4 Asian Total Cards,1,1.83,1.65,110.91%,Bet365,Loss,-1.00
,25/10,Udinese v Cagliari,,Italy Serie A,Over 4 Asian Total Cards,1,2.00,N/A,,Bet365,Win,1.00
,,Udinese v Cagliari,,Italy Serie A,Over 5.5 Cards,0.5,3.75,N/A,,Bet365,Win,1.38
,,Rennes v Le Havre,,France Ligue 1,Le Havre 0.0 AH Cards,1,1.80,N/A,,Bet365,Win,0.80
,26/10,Cancun FC v Atletico Morelia,,Mexico Liga de Expansion,Under 10.5 Asian Corners,1,1.98,1.74,113.79%,Bet365,Win,0.98
,,IF Vestri v Fylkir Reykjavik,,Iceland Premier League,Fylkir Reykjavik +3.5 AH Corners,1,1.83,N/A,,Bet365,Win,0.83
,,Brentford v Ipswich,,Premier League,Ipswich -0.5 AH Cards,1,2.00,1.64,121.95%,Bet365,Win,1.00
,,Werder Bremen v Bayer Leverkusen,,Germany Bundesliga,Bayer Leverkusen -2.5 AH Corners,1,1.93,1.75,110.29%,Bet365,Loss,-1.00
,27/10,Alanyaspor v Antalyaspor,,Turkey Super Lig,Under 9 Asian Corners,1,2.00,1.82,109.89%,Bet365,Loss,-1.00
,,Alanyaspor v Antalyaspor,,Turkey Super Lig,Under 7.5 Corners,0.5,3.25,N/A,,Bet365,Loss,-0.50
,,Chelsea v Newcastle,,Premier League,Over 5 Asian Total Cards,1,2.00,1.57,127.39%,Bet365,Win,1.00
,,Heidenheim v TSG Hoffenheim,,Germany Bundesliga,TSG Hoffenheim +2 AH Corners,1,1.78,N/A,,Bet365,Loss,-1.00
,,AZ v Go Ahead Eagles,,Netherlands Eredivisie,Under 10.5 Asian Corners,1,1.83,1.61,113.66%,Bet365,Win,0.83
,29/10,Novara v Vicenza,,Italy Serie C,Under 9.5 Asian Corners,1,1.90,1.65,115.15%,Bet365,Win,0.90
,30/10,Aston Villa v Crystal Palace,,EFL Cup,Crystal Palace +2 AH Corners,1,2.00,1.89,105.82%,Bet365,Win,1.00
,,Genemuiden v Willem II,,Netherlands Cup,Under 10.5 Asian Corners,1,1.90,1.74,109.20%,Bet365,Win,0.90
,31/10,VV Dovo v FC Volendam,,Netherlands Cup,Under 11 Asian Corners,1,1.85,1.68,110.12%,Bet365,Loss,-1.00
,,Tubize v Anderlecht,,Belgium Cup,Under 9.5 Asian Corners,1,1.85,1.74,106.32%,Bet365,Win,0.85
,2/11,Liverpool v Brighton,,Premier League,Under 5 Asian Total Cards,1,2.00,N/A,,Bet365,Win,1.00
,,Southampton v Everton,,Premier League,Everton +0.5 AH Cards,1,1.80,N/A,,Bet365,Loss,-1.00
,,Oxford Utd v Swansea,,England Championship,Under 4.5 Asian Total Cards,1,1.95,1.70,114.71%,Bet365,Win,0.95
,,Stoke v Derby,,England Championship,Over 4 Asian Total Cards,1,1.90,1.67,113.77%,Bet365,Win,0.90
,,Blackburn v Sheff Utd,,England Championship,Over 4 Asian Total Cards,1.5,1.90,N/A,,Bet365,Loss,-1.50
,,Treble,Oxford Utd v Swansea	,England Championship,Under 4.5 Asian Total Cards,0.25,7.03,N/A,,Bet365,Loss,-0.25
,,,Stoke v Derby	,,Over 4 Asian Total Cards,,,,,Bet365,,
,,,Blackburn v Sheff Utd	,,Over 4 Asian Total Cards,,,,,Bet365,,
,,Preston v Bristol City,,England Championship,Over 3.5 Asian Total Cards,1,1.85,N/A,,Bet365,Win,0.85
,3/11,Atletico Sanluqueno v Recreativo Huelva,,Spain Primera RFEF Group 2,Under 9 Asian Corners,1.5,1.80,1.60,112.50%,Bet365,Win,1.20
,,Millwall v Burnley,,England Championship,Under 10 Asian Corners,1,1.85,1.75,105.71%,Bet365,Win,0.85
,,Aris Salonika v Levadiakos,,Greece Super League,Aris Salonika -1.5 AH Corners,1,1.83,1.59,115.09%,Bet365,Loss,-1.00
,,SC Freiburg v Mainz,,Germany Bundesliga,Under 4.5 Asian Total Cards,1,2.05,1.98,103.54%,Bet365,Win,1.05
,,Sporting Cristal v Comerciantes Unidos,,Peru Liga 1,Over 9.5 Asian Corners,1,2.00,1.77,112.99%,Bet365,Win,1.00
,,Bohemians 1905 v Pardubice,,Czech Republic Czech Liga,Pardubice +3.5 AH Corners,1,1.83,1.63,112.27%,Bet365,Loss,-1.00
,,Warta Poznan v Chrobry Glogow ,,Poland 1st Liga,Under 10.5 Asian Corners,1,1.98,1.77,111.86%,Bet365,Loss,-1.00
,,Man Utd v Chelsea,,Premier League,Over 10.5 Asian Corners,1,1.80,1.63,110.43%,Bet365,Win,0.80
,,Man Utd v Chelsea,,Premier League,Over 12.5 Corners,0.5,3.00,N/A,,Bet365,Loss,-0.50
,,Man Utd v Chelsea,,Premier League,Over 13.5 Corners,0.25,4.00,N/A,,Bet365,Loss,-0.25
,,Man Utd v Chelsea,,Premier League,Over 14.5 Corners,0.1,5.50,N/A,,Bet365,Loss,-0.10
,,Sevilla v Real Sociedad ,,Spain La Liga,Under 9 Asian Corners,1,2.00,1.77,112.99%,Bet365,Loss,-1.00
,,KFCO Beerschot Wilrijk v Gent,,Belgium Pro League,Gent -0.5 AH Corners,1,1.80,1.60,112.50%,Bet365,Loss,-1.00
,,CS U Craiova v FCSB,,Romania Liga 1,FCSB +1 AH Corners,1,1.95,1.71,114.04%,Bet365,Win,0.95
,,FC Porto v Estoril,,Portugal Primera Liga,Under 10.5 Asian Corners,1,1.90,1.83,103.83%,Bet365,Loss,-1.00
,,Athletic Club v Betis,,Spain La Liga,Over 3.5 Asian Total Cards,1,1.93,1.74,110.92%,Bet365,Loss,-1.00
,5/11,Swansea v Watford,,England Championship,Over 4 Asian Total Cards,1,2.05,N/A,,Bet365,Win,1.05
,,Sheff Wed v Norwich,,England Championship,Over 4 Asian Total Cards,1,1.75,N/A,,Bet365,Loss,-1.00
,,Bristol City v Sheff Utd,,England Championship,Under 5 Asian Total Cards,1,1.80,N/A,,Bet365,Win,0.80
,6/11,Internacional v Criciuma,,Brazil Serie A,Under 5.5 Asian Total Cards,1,1.98,1.82,108.79%,Bet365,Win,0.98
,,Luton v Cardiff,,England Championship,Over 3.5 Asian Total Cards,1,1.80,N/A,,Bet365,Loss,-1.00
,,Coventry v Derby,,England Championship,Over 4 Asian Total Cards,1,2.00,1.69,118.34%,Bet365,Loss,-1.00
,,Crvena Zvezda v Barcelona,,UEFA Champions League,Crvena Zvezda +5 AH Corners,1.5,2.00,1.77,112.99%,Bet365,Loss,-1.50
,7/11,Man Utd v PAOK,,UEFA Europa League,Man Utd -3 AH Corners,1,1.83,1.63,112.27%,Bet365,Win,0.83
,8/11,Al Hilal v Al Ettifaq,,Saudi Arabia Pro League,Al Hilal -3.5 AH Corners,1,1.98,1.75,113.14%,Bet365,Win,0.98
,,Watford v Oxford Utd,,England Championship,Watford -2.5 AH Corners,1,2.03,1.72,118.02%,Bet365,Win,1.03
,9/11,Darmstadt v Hertha Berlin,,Germany Bundesliga 2,Hertha Berlin +1.5 AH Corners,1,1.78,1.63,109.20%,Bet365,Win,0.78
,,Cottbus v Dortmund II,,Germany Bundesliga 3,Dortmund II +2.5 AH Corners,1,1.90,1.79,106.15%,Bet365,Loss,-1.00
,,GIF Sundsvall v Gefle IF,,Sweden Superettan,Gefle IF +1.5 AH Corners,1,1.88,1.74,108.05%,Bet365,Win,0.88
,,Birmingham v Northampton,,England League 1,Birmingham -4 AH Corners,1,1.93,1.69,114.20%,Bet365,Win,0.93
,,Villarreal v Alaves,,Spain La Liga,Alaves +0.5 AH Cards,1.5,1.73,1.43,120.98%,Bet365,Win,1.10
,10/11,FC Sion v Lucerne,,Switzerland Super League,Lucerne +1 AH Corners,1,1.95,1.74,112.07%,Bet365,Win,0.95
,,Huachipato v Nublense,,Chile Primera Division,Nublense +0.5 AH Corners,1,2.00,2.19,91.32%,Bet365,Loss,-1.00
,,Panathinaikos v Lamia,,Greece Super League,Panathinaikos -3.5 AH Corners,1.5,1.80,1.62,111.11%,Bet365,Win,1.20
,,Lyon v St Etienne,,France Ligue 1,Lyon -3 AH Corners,1.5,1.80,1.54,116.88%,Bet365,Loss,-1.50
,12/11,Port Vale v Wrexham,,EFL Trophy,Under 10 Asian Corners,1.5,1.88,1.65,113.94%,Bet365,Loss,-1.50
,,Buxton v Brackley,,England National League North,Under 9.5 Asian Corners,1,1.85,1.60,115.63%,Bet365,Loss,-1.00
,14/11,Malta v Liechtenstein,,UEFA Nations League,Under 8.5 Asian Corners,1,1.95,1.74,112.07%,Bet365,Win,0.95
,,Malta v Liechtenstein,,UEFA Nations League,Under 6.5 Corners,0.25,3.75,N/A,,Bet365,Loss,-0.25
,,France v Israel,,UEFA Nations League,France -3.5 AH Corners,2,1.93,N/A,,Bet365,Win,1.86
,15/11,America de Cali v Once Caldas,,Colombia Primera A,America de Cali -1 AH Corners,1.5,1.83,N/A,,Bet365,Loss,-1.50
,,Ecuador v Bolivia,,FIFA World Cup Qualifiers South America,Bolivia -1 AH Cards,1,2.00,1.78,112.36%,Bet365,Win,1.00
,16/11,Accrington Stanley v Swindon,,England League 2,Accrington Stanley -0.5 AH Corners,1,2.03,1.76,115.34%,Bet365,Win,1.03
,,Netherlands v Hungary,,UEFA Nations League,Netherlands -3 AH Corners,1,2.00,1.80,111.11%,Bet365,Loss,-1.00
,18/11,Bulgaria v Belarus,,UEFA Nations League,Belarus +1.5 AH Corners,1,2.00,1.87,106.95%,Bet365,Win,1.00
,19/11,Sweden v Azerbaijan	,,UEFA Nations League,Sweden -4 AH Corners,2,1.98,N/A,,Bet365,Win,1.96
,,Montenegro v Turkey,,UEFA Nations League,Montenegro -0.5 AH Cards,1,2.00,1.71,116.96%,Bet365,Win,1.00
,20/11,Wolfsburg Women v Galatasaray Women,,UEFA Champions League Women,Over 11.5 Asian Corners,1,1.98,1.63,121.47%,Bet365,Win,0.98
,,Wolfsburg Women v Galatasaray Women,,UEFA Champions League Women,Over 13.5 Corners,0.25,3.25,N/A,,Bet365,Win,0.56
,,Chelsea Women v Celtic Women,,UEFA Champions League Women,Over 10.5 Asian Corners,1.5,1.80,N/A,,Bet365,Win,1.20
,,Chelsea Women v Celtic Women,,UEFA Champions League Women,Over 12.5 Corners,0.5,3.75,N/A,,Bet365,Win,1.38
,,Chelsea Women v Celtic Women,,UEFA Champions League Women,Over 13.5 Corners,0.25,5.00,N/A,,Bet365,Win,1.00
,22/11,Lierse Kempenzonen v Genk II,,Belgium Challenger Pro League,Lierse Kempenzonen -0.5 AH Corners,1.5,1.90,1.68,113.10%,Bet365,Win,1.35
,,Al Ahly Cairo v Al Ittihad Al Sakandary,,Egypt Premier League,Under 9.5 Asian Corners,1,1.85,1.59,116.35%,Bet365,Win,0.85
,23/11,Al Wahda v Al Taawon,,Saudi Arabia Professional League,Al Wahda +1.5 AH Corners,1,1.80,1.58,113.92%,Bet365,Loss,-1.00
,,Heracles v RKC,,Netherlands Eredivisie,Heracles -1.5 AH Corners,1,1.95,1.72,113.37%,Bet365,Win,0.95
,25/11,Newcastle v West Ham,,Premier League,West Ham -0.5 AH Cards,1,1.75,N/A,,Bet365,Loss,-1.00
,28/11,Athletic Club v Elfsborg,,UEFA Europa League,Athletic Club -4 AH Corners,1,1.90,1.70,111.76%,Bet365,Win,0.90
,,Noah v Vikingur Reykjavik ,,UEFA Conference League,Under 9.5 Asian Corners,1,1.95,1.65,118.18%,Bet365,Loss,-1.00
,,Noah v Vikingur Reykjavik ,,UEFA Conference League,Under 7.5 Corners,0.3,3.50,N/A,,Bet365,Loss,-0.30
,,Noah v Vikingur Reykjavik ,,UEFA Conference League,Under 6.5 Corners,0.2,5.50,N/A,,Bet365,Loss,-0.20
,,Borac Banja Luka v LASK Linz,,UEFA Conference League,Borac Banja Luka +2.5 AH Corners,1,1.95,N/A,,Bet365,Win,0.95
,,Rapid Vienna v Shamrock Rovers,,UEFA Conference League,Rapid Vienna -4.5 AH Corners,1,1.85,1.74,106.32%,Bet365,Win,0.85
,,Fiorentina v Pafos,,UEFA Conference League,Fiorentina -3.5 AH Corners,2,1.90,1.72,110.47%,Bet365,Loss,-2.00
,30/11,Auckland FC v Newcastle Jets,,Australia A-League,Newcastle Jets +3 AH Corners,1,1.83,N/A,,Bet365,Loss,-1.00
,,FC Groningen v Willem II,,Netherlands Eredivisie,Under 10 Asian Corners,1,2.00,N/A,,Bet365,Win,1.00
,1/12,Man Utd v Everton,,Premier League,Under 11 Asian Corners,1,1.95,1.72,113.37%,Bet365,Win,0.95
,,Man Utd v Everton,,Premier League,Under 8.5 Corners,0.25,4.00,N/A,,Bet365,Win,0.75
,2/12,Monopoli v Avellino ,,Italy Serie C,Under 9 Asian Corners,1,1.80,1.54,116.88%,Bet365,Win,0.80
,,Monopoli v Avellino 	,,Italy Serie C,Under 6.5 Corners,0.25,4.00,N/A,,Bet365,Win,0.75
,8/12,AZ v Ajax,,Netherlands Eredivisie,Ajax 0.0 AH Corners,1,1.98,1.78,111.24%,Bet365,Loss,-1.00
,,Chelsea Women v Brighton Women,,England Women Super League,Chelsea Women -5 AH Corners,1,1.80,1.53,117.65%,Bet365,Loss,-1.00
,,Lamia v Panetolikos,,Greece Super League,Lamia +0.5 AH Corners,2,1.90,1.60,118.75%,Bet365,Win,1.80
,10/12,Plymouth v Swansea,,England Championship,Swansea -1.5 AH Corners,1,1.80,1.68,107.14%,Bet365,Loss,-1.00
,,Exeter v Birmingham,,EFL Trophy,Under 10.5 Asian Corners,1,1.83,1.56,117.31%,Bet365,Win,0.83
,12/12,HJK Helsinki v Molde,,UEFA Europa League,HJK Helsinki +1.5 AH Corners,1,2.03,1.79,113.41%,Bet365,Win,1.03
,13/12,Estrela Amadora U23 v Sporting U23,,Portugal U23 Championship,Under 9 Asian Corners,1,2.00,1.73,115.61%,Bet365,Win,1.00
,,Ankaragucu v Manisa FK,,Turkey 1st League,Over 8 Asian Corners,1,1.83,1.62,112.96%,Bet365,Win,0.83
,14/12,Wellington Phoenix v Macarthur FC,,Australia A-League,Under 4 Asian Total Cards,1.5,1.88,1.56,120.51%,Bet365,Win,1.32
,,Union Berlin v Bochum,,Germany Bundesliga  ,Union Berlin +0.5 AH Cards,1,1.80,1.78,101.12%,Bet365,Loss,-1.00
,,Volos NFC v Asteras Tripolis,,Greece Super League,Under 9 Asian Corners,1,1.90,1.68,113.10%,Bet365,Loss,-1.00
,,KV Kortrijk v Dender,,Belgium,KV Kortrijk -0.5 AH Corners,1,1.80,1.65,109.09%,Bet365,Win,0.80
,15/12,Norwich v Burnley,,England Championship,Under 4.5 Asian Total Cards,1,2.00,N/A,,Bet365,Win,1.00
,16/12,Rio Ave v Guimaraes,,Portugal Liga Betclic,Guimaraes -1.5 AH Corners,1,1.95,1.85,105.41%,Bet365,Win,0.95
,18/12,Barcelona Women v Man City Women,,UEFA Champions League Women,10+ Corners,1.25,1.80,1.66,108.43%,Sky Bet,Win,1.00
,,Barcelona Women v Man City Women,,UEFA Champions League Women,11+ Corners,0.25,2.25,2.07,108.70%,Sky Bet,Loss,-0.25
,,Monaco v PSG ,,France Ligue 1,PSG Most Corners,1.5,1.73,1.63,106.13%,Sky Bet,Win,1.10
,20/12,Bayern Munich v RB Leipzig,,Germany Bundesliga,Bayern Munich -4.5 AH Corners,1,1.80,N/A,,Bet365,Win,0.80
,,Wycombe v Bolton,,England League 1,Wycombe -0.5 AH Corners,1,1.93,N/A,,Bet365,Win,0.93
,21/12,Leeds v Oxford Utd,,England Championship,Under 3.5 Asian Total Cards,1,1.93,1.71,112.87%,Bet365,Win,0.93
,22/12,Sparta Rotterdam v Ajax,,Netherlands Eredivisie,Ajax -2 AH Corners,1.5,2.10,1.95,107.69%,Bet365,Loss,-1.50
,,Utrecht v Fortuna Sittard,,Netherlands Eredivisie,Utrecht -2 AH Corners,2,1.90,1.62,117.28%,Bet365,Loss,-2.00
,,Bochum v Heidenheim,,Germany Bundesliga,Bochum -0.5 AH Corners,1,1.90,1.69,112.43%,Bet365,Win,0.90
,26/12,Liverpool v Leicester,,Premier League,Liverpool -6 AH Corners,1,2.03,1.76,115.34%,Bet365,Win,1.03
,,Liverpool v Leicester	,,Premier League,Under 4.5 Asian Total Cards,1,1.73,N/A,,Bet365,Loss,-1.00
,27/12,Brighton v Brentford,,Premier League,Under 11 Asian Corners,1,1.90,1.68,113.10%,Bet365,Win,0.90
,,Arouca v Gil Vicente ,,Portugal Liga Betclic,Under 9.5 Asian Corners,1,1.95,1.72,113.37%,Bet365,Loss,-1.00
,,Arsenal v Ipswich,,Premier League,Ipswich -1 AH Cards,1,1.90,1.69,112.43%,Bet365,Loss,-1.00
,28/12,Empoli v Genoa,,Italy Serie A,Empoli 0.0 AH Cards,1,2.08,2.10,99.05%,Bet365,Loss,-1.00
,,Estoril v Moreirense,,Portugal Liga Betclic,Over 9 Asian Corners,1,1.80,1.96,91.84%,Bet365,Loss,-1.00
,29/12,Sheff Utd v West Brom,,England Championship,Under 4 Asian Total Cards,1,1.95,1.72,113.37%,Bet365,Loss,-1.00
,,Napoli v Venezia,,Italy Serie A,Under 10 Asian Corners,1,1.90,1.69,112.43%,Bet365,Loss,-1.00
,,St Mirren v Dundee,,Scotland Premiership,St Mirren -0.5 AH Corners,1,1.83,1.64,111.59%,Bet365,Loss,-1.00
,,Coventry v Millwall,,England Championship,Under 4 Asian Total Cards,1,2.00,1.84,108.70%,Bet365,Win,1.00
,,Stoke v Sunderland,,England Championship,Under 4.5 Asian Total Cards,1,1.90,1.74,109.20%,Bet365,Loss,-1.00
,,Tottenham v Wolves,,Premier League,Tottenham +0.5 AH Cards,1,2.03,1.80,112.78%,Bet365,Loss,-1.00
2025,1/1,Millwall v Oxford Utd,,England Championship,Under 5 FH Asian Corners,1,1.85,1.65,112.12%,Bet365,Win,0.85
,,Burnley v Stoke,,England Championship,Under 4 Asian Total Cards,1,1.93,1.71,112.87%,Bet365,Loss,-1.00
,,Stockport v Birmingham,,England League 1,Birmingham 0.0 AH Corners,1,1.90,1.69,112.43%,Bet365,Loss,-1.00
,2/1,Aberdeen v Ross County,,Scottish Premiership,Ross County +3 AH Corners,1,1.85,1.65,112.12%,Bet365,Loss,-1.00
,,Rangers v Celtic,,Scottish Premiership,Under 11 Asian Corners,1,1.98,1.75,113.14%,Bet365,Loss,-1.00
,3/1,Valencia v Real Madrid,,Spain La Liga,Under 4.5 Asian Total Cards,1.5,1.95,1.84,105.98%,Bet365,Loss,-1.50
,4/1,Brighton v Arsenal,,Premier League,Under 4.5 Asian Total Cards,1,2.03,N/A,,Bet365,Loss,-1.00
,,Samsunspor v Trabzonspor,,Turkey Super Lig,Trabzonspor +2 AH Corners,1,1.78,1.53,116.34%,Bet365,Win,0.78
,,Man City v West Ham,,Premier League,Man City +1 AH Cards,1,1.93,1.66,116.27%,Bet365,Win,0.93
,5/1,Ponferradina v Real Sociedad,,Spain Copa del Rey,Ponferradina +3 AH Corners,1,2.00,1.8,111.11%,Bet365,Win,1.00
,,Celtic v St Mirren,,Scottish Premiership,Celtic -5.5 AH Corners,1,1.90,1.68,113.10%,Bet365,Loss,-1.00
,6/1,Deportiva Minera v Real Madrid,,Spain Copa del Rey,Real Madrid -4.5 AH Corners,1,1.93,1.58,122.15%,Bet365,Win,0.93
,,Macarthur v Adelaide Utd,,Australia A-League,Under 4 Asian Total Cards,1,1.88,1.68,111.90%,Bet365,Win,0.88
,,Virtus Entella v Rimini,,Italy Serie C,Under 9.5 Asian Corners,1,1.80,1.59,113.21%,Bet365,Win,0.80
,,Gil Vicente v Rio Ave,,Portugal Liga Betclic,Rio Ave +1.5 AH Corners,1,2.00,1.67,119.76%,Bet365,Win,1.00
,8/1,Sydney FC v Perth Glory,,Australia A-League,Under 5.5 FH Asian Corners,1,1.85,1.65,112.12%,Bet365,Loss,-1.00
,10/1,Dortmund v Bayer Leverkusen,,Germany Bundesliga,Dortmund 0.0 AH Cards,1,1.85,1.79,103.35%,Bet365,Loss,-1.00
,,Villefranche v Bourg-Peronnas,,France National,Under 9 Asian Corners,1,1.93,1.72,112.21%,Bet365,Win,0.93
,,Villefranche v Bourg-Peronnas,,France National,Under 7.5 Corners,0.5,3.00,2.59,115.83%,Bet365,Win,1.00
,11/1,Tenerife v CD Castellon,,Spain Segunda Division,CD Castellon 0.0 AH Corners,1,1.93,1.79,107.82%,Bet365,Win,0.93
,,Wellington Phoenix v Adelaide Utd,,Australia A-League,Under 3.5 Asian Total Cards,1,2.00,1.86,107.53%,Bet365,Win,1.00
,,Perth Glory v Auckland FC,,Australia A-League,Auckland FC +0.5 AH Cards,1,1.80,1.63,110.43%,Bet365,Loss,-1.00
,,Al Orubah v Al Hilal,,Saudi Arabia Professional League,Al Hilal -3.5 AH Corners,1,1.98,1.75,113.14%,Bet365,Loss,-1.00
,,Ross County v Celtic,,Scottish Premiership,Ross County +5.5 AH Corners,1,2.03,1.74,116.67%,Bet365,Win,1.03
,,Ross County v Celtic,,Scottish Premiership,Under 11.5 Asian Corners,1,2.00,1.84,108.70%,Bet365,Loss,-1.00
,,Double,Aberdeen v Hearts	,Scottish Premiership,Under 11 Asian Corners,0.25,3.95,3.2,123.44%,Bet365,Loss,-0.25
,,,Ross County v Celtic	,,Under 11.5 Asian Corners,,,,,,,
,,Reading v Burnley,,England FA Cup,Under 10.5 Asian Corners,1,1.80,1.67,107.78%,Bet365,Win,0.80
,,Man City v Salford,,England FA Cup,Salford -0.5 AH Cards,1,1.75,N/A,,Bet365,Win,0.75
,,Mainz v Bochum,,Germany Bundesliga,Bochum +3 AH Corners,1,2.00,1.74,114.94%,Bet365,Win,1.00
,,Swindon v Crewe,,England League 2,Under 10 Asian Corners,1,1.88,1.68,111.90%,Bet365,Loss,-1.00
,,Liverpool v Accrington Stanley,,England FA Cup,Liverpool -6.5 AH Corners,1,1.93,1.71,112.87%,Bet365,Loss,-1.00
,,Bournemouth v West Brom,,England FA Cup,Under 3.5 Asian Total Cards,1,1.90,1.65,115.15%,Bet365,Loss,-1.00
,,Torquay v Welling,,England National League,Under 10.5 Asian Corners,1,1.80,1.54,116.88%,Bet365,Win,0.80
,,Torquay v Welling,,England National League,Under 8.5 Corners,0.5,3.25,2.5,130.00%,Bet365,Win,1.13
,,Besiktas v Bodrum FK,,Turkey Super Lig,Bodrum FK +2 AH Corners,1,1.93,1.57,122.93%,Bet365,Win,0.93
,,Coventry v Sheff Wed,,England FA Cup,Under 4 Asian Total Cards,1,1.90,1.74,109.20%,Bet365,Win,0.90
,12/1,Chivas Guadalajara v Santos Laguna,,Mexico Liga MX,Santos Laguna +4 AH Corners,1,1.95,1.55,125.81%,Bet365,Win,0.95
,,Tamworth v Tottenham,,England FA Cup,Tottenham -5 AH Corners,1,1.90,1.58,120.25%,Bet365,Loss,-1.00
,,Feyenoord v FC Utrecht,,Netherlands Eredivisie,Feyenoord +2.5 AH Corners,1,1.93,1.53,126.14%,Bet365,Win,0.93
,,Aberdeen v Hearts,,Scottish Premiership,Under 11 Asian Corners,1,1.98,1.74,113.79%,Bet365,Win,0.98
,,Atletico Madrid v Osasuna,,Spain La Liga,Osasuna 0.0 AH Cards,1,2.10,1.73,121.39%,Bet365,Loss,-1.00
,,Southampton v Swansea,,England FA Cup,Over 3.5 Asian Total Cards,1,2.03,N/A,,Bet365,Loss,-1.00
,,AEK Athens v Athens Kallithea,,Greece Super League,AEK Athens -5 AH Corners,1,2.00,1.81,110.50%,Bet365,Win,1.00
,14/1,Leverkusen v Mainz,,Germany Bundesliga,Under 4 Asian Total Cards,1,1.95,2.17,89.86%,Bet365,Loss,-1.00
,,SU Dives Cabourg v Le Puy,,France Cup,SU Dives Cabourg +2.5 AH Corners,1,2.03,1.68,120.83%,Bet365,Loss,-1.00
,,Guingamp v Sochaux,,France Cup,Sochaux +3 AH Corners,1,1.88,1.69,111.24%,Bet365,Loss,-1.00
,15/1,Wellington Phoenix v Sydney FC,,Australia A-League,Sydney FC 0.0 AH Cards,2,1.95,1.78,109.55%,Bet365,Win,1.90
,,Brest v Nantes,,France Ligue 1 ,Under 4 Asian Total Cards,1,1.95,1.52,128.29%,Bet365,Win,0.95
,,Espaly v PSG,,France Cup,PSG -4.5 AH Corners,1,1.88,N/A,,Bet365,Loss,-1.00
,18/1,Hamburg v Cologne,,Germany Bundesliga 2,Under 11 Asian Corners,1,1.80,1.63,110.43%,Bet365,Loss,-1.00
,,Derby v Watford,,England Championship,Derby -0.5 AH Corners,1,1.90,1.63,116.56%,Bet365,Loss,-1.00
,,Coventry v Bristol City,,England Championship,Under 4 Asian Total Cards,1,2.08,2.03,102.46%,Bet365,Win,1.08
,19/1,Paderborn v Hertha Berlin,,Germany Bundesliga 2,Hertha Berlin +1 AH Corners,1,2.00,1.77,112.99%,Bet365,Loss,-1.00
,,Leeds v Sheff Utd,,England Championship,Under 4 Asian Total Cards,1,1.80,1.48,121.62%,Bet365,Win,0.80
,,Almeria v Huesca,,Spain Segunda,Huesca +3 AH Corners,1,1.95,1.64,118.90%,Bet365,Loss,-1.00
,20/1,Rapid Bucuresti v CSM Politehnica Iasi,,Romania Liga 1,Rapid Bucurest -2 AH Corners,1,1.95,1.53,127.45%,Bet365,Win,0.95
,23/1,Rigas FS v Ajax,,UEFA Europa League,Under 3.5 Asian Total Cards,1,2.00,1.81,110.50%,Bet365,Loss,-1.00
,24/1,Melbourne Victory v Sydney FC,,Australia A-League,Under 4.5 Asian Total Cards,2,1.90,N/A,,Bet365,Win,1.80
,,Melbourne Victory v Sydney FC,,Australia A-League,Under 3.5 Cards,0.5,2.75,N/A,,Bet365,Loss,-0.50
,,Sportivo Luqueno v Club Atletico Tembetary,,Paraguay Division Profesional,Under 9 Asian Corners,1,1.73,1.51,114.57%,Bet365,Loss,-1.00
,,Sportivo Luqueno v Club Atletico Tembetary,,Paraguay Division Profesional,Under 7.5 Corners,0.3,2.62,2.16,121.30%,Bet365,Loss,-0.30
,,Sportivo Luqueno v Club Atletico Tembetary,,Paraguay Division Profesional,Under 6.5 Corners,0.2,3.75,N/A,,Bet365,Loss,-0.20
,25/1,Norwich v Swansea ,,England Championship,Under 4.5 Asian Total Cards,1.5,1.70,N/A,,Bet365,Win,1.05
,,Galatasaray v Konyaspor,,Turkey Super Lig,Over 9.5 Asian Corners,1,1.80,1.53,117.65%,Bet365,Loss,-1.00
,,Grasshoppers v Young Boys,,Switzerland Super League,Young Boys +0.5 AH Corners,1,1.83,1.62,112.96%,Bet365,Win,0.83
,,Verl v Alemannia Aachen,,Germany Bundesliga 3,Under 10 Asian Corners,1,1.80,1.57,114.65%,Bet365,Win,0.80
,,Verl v Alemannia Aachen,,Germany Bundesliga 3,Under 7.5 Corners,0.3,3.75,N/A,,Bet365,Loss,-0.30
,,Verl v Alemannia Aachen,,Germany Bundesliga 3,Under 6.5 Corners,0.2,6.00,N/A,,Bet365,Loss,-0.20
,,Bournemouth v Southampton,,Premier League,Nottm Forest 0.0 AH Cards,1,1.90,1.86,102.15%,Bet365,Win,0.90
,,Wigan v Bristol Rovers,,England League 1,Under 10 Asian Corners,1,1.80,1.52,118.42%,Bet365,Win,0.80
,26/1,Penafiel v Vizela ,,Portugal Segunda Liga,Penafiel +1 AH Corners ,1,1.98,1.75,113.14%,Bet365,Loss,-1.00
,,BG Pathum Utd v Khonkaen Utd,,Thailand League 1,Over 9.5 Asian Corners,1,1.88,1.64,114.63%,Bet365,Win,0.88
,,BG Pathum Utd v Khonkaen Utd,,Thailand League 1,Over 11.5 Corners,0.3,3.25,N/A,,Bet365,Loss,-0.30
,,BG Pathum Utd v Khonkaen Utd,,Thailand League 1,Over 12.5 Corners,0.2,4.33,N/A,,Bet365,Loss,-0.20
,,Al Taawon v Al Orubah,,Saudi Arabia Professional League,Under 9 Asian Corners,1,1.88,N/A,,Bet365,Win,0.88
,27/1,Venezia v Verona,,Italy Serie A,Under 4.5 Asian Total Cards,1,2.00,1.76,113.64%,Bet365,Win,1.00
,29/1,Girona v Arsenal,,UEFA Champions League,Under 4 Asian Total Cards,1,1.80,1.63,110.43%,Bet365,Loss,-1.00
,,Salzburg v Atletico Madrid,,UEFA Champions League,Under 3.5 Asian Total Cards,1,2.10,1.89,111.11%,Bet365,Win,1.10
,,Lille v Feyenoord,,UEFA Champions League,Under 4.5 Asian Total Cards,1,2.05,1.83,112.02%,Bet365,Win,1.05
,,Sturm Graz v RB Leipzig,,UEFA Champions League,Under 3.5 Asian Total Cards,1,1.83,1.66,110.24%,Bet365,Win,0.83
,1/2,Central Coast Mariners v Newcastle Jets,,Australia A-League,Under 4 Asian Total Cards,1,1.90,1.52,125.00%,Bet365,Win,0.90
,,Perth Glory v Melbourne Victory,,Australia A-League,Under 3.5 Asian Total Cards,1,1.90,1.73,109.83%,Bet365,Win,0.90
,,Double,Central Coast Mariners v Newcastle Jets,Australia A-League,Under 4 Asian Total Cards,0.25,3.61,2.63,137.26%,Bet365,Win,0.65
,,,Perth Glory v Melbourne Victory	,,Under 3.5 Asian Total Cards,,,,,,,
,,Auckland v Macarthur ,,Australia A-League,Auckland +0.5 AH Cards,1,1.85,1.63,113.50%,Bet365,Loss,-1.00
,,Central Coast Mariners v Newcastle Jets,,Australia A-League,Central Coast Mariners 0.0 AH Cards,1.5,1.88,1.64,114.63%,Bet365,Win,1.32
,,Double,Auckland v Macarthur 	,Australia A-League,Auckland +0.5 AH Cards,0.25,3.46,2.67,129.59%,Bet365,Loss,-0.25
,,,Central Coast Mariners v Newcastle Jets	,,Central Coast Mariners 0.0 AH Cards,,,,,,,
,,Getafe v Sevilla,,Spain La Liga,Sevilla 0.0 AH Cards,1,1.98,N/A,,Bet365,Win,0.98
,,Derby v Sheff Utd ,,England Championship,Under 5 FH Asian Corners,1,1.90,1.85,102.70%,Bet365,Win,0.90
,,Ipswich v Southampton,,Premier League,Under 5 Asian Total Cards,1,1.90,N/A,,Bet365,Win,0.90
,2/2,Reims v Nantes,,France Ligue 1,Under 4 Asian Total Cards,1,1.90,1.68,113.10%,Bet365,Loss,-1.00
,,NK Osijek v Dinamo Zagreb,,Croatia HNL,Dinamo Zagreb -0.5 AH Corners,1,1.80,1.69,106.51%,Bet365,Win,0.80
,,Arsenal v Man City,,Premier League,Under 5 Asian Total Cards,1,1.90,N/A,,Bet365,Win,0.90
,3/2,Asteras Tripolis v Lamia,,Greece Super League ,Lamia +3 AH Corners,1.5,2.00,1.85,108.11%,Bet365,Win,1.50
,,CA Tigre v Union Santa Fe,,Argentina Liga Pro,CA Tigre 0.0 AH Corners,1,1.83,1.6,114.38%,Bet365,Loss,-1.00
,5/2,Leganes v Real Madrid,,Spain Copa del Rey,Real Madrid +1 AH Corners,1.5,1.90,1.57,121.02%,Bet365,Win,1.35
,7/2,FC Botosani v Dinamo Bucharest,,Romania Liga 1,Dinamo Bucharest +1 AH Corners,1,1.78,1.58,112.66%,Bet365,Loss,-1.00
,,PSG v Monaco,,France Ligue 1,Under 3.5 Asian Total Cards,1,2.00,1.73,115.61%,Bet365,Win,1.00
,8/2,Mainz v Augsburg,,Germany Bundesliga,Under 10 Asian Corners,1.5,1.90,1.62,117.28%,Bet365,Win,1.35
,,Real Madrid v Atletico Madrid ,,Spain La Liga,Real Madrid +1 AH Cards,1,1.90,N/A,,Bet365,Loss,-1.00
,9/2,Aston Villa v Tottenham,,England FA Cup,Under 4 Asian Total Cards,1,1.95,1.76,110.80%,Bet365,Win,0.95
,10/2,Odisha FC v Punjab FC,,India Super League,Over 9.5 Asian Corners,1,1.93,1.71,112.87%,Bet365,Win,0.93
,,Odisha FC v Punjab FC,,India Super League,Over 11.5 Corners,0.25,3.40,N/A,,Bet365,Win,0.60
,,Lamia v Levadiakos,,Greece Super League,Under 9 Asian Corners,1,1.80,1.61,111.80%,Bet365,Loss,-1.00
,,Lamia v Levadiakos,,Greece Super League,Under 6.5 Corners,0.25,4.00,N/A,,Bet365,Loss,-0.25
,,Trabzonspor v Eyupspor ,,Turkey Super Lig,Eyupspor +2.5 AH Corners,1,2.00,1.84,108.70%,Bet365,Win,1.00
,12/2,Defensor Sporting v Monagas,,Copa Libertadores,Over 9 Asian Corners,1,1.98,N/A,,Bet365,Loss,-1.00
,,Everton v Liverpool,,Premier League,Liverpool +0.5 AH Cards,1,1.98,1.9,104.21%,Bet365,Win,0.98
,,Plymouth v Millwall,,England Championship,Millwall 0.0 AH Cards,1.5,1.90,1.57,121.02%,Bet365,Loss,-1.50
,,Club Brugge v Atalanta,,UEFA Champions League,Under 3.5 Asian Total Cards,1,2.20,1.97,111.68%,Bet365,Win,1.20
,,Monaco v Benfica,,UEFA Champions League,Benfica 0.0 AH Cards,1,2.00,1.95,102.56%,Bet365,Loss,-1.00
,14/2,Melbourne Victory v Wellington Phoenix,,Australia A-League,Under 3.5 Asian Total Cards,1,2.08,1.76,118.18%,Bet365,Loss,-1.00
,15/2,Barnsley v Huddersfield,,England League 1,Under 11.5 Asian Corners,1.5,1.95,1.66,117.47%,Bet365,Win,1.43
,,Sheff Wed v Coventry ,,England Championship,Under 11.5 Asian Corners,1.5,1.93,1.66,116.27%,Bet365,Win,1.40
,,Dinamo Zagreb v HNK Gorica,,Croatia HNL,Dinamo Zagreb -4 AH Corners,1.5,1.98,1.7,116.47%,Bet365,Loss,-1.50
,,Lazio v Napoli,,Italy Serie A,Under 6 Asian Total Cards,1.5,1.95,1.47,132.65%,Bet365,Win,1.43
,16/2,Slovan Liberec v Mlada Boleslav,,Czechia First League,Slovan Liberec -1 AH Corners,1.5,1.85,1.61,114.91%,Bet365,Loss,-1.50
,,Jagiellonia Bialystok v Motor Lubin,,Poland Ekstraklasa,Jagiellonia Bialystok -1 AH Corners,1.5,1.90,1.58,120.25%,Bet365,Loss,-1.50
,,Liverpool v Wolves,,Premier League,Under 11 Asian Corners,1,1.95,1.75,111.43%,Bet365,Win,0.95
,,Liverpool v Wolves,,Premier League,Under 8.5 Corners,0.25,4.00,N/A,,Bet365,Win,0.75
,18/2,Atalanta v Club Brugge,,UEFA Champions League,Under 10 Asian Corners,1.5,1.90,1.69,112.43%,Bet365,Loss,-1.50
,,Atalanta v Club Brugge,,UEFA Champions League,Under 7.5 Corners,0.25,4.00,N/A,,Bet365,Loss,-0.25
,,Benfica v Monaco,,UEFA Champions League,Under 10 Asian Corners,1,1.90,1.75,108.57%,Bet365,Win,0.90
,,Benfica v Monaco	,,UEFA Champions League,Over 4 Asian Total Cards,1,1.90,N/A,,Bet365,Loss,-1.00
,20/2,FCSB v PAOK,,UEFA Europa League,PAOK +0.5 AH Cards,1,2.00,1.8,111.11%,Bet365,Win,1.00
,22/2,Ipswich v Tottenham,,Premier League,Under 4.5 Asian Total Cards,1.5,2.05,N/A,,Bet365,Win,1.58
,,Aston Villa v Chelsea,,Premier League,Chelsea 0.0 AH Cards,1.5,1.90,N/A,,Bet365,Win,1.35
,,Valencia v Atletico Madrid,,Spain La Liga,Under 5.5 Asian Total Cards,1,1.88,N/A,,Bet365,Win,0.88
,,Al Kholood v Al Wahda ,,Saudi Arabia Professional League,Over 9.5 Asian Corners,1,2.00,1.81,110.50%,Bet365,Loss,-1.00
,,CD Alaves v Espanyol,,Spain La Liga,Espanyol -0.5 AH Cards,2,2.00,1.71,116.96%,Bet365,Loss,-2.00
,23/2,Orlando City v Philadelphia Union,,USA MLS,Philadelphia Union +2 AH Corners,1.5,2.00,1.89,105.82%,Bet365,Win,1.50
,,Bangkok Utd v Nong Bua Pitchaya,,Thailand League 1 ,Over 9.5 Asian Corners,1,1.83,1.6,114.38%,Bet365,Loss,-1.00
,,Nice v Montpellier,,France Ligue 1,Under 5 Asian Total Cards,1.5,1.75,N/A,,Bet365,Win,1.13
,25/2,Barcelona v Atletico Madrid,,Spain Super Cup,Barcelona +1 AH Cards,1,1.80,1.85,97.30%,Bet365,Loss,-1.00
,,Chelsea v Southampton,,Premier League,Under 4.5 Asian Total Cards,1.5,1.85,N/A,,Bet365,Win,1.28
,26/2,Real Sociedad v Real Madrid,,Spain Super Cup,Under 5 Asian Total Cards,1,1.95,1.81,107.73%,Bet365,Win,0.95
,,Real Sociedad v Real Madrid,,Spain Super Cup,Real Madrid +0.5 AH Cards,1,1.83,1.75,104.57%,Bet365,Win,0.83
,,Tottenham v Man City,,Premier League,Under 4.5 Asian Total Cards,1,1.83,1.62,112.96%,Bet365,Win,0.83
,27/2,Galatasaray v Konyaspor,,Turkey Cup,Galatasaray -2.5 AH Corners,1,1.90,1.62,117.28%,Bet365,Win,0.90
,1/3,PSG v Lille,,France Ligue 1,Lille -0.5 AH Cards,1,1.80,1.69,106.51%,Bet365,Win,0.80
,,Union Saint Gilloise v Dender,,Belgium Pro League,Union Saint Gilloise -2.5 AH Corners,1,1.85,1.66,111.45%,Bet365,Loss,-1.00
,,Almeria v Malaga,,Spain La Liga 2 ,Malaga +2.5 AH Corners,1,2.00,1.84,108.70%,Bet365,Loss,-1.00
,2/3,Xamax v Bellinzona,,Switzerland Challenge League,Over 8.5 Asian Corners,1,1.83,1.64,111.59%,Bet365,Loss,-1.00
,,Xamax v Bellinzona,,Switzerland Challenge League,Over 10.5 Corners,0.25,3.25,N/A,,Bet365,Loss,-0.25
,,Tottenham Women v Man City Women,,England Women Super League,Man City Women -2.5 AH Corners,1,1.90,1.60,118.75%,Bet365,Loss,-1.00
,,Bologna v Cagliari,,Italy Serie A,Bologna -2.5 AH Corners,1,1.85,1.67,110.78%,Bet365,Win,0.85
,,Man Utd v Fulham,,England FA Cup,Fulham +0.5 AH Corners,1,1.90,1.70,111.76%,Bet365,Win,0.90
,3/3,Slavia Sofia v Botev Plovdiv,,Bulgaria First League,Under 10 Asian Corners,1,1.85,1.75,105.71%,Bet365,Win,0.85
,,Nottm Forest v Ipswich,,England FA Cup,Nottm Forest -1.5 AH Corners,1,2.00,1.72,116.28%,Bet365,Win,1.00
,,Union Magdalena v Deportivo Cali,,Colombia Primera A ,Over 4 FH Asian Corners,1,1.90,N/A,,Bet365,Win,0.90
,4/3,Dortmund v Lille,,UEFA Champions League,Under 4 Asian Total Cards,1,1.78,1.65,107.88%,Bet365,Win,0.78
,5/3,Bayern Munich v Bayer Leverkusen,,UEFA Champions League,Under 4 Asian Total Cards,1,1.70,N/A,,Bet365,Loss,-1.00
,8/3,Bayer Leverkusen v Werder Bremem,,Germany Bundesliga,Werder Bremen -0.5 AH Cards,1,1.85,1.77,104.52%,Bet365,Loss,-1.00
,,Melbourne Victory v Central Coast Mariners,,Australia A-League,Under 3.5 Asian Total Cards,1,2.03,1.85,109.73%,Bet365,Loss,-1.00
,,Dortmund v Augsburg,,Germany Bundesliga,Under 10 Asian Corners,1,1.90,1.71,111.11%,Bet365,Loss,-1.00
,,Dortmund v Augsburg,,Germany Bundesliga,Under 7.5 Corners,0.25,4.00,N/A,,Bet365,Loss,-0.25
,,Sunderland v Cardiff ,,England Champiosnhip,Sunderland -2.5 AH Corners,1,1.88,1.72,109.30%,Bet365,Loss,-1.00
,,Derby v Blackburn ,,England Champiosnhip,Blackburn +1 AH Corners,1,2.03,1.72,118.02%,Bet365,Win,1.03
,,Liverpool v Southampton,,Premier League,Liverpool +1 AH Cards,2,2.08,1.76,118.18%,Bet365,Win,2.16
,,Valencia v Valladolid,,Spain La Liga   ,Under 5.5 Asian Total Cards,1.5,1.95,1.60,121.88%,Bet365,Win,1.43
,9/3,Levski Sofia v Slavia Sofia,,Bulgaria First League,Under 9.5 Asian Corners,1,1.95,1.72,113.37%,Bet365,Loss,-1.00
,,Hannover 96 v Eintracht Braunschweig,,Germany Bundesliga 2,Eintracht Braunschweig +2.5 AH Corners,1,1.95,1.75,111.43%,Bet365,Win,0.95
,,Chelsea v Leicester,,Premier League,Under 4 Asian Total Cards,1,1.95,N/A,,Bet365,Win,0.95
,,Westerlo v Anderlecht,,Belgium Pro League,Anderlecht +0.5 AH Corners,1,1.83,1.63,112.27%,Bet365,Win,0.83
,,Man Utd v Arsenal,,Premier League,Under 4 Asian Total Cards,1,1.83,N/A,,Bet365,Win,0.83
,,Pardubice v Plzen,,Czech Republic Czech Liga,Under 10.5 Asian Corners,1,1.88,1.68,111.90%,Bet365,Loss,-1.00
,,Athletic Bilbao v Mallorca,,Spain La Liga,Under 4.5 Asian Total Cards,1,2.10,1.85,113.51%,Bet365,Win,1.10
,12/3,Atletico Madrid v Real Madrid,,UEFA Champions League,Real Madrid +0.5 AH Cards,1,1.90,1.74,109.20%,Bet365,Win,0.90
,,Atletico Madrid v Real Madrid,,UEFA Champions League,Real Madrid 0.0 Card Handicap,0.25,3.10,N/A,,Bet365,Loss,-0.25
,13/3,Olympiakos v Bodo Glimt,,UEFA Europa League,Under 4.5 Asian Total Cards,1,1.95,N/A,,Bet365,Loss,-1.00
,,Al Shabab v Al Orubah,,Saudi Arabia Professional League,Al Shabab -2.5 AH Corners,1.5,1.85,1.62,114.20%,Bet365,Win,1.28
,14/3,Genoa v Lecce	,,Italy Serie A,Lecce 0.0 AH Cards,1.5,1.80,1.56,115.38%,Bet365,Loss,-1.50
,15/3,Everton v West Ham,,Premier League,Everton 0.0 AH Cards,1,2.03,1.83,110.93%,Bet365,Loss,-1.00
,,New York Red Bulls v Orlando City,,USA MLS,Orlando City +0.5 AH Corners,1,2.00,1.85,108.11%,Bet365,Win,1.00
,16/3,Roma v Cagliari,,Italy Serie A,Under 4.5 Asian Total Cards,1.5,1.85,N/A,,Bet365,Win,1.28
,,Bologna v Lazio,,Italy Serie A,Lazio 0.0 AH Cards,1.5,1.85,N/A,,Bet365,Win,1.28
,,Liverpool v Newcastle,,EFL Cup,Over 10 Asian Corners,1.5,1.95,1.65,118.18%,Bet365,Win,1.43
,,Stuttgart v Bayer Leverkusen,,Germany Bundesliga,Stuttgart 0.0 AH Cards,1,2.20,1.92,114.58%,Bet365,Win,1.20
,23/3,France v Croatia,,UEFA Nations League A,France -4 Corner Handicap,1.5,2.10,1.70,123.53%,Paddy Power,Win,1.65
,,France v Croatia,,UEFA Nations League A,Over 9.5 Corners,1,2.00,1.73,115.61%,Paddy Power,Win,1.00
,,France v Croatia,,UEFA Nations League A,Over 10.5 Corners,0.4,2.60,2.20,118.18%,Paddy Power,Win,0.64
,,France v Croatia,,UEFA Nations League A,Over 11.5 Corners,0.3,3.60,N/A,,Paddy Power,Win,0.78
,,France v Croatia,,UEFA Nations League A,Over 12.5 Corners,0.2,5.50,N/A,,Paddy Power,Win,0.90
,,France v Croatia,,UEFA Nations League A,Over 13.5 Corners,0.1,7.50,N/A,,Paddy Power,Win,0.65
,,Germany v Italy,,UEFA Nations League A,Under 4 Asian Total Cards,1,1.90,1.79,106.15%,Bet365,Loss,-1.00
,28/3,Macathur FC v Newcastle Jets,,Australia A-League,Newcastle Jets +0.5 AH Cards,1,2.00,1.78,112.36%,Bet365,Win,1.00
,29/3,Como v Empoli,,Italy Serie A,Como +1 AH Cards,1,1.90,1.67,113.77%,Bet365,Loss,-1.00
,,Middlesbrough v Oxford Utd,,England Championship,Middlesbrough +0.5 AH Cards,1,2.05,1.76,116.48%,Bet365,Loss,-1.00
,,Reims v Marseille,,France Ligue 1,Marseille +0.5 AH Cards,1,1.95,1.72,113.37%,Bet365,Win,0.95
,,St Etienne v PSG,,France Ligue 1,PSG +0.5 AH Cards,1,2.35,2.13,110.33%,Bet365,Loss,-1.00
,,Toronto FC v Vancouver Whitecaps,,USA MLS,Vancouver Whitecaps +0.5 AH Cards,1,1.95,N/A,,Bet365,Win,0.95
,,New England Revolution v New York Red Bulls,,USA MLS,Over 4 Asian Total Cards,1,2.00,1.98,101.01%,Bet365,Win,1.00
,30/3,FC Dallas v Sporting Kansas City,,USA MLS,Over 3.5 Asian Total Cards,1,1.90,N/A,,Bet365,Loss,-1.00
,,San Jose Earthquakes v Seattle Sounders FC,,USA MLS,Over 3.5 Asian Total Cards,1,1.90,N/A,,Bet365,Loss,-1.00
,,St Louis City SC v Austin FC,,USA MLS,Austin FC 0.0 AH Cards,1,2.08,1.83,113.66%,Bet365,Win,1.08
,,Portland Timbers v Houston Dynamo,,USA MLS,Houston Dynamo 0 Card Handicap,1,2.25,1.93,116.58%,Bet365,Loss,-1.00
,,Getafe v Villarreal,,Spain La Liga,Villarreal +0.5 AH Cards,1,1.95,1.87,104.28%,Bet365,Win,0.95
,,Fiorentina v Atalanta,,Italy Serie A,Fiorentina +0.5 AH Cards,1.5,1.85,N/A,,Bet365,Loss,-1.50
,,Inter v Udinese,,Italy Serie A,Udinese -0.5 AH Cards,1.5,1.90,N/A,,Bet365,Loss,-1.50
,,Napoli v AC Milan,,Italy Serie A,Under 4.5 Asian Total Cards,1.5,1.85,N/A,,Bet365,Win,1.28
,31/3,Celta Vigo v Las Palmas,,Spain La Liga,Under 5.5 Asian Total Cards,1,1.83,N/A,,Bet365,Win,0.83
,1/4,Empoli v Bologna,,Coppa Italia,Bologna +0.5 AH Cards,1,1.98,1.78,111.24%,Bet365,Win,0.98
,,Arsenal v Fulham,,Premier League,Under 4.5 Asian Total Cards,1,1.83,N/A,,Bet365,Win,0.83
,,Wolves v West Ham,,Premier League,Over 3.5 Asian Total Cards,1,1.95,N/A,,Bet365,Win,0.95
,,Boston River v Guarani Asuncion,,Copa Sudamerica,Boston River -1 AH Corners,1,1.85,1.72,107.56%,Bet365,Win,0.85
,,Union Santa Fe v Cruzeiro,,Copa Sudamerica,Union Santa Fe -0.5 AH Corners,1,1.88,1.69,111.24%,Bet365,Win,0.88
,,Nacional Potosi v CA Independiente,,Copa Sudamerica,CA Independiente +2 AH Corners,1,1.93,1.71,112.87%,Bet365,Win,0.93
,2/4,Corinthians v Huracan,,Copa Sudamerica,Huracan +2.5 AH Corners,1,1.83,1.71,107.02%,Bet365,Win,0.83
,3/4,Racing Club de Montevideo v America de Cali,,Copa Sudamerica,Racing Club de Montevideo +1 AH Corners,1,1.85,1.69,109.47%,Bet365,Win,0.85
,,Chelsea v Tottenham,,Premier League,Under 5 Asian Total Cards,1,1.90,N/A,,Bet365,Loss,-1.00
,,Double,Chelsea v Tottenham,Premier League,Under 5 Asian Total Cards,0.5,3.71,,#DIV/0!,Bet365,Loss,-0.50
,,,Wolves v West Ham,,Over 3.5 Asian Total Cards,,,,,,,
,,Academia Puerto Cabello v Lanus,,Copa Sudamerica,Lanus -1 AH Corners,1,1.85,1.76,105.11%,Bet365,Loss,-1.00
,4/4,Mushuc Runa v Palestino,,Copa Sudamerica,Palestino +2.5 AH Corners,1,1.78,1.93,92.23%,Bet365,Win,0.78
,,Rayo Vallecano v Espanyol,,Spain La Liga,Espanyol -0.5 AH Cards,1,2.00,1.74,114.94%,Bet365,Loss,-1.00
,5/4,Western Utd v Perth Glory,,Australia A-League,Over 3 Asian Total Cards,1,1.95,N/A,,Bet365,Loss,-1.00
,,Everton v Arsenal,,Premier League,Arsenal +0.5 AH Cards,1,2.00,1.74,114.94%,Bet365,Loss,-1.00
,,Freiburg v Dortmund,,Germany Bundesliga,Dortmund 0.0 AH Cards,1,1.88,1.66,113.25%,Bet365,Loss,-1.00
,,Bochum v Stuttgart,,Germany Bundesliga,Under 4.5 Asian Total Cards,1,1.88,1.62,116.05%,Bet365,Win,0.88
,,Luton v Leeds,,England Championship,Over 3.5 Asian Total Cards,1,2.05,1.95,105.13%,Bet365,Loss,-1.00
,,Aston Villa v Nottm Forest,,Premier League,Aston Villa +0.5 AH Cards,1,2.03,1.83,110.93%,Bet365,Win,1.03
,,Charlotte FC v Nashville,,USA MLS,Under 4 Asian Total Cards,1,1.93,1.72,112.21%,Bet365,Loss,-1.00
,6/4,Columbus Crew v CF Montreal,,USA MLS,Columbus Crew +1 AH Cards,1,1.90,1.66,114.46%,Bet365,Loss,-1.00
,,FC Cincinnati v New England Revolution ,,USA MLS,FC Cincinnati +0.5 AH Cards,1,1.90,1.68,113.10%,Bet365,Win,0.90
,,New York Red Bulls v Chicago Fire,,USA MLS,Over 3.5 Asian Total Cards,1,2.10,N/A,,Bet365,Loss,-1.00
,,Philadelphia Union v Orlando City,,USA MLS,Under 4.5 Asian Total Cards,1,2.08,1.82,114.29%,Bet365,Loss,-1.00
,,Houston Dynamo v LAFC,,USA MLS,Over 4.5 Asian Total Cards,1,2.10,1.88,111.70%,Bet365,Win,1.10
,,Sporting Kansas City v St Louis City,,USA MLS,Over 4 Asian Total Cards,1,1.88,N/A,,Bet365,Loss,-1.00
,,Las Palmas v Real Sociedad,,Spain La Liga,Over 5 Asian Total Cards,2,2.03,1.92,105.73%,Bet365,Loss,-2.00
,,Torino v Verona,,Italy Serie A,Verona Most Cards,1,1.91,1.79,106.70%,Paddy Power,Loss,-1.00
,,Tottenham v Southampton,,Premier League,Tottenham +1 AH Cards,1,2.00,1.7,117.65%,Bet365,Win,1.00
,,Brentford v Chelsea,,Premier League,Chelsea 0.0 AH Cards,1.5,1.80,1.57,114.65%,Bet365,Win,1.20
,,New York City FC v Minnesota Utd,,USA MLS,New York City FC +0.5 AH Cards,1.5,2.00,1.7,117.65%,Bet365,Loss,-1.50
,,San Jose Earthquakes v DC Utd,,USA MLS,Under 5 Asian Total Cards,1,1.88,N/A,,Bet365,Win,0.88
,,Atalanta v Lazio,,Italy Serie A,Lazio 0.0 AH Cards,1,2.05,1.61,127.33%,Bet365,Win,1.05
,,Internacional v Cruzeiro,,Brazil Serie A,Internacional +1 AH Cards,1,1.95,N/A,,Bet365,Loss,-1.00
,7/4,Leicester v Newcastle ,,Premier League,Newcastle +0.5 AH Cards,1.5,2.00,1.83,109.29%,Bet365,Loss,-1.50
,,Leicester v Newcastle ,,Premier League,Under 4.5 Cards,1.5,1.67,N/A,,Paddy Power,Win,1.01
,,Leicester v Newcastle ,,Premier League,Under 3.5 Cards,0.5,2.50,1.91,130.89%,Paddy Power,Win,0.75
,,Leicester v Newcastle ,,Premier League,Under 2.5 Cards,0.25,4.50,N/A,,Paddy Power,Win,0.88
,,Leicester v Newcastle ,,Premier League,Under 1.5 Cards,0.15,9.00,N/A,,Paddy Power,Loss,-0.15
,,Leicester v Newcastle ,,Premier League,Under 0.5 Cards,0.1,26.00,N/A,,Paddy Power,Loss,-0.10
,10/4,NK Celje v Fiorentina,,UEFA Conference League,Fiorentina +0.5 AH Cards,1,2.00,1.75,114.29%,Bet365,Win,1.00
,11/4,Melbourne City v Brisbane Roar,,Australia A-League,Melbourne City +1 AH Cards,1.5,1.80,N/A,,Bet365,Win,1.20
,,Melbourne City v Brisbane Roar,,Australia A-League,Melbourne City -2 AH Corners,1,2.00,N/A,,Bet365,Win,1.00
,,Melbourne City v Brisbane Roar,,Australia A-League,Under 9.5 Asian Corners,1,1.98,N/A,,Bet365,Win,0.98
,12/4,Bayern Munich v Dortmund,,Germany Bundesliga,Dortmund Most Cards,2,2.00,1.74,114.94%,Paddy Power,Loss,-2.00
,,QPR v Bristol City,,England Championship,Bristol City 0.0 AH Cards,1,1.93,1.73,111.56%,Bet365,Loss,-1.00
,,Sheff Wed v Oxford Utd,,England Championship,Oxford Utd 0.0 AH Cards,1,1.85,1.57,117.83%,Bet365,Win,0.85
,,Sunderland v Swansea,,England Championship,Swansea 0.0 AH Cards,1,1.85,1.63,113.50%,Bet365,Win,0.85
,,Celta Vigo v Espanyol,,Spain La Liga,Over 4.5 Asian Total Cards,1,2.00,1.85,108.11%,Bet365,Loss,-1.00
,,Hoffenheim v Mainz,,Germany Bundesliga,Mainz 0.0 AH Cards,1,1.95,1.76,110.80%,Bet365,Loss,-1.00
,13/4,Osasuna v Girona,,Spain La Liga,Over 4 Asian Total Cards,1,1.95,N/A,,Bet365,Loss,-1.00
,,Le Havre v Rennes,,France Ligue 1,Rennes 0.0 AH Cards,1,2.08,1.88,110.64%,Bet365,Win,1.08
,,Betis v Villarreal,,Spain La Liga,Under 6.5 Asian Total Cards,1.5,1.90,N/A,,Bet365,Win,1.35
,,Lazio v Roma,,Italy Serie A,Under 7 Asian Total Cards,1,2.03,1.59,127.67%,Bet365,Win,1.03
,,Auxerre v Lyon,,France Ligue 1,Lyon +0.5 AH Cards,1,1.93,1.71,112.87%,Bet365,Loss,-1.00
,16/4,Inter v Bayern Munich,,UEFA Champions League,Bayern Munich 0.0 AH Cards,1,2.00,1.88,106.38%,Bet365,Win,1.00
,18/4,Middlesbrough v Plymouth,,England Championship,Under 3.5 Cards,0.5,2.30,1.86,123.66%,Paddy Power,Win,0.65
,,Swansea v Hull,,England Championship,Under 4 Asian Total Cards,1,1.95,N/A,,Bet365,Loss,-1.00
,19/4,RB Leipzig v Kiel,,Germany Bundesliga,Under 4.5 Asian Total Cards,2,1.95,N/A,,Bet365,Win,1.90
,,Crystal Palace v Bournemouth,,Premier League,Bournemouth 0.0 AH Cards,1,1.85,1.66,111.45%,Bet365,Loss,-1.00
,,West Ham v Southampton,,Premier League,Under 3.5 Cards,1.5,1.83,1.59,115.09%,Paddy Power,Win,1.25
,,Aston Villa v Newcastle,,Premier League,Under 4.5 Cards,1,2.00,1.78,112.36%,SpreadEx,Win,1.00
,,Monaco v Strasbourg,,France Ligue 1,Under 4 Asian Total Cards,1,1.75,1.59,110.06%,Bet365,Loss,-1.00
,,Austin FC v LA Galaxy,,USA MLS,LA Galaxy +0.5 AH Cards,1.5,2.05,1.72,119.19%,Bet365,Win,1.58
,,Austin FC v LA Galaxy,,USA MLS,Under 5.5 Asian Total Cards,1,1.65,N/A,,Bet365,Loss,-1.00
,,Marseille v Montpellier,,France Ligue 1,Under 4.5 Asian Total Cards,1,1.65,N/A,,Bet365,Win,0.65
,20/4,San Jose Earthquakes v Sporting KC,,USA MLS,San Jose Earthquakes +0.5 AH Cards,1,1.90,N/A,,Bet365,Win,0.90
,,Ipswich v Arsenal,,Premier League,Under 3.5 Cards,1.5,2.38,1.83,130.05%,SpreadEx,Win,2.07
,,Fulham v Chelsea,,Premier League,Chelsea 0.0 AH Cards,1,1.90,1.68,113.10%,Bet365,Win,0.90
,,Sevilla v Alaves,,Spain La Liga,Over 5.5 Cards,1.5,2.38,2.09,113.88%,Paddy Power,Loss,-1.50
,,Nice v Angers,,France Ligue 1,Under 4 Asian Total Cards,1,1.90,N/A,,Bet365,Win,0.90
,,AC Milan v Atalanta,,Italy Serie A,Under 4.5 Asian Total Cards,1,1.90,N/A,,Bet365,Win,0.90
,21/4,Hull v Preston,,England Championship,Under 4 Asian Total Cards,1,1.98,N/A,,Bet365,Win,0.98
,,Luton v Bristol City,,England Championship,Under 4 Asian Total Cards,1,1.80,N/A,,Bet365,Win,0.80
,,Millwall v Norwich,,England Championship,Norwich 0.0 AH Cards,1,2.00,1.93,103.63%,Bet365,Win,1.00
,,Portsmouth v Watford,,England Championship,Watford +0.5 AH Cards,1.5,1.85,N/A,,Bet365,Win,1.28
,22/4,Brisbane Roar v Adelaide Utd,,Australia A-League,Brisbane Roar 0.0 AH Cards,1,1.80,N/A,,Bet365,Win,0.80
,,Barcelona v Mallorca,,Spain La Liga,Mallorca 0.0 AH Cards,3,1.95,N/A,,Bet365,Win,2.85
,,Barcelona v Mallorca,,Spain La Liga,Under 4 Asian Total Cards,1,1.95,N/A,,Bet365,Win,0.95
,23/4,Parma v Juventus,,Italy Serie A,Under 3.5 Cards,1,2.05,1.85,110.81%,Paddy Power,Loss,-1.00
,,Genoa v Lazio,,Italy Serie A,Lazio 0.0 AH Cards,2,2.68,N/A,,Bet365,Loss,-2.00
,,Inter v AC Milan,,Coppa Italia,Inter -1 AH Corners,1,1.95,1.76,110.80%,Bet365,Loss,-1.00
,,Alaves v Real Sociedad,,Spain La Liga,Under 6 Asian Total Cards,1,1.90,N/A,,Bet365,Loss,-1.00
,24/4,Bologna v Empoli,,Coppa Italia,Empoli -0.5 AH Cards,1,1.80,N/A,,Bet365,Win,0.80
,,Bolivar v Palmeiras,,Copa Libertadores,Under 10.5 Corners,1,2.05,1.83,112.02%,Paddy Power,Loss,-1.00
,26/4,Hoffenheim v Dortmund ,,Germany Bundesliga,Under 4.5 Asian Total Cards,1,1.88,N/A,,Bet365,Loss,-1.00
,,Blackburn v Watford,,England Championship,Over 3.5 Asian Total Cards,1,2.00,1.76,113.64%,Bet365,Win,1.00
,,Oxford Utd v Sunderland,,England Championship,Sunderland 0.0 AH Cards,1,2.00,1.7,117.65%,Bet365,Loss,-1.00
,,Toronto FC v New York City FC,,USA MLS,Under 4.5 Asian Total Cards,1,1.80,N/A,,Bet365,Loss,-1.00
,,Lyon v Rennes,,France Ligue 1,Over 3.5 Asian Total Cards,1.5,2.00,N/A,,Bet365,Loss,-1.50
,,New York Red Bulls v CF Montreal,,USA MLS,Over 3.5 Asian Total Cards,1,1.75,N/A,,Bet365,Win,0.75
,27/4,Charlotte FC v New England Revolution,,USA MLS,Under 4.5 Asian Total Cards,1,1.90,N/A,,Bet365,Loss,-1.00
,,Columbus Crew v San Jose Earthquakes,,USA MLS,Under 4.5 Asian Total Cards,1,1.83,N/A,,Bet365,Win,0.83
,,Nashville SC v Chicago Fire,,USA MLS,Under 4.5 Asian Total Cards,1,1.75,N/A,,Bet365,Win,0.75
,,Auckland FC v Perth Glory,,Australia A-League,Over 2.5 Asian Total Cards,1,2.03,N/A,,Bet365,Win,1.03
,,Fiorentina v Empoli,,Italy Serie A,Under 4.5 Asian Total Cards,1,2.00,N/A,,Bet365,Loss,-1.00
,,Inter Miami v FC Dallas,,USA MLS,FC Dallas Most Cards,1,2.88,N/A,,Paddy Power,Win,1.88
,,Palmeiras v Bahia,,Brazil Serie A,Over 5 Asian Total Cards,1,1.90,1.79,106.15%,Bet365,Loss,-1.00
,,Vitoria v Gremio,,Brazil Serie A,Gremio 0.0 AH Cards,1,1.83,1.63,112.27%,Bet365,Loss,-1.00
,28/4,Udinese v Bologna,,Italy Serie A,Udinese Most Booking Points,1,2.20,1.95,112.82%,Sky Bet,Win,1.20
,29/4,Arsenal v PSG,,UEFA Champions League,Arsenal Most Corners & Under 5.5 Cards,1,2.54,,#DIV/0!,Bet365,Win,1.54
,2/5,Heidenheim v Bochum,,Germany Bundesliga,Under 4.5 Asian Total Cards,1,2.00,2.19,91.32%,Bet365,Win,1.00
,,Torino v Venezia,,Italy Serie A ,Torino +1 AH Cards,1,1.80,1.54,116.88%,Bet365,Win,0.80
,3/5,Western Utd v Auckland FC,,Australia A-League,Western Utd +0.5 AH Cards,1,1.90,N/A,,Bet365,Win,0.90
,,Coventry v Middlesbrough,,England Championship,Under 4.5 Asian Total Cards,1,1.85,N/A,,Bet365,Win,0.85
,,Derby v Stoke,,England Championship,Stoke Most Cards,1,2.20,N/A,,Bet365,Loss,-1.00
,,Portsmouth v Hull,,England Championship,Portsmouth +0.5 AH Cards,1.5,2.00,1.69,118.34%,Bet365,Loss,-1.50
,,West Brom v Luton,,England Championship,West Brom +0.5 AH Cards,1.5,2.10,1.88,111.70%,Bet365,Win,1.65
,,Aston Villa v Fulham,,Premier League,Under 4.5 Asian Total Cards,1,1.93,N/A,,Bet365,Win,0.93
,,RB Leipzig v Bayern Munich,,Germany Bundesliga ,RB Leipzig 0.0 AH Cards,1.5,2.10,1.76,119.32%,Bet365,Win,1.65
,,RB Leipzig v Bayern Munich,,Germany Bundesliga ,Under 4.5 Asian Total Cards,1.5,1.90,N/A,,Bet365,Win,1.35
,,Union Berlin v Werder Bremen,,Germany Bundesliga,Over 3.5 Asian Total Cards,1,1.85,N/A,,Bet365,Win,0.85
,4/5,San Jose Earthquakes v Portland Timbers,,USA MLS,San Jose Earthquakes +0.5 AH Cards,1,1.90,N/A,,Bet365,Win,0.90
,,Brighton v Newcastle ,,Premier League,Brighton 0.0 AH Cards,1,2.10,1.8,116.67%,Bet365,Win,1.10
,,West Ham v Tottenham,,Premier League,Tottenham +0 Card Handicap,1,3.25,N/A,,Bet365,Loss,-1.00
,,Monza v Atalanta,,Italy Serie A,Atalanta +0.5 AH Cards,1,2.00,1.75,114.29%,Bet365,Win,1.00
,,Empoli v Lazio,,Italy Serie A,Under 5 Asian Total Cards,1,1.80,N/A,,Bet365,Loss,-1.00
,5/5,Girona v Mallorca,,Spain La Liga,Under 5 Asian Total Cards,1,1.90,N/A,,Bet365,Win,0.90
,,Crystal Palace v Nottm Forest,,Premier League,Nottm Forest 0.0 AH Cards,1,1.78,1.65,107.88%,Bet365,Win,0.78
,6/5,Juventude v Atletico Mineiro,,Brazil Serie A,Under 6 Asian Total Cards,1,1.78,N/A,,Bet365,Win,0.78
,7/5,PSG v Arsenal,,UEFA Champions League,Arsenal 0.0 AH Cards,1.5,1.73,1.61,107.45%,Paddy Power,Win,1.10
,8/5,Bodo Glimt v Tottenham,,UEFA Europa League,Bodo Glimt Most Corners,0.25,3.60,,#DIV/0!,Bet365,Loss,-0.25
,,Chelsea v Djurgarden,,UEFA Conference League,Chelsea +1 AH Cards,1,1.80,1.6,112.50%,Bet365,Win,0.80
,9/5,Coventry v Sunderland,,England Championship,Coventry +0.5 AH Cards,1,1.98,1.78,111.24%,Bet365,Win,0.98
,10/5,Valencia v Getafe,,Spain La Liga,Valencia +1 AH Cards,1,2.05,1.85,110.81%,Bet365,Loss,-1.00
,,Como v Cagliari,,Italy Serie A,Over 3.5 Asian Total Cards,1,2.05,N/A,,Bet365,Win,1.05
,,Southampton v Man City,,Premier League,Under 3.5 Asian Total Cards,1.5,1.95,1.56,125.00%,Bet365,Win,1.43
,,Bournemouth v Aston Villa,,Premier League,Bournemouth 0.0 AH Cards,1,1.90,1.72,110.47%,Bet365,Loss,-1.00
,,Chicago Fire v Atlanta Utd,,USA MLS,Over 3.5 Asian Total Cards,1,1.90,N/A,,Bet365,Win,0.90
,,Auxerre v Nantes,,France Ligue 1,Over 3 Asian Total Cards,1,1.78,N/A,,Bet365,Win,0.78
,11/5,New York Red Bulls v LA Galaxy,,USA MLS,Over 4 Asian Total Cards,1.5,2.05,N/A,,Bet365,Win,1.58
,,Udinese v Monza,,Italy Serie A,Over 3 Asian Total Cards,1,1.95,N/A,,Bet365,Win,0.95
,,Southampton v Man City,,Premier League,Under 3.5 Asian Total Cards,0.25,1.95,1.56,125.00%,Bet365,Win,0.24
,,Newcastle v Chelsea,,Premier League,Under 5 Asian Total Cards,1,2.00,N/A,,Bet365,Loss,-1.00
,,Nottm Forest v Leicester,,Premier League,Over 3.5 Asian Total Cards,1,2.00,1.79,111.73%,Bet365,Loss,-1.00
,,Liverpool v Arsenal,,Premier League,Under 4 Asian Total Cards,1,1.90,N/A,,Bet365,Loss,-1.00
,13/5,Sunderland v Coventry,,England Championship,Coventry Most Corners,2.5,2.50,1.89,132.28%,Sky Bet,Win,3.75
,14/5,Alaves v Valencia,,Spain La Liga,Alaves 0.0 AH Cards,1,2.08,1.77,117.51%,Bet365,Win,1.08
,,Real Madrid v Mallorca,,Spain La Liga,Real Madrid +1 AH Cards,1,1.78,1.59,111.95%,Bet365,Loss,-1.00
,,Real Madrid v Mallorca,,Spain La Liga,Real Madrid +0 Card Handicap,0.25,5.00,N/A,,Bet365,Loss,-0.25
,15/5,San Diego FC v Colorado Rapids,,USA MLS,Under 4.5 Asian Total Cards,1,1.90,N/A,,Bet365,Loss,-1.00
,,Espanyol v Barcelona,,Spain La Liga,Barcelona +1 AH Cards,1,1.88,1.74,108.05%,Bet365,Loss,-1.00
,16/5,Aston Villa v Tottenham,,Premier League,Under 11 Asian Corners,1,1.95,1.83,106.56%,Bet365,Win,0.95
,,Aston Villa v Tottenham,,Premier League,Over 3.5 Cards,1,2.15,N/A,,Paddy Power,Loss,-1.00
,,Chelsea v Man Utd,,Premier League,Under 4 Asian Total Cards,1,1.90,1.68,113.10%,Bet365,Loss,-1.00
,17/5,Dortmund v Kiel,,Germany Bundesliga,Under 3 Asian Total Cards,1,1.95,1.57,124.20%,Bet365,Loss,-1.00
,,St Pauli v Bochum,,Germany Bundesliga,Over 3 Asian Total Cards,1,2.00,N/A,,Bet365,Loss,-1.00
,,Heidenheim v Bremen,,Germany Bundesliga,Over 4 Asian Total Cards,1,1.98,1.68,117.86%,Bet365,Win,0.98
,,Marseille v Rennes,,France Ligue 1,Marseille -2 AH Corners,1,1.98,1.85,107.03%,Bet365,Loss,-1.00
,18/5,Atlanta Utd v Philadelphia Union,,USA MLS,Under 4.5 Asian Total Cards,1,1.95,N/A,,Bet365,Loss,-1.00
,,New England Revolution v San Jose Earthquakes,,USA MLS,Under 4.5 Asian Total Cards,1,1.83,N/A,,Bet365,Loss,-1.00
,,Portland Timbers v Seattle Sounders,,USA MLS,Under 5 Asian Total Cards,2,1.93,N/A,,Bet365,Win,1.86
,,Leicester v Ipswich ,,Premier League,Ipswich 0.0 AH Cards,1.5,1.98,1.59,124.53%,Bet365,Loss,-1.50
,,Arsenal v Newcastle,,Premier League,Over 4 Asian Total Cards,1.5,2.00,1.76,113.64%,Bet365,Win,1.50
,,Real Sociedad v Girona,,Spain La Liga,Real Sociedad -1 AH Corners,1,1.93,1.74,110.92%,Bet365,Win,0.93
,,Atletico Madrid v Betis,,Spain La Liga,Over 3.5 Asian Total Cards,1,2.03,N/A,,Bet365,Loss,-1.00
,,Valladolid v Alaves,,Spain La Liga,Valladolid 0.0 AH Cards,1.5,2.00,1.67,119.76%,Bet365,Loss,-1.50
,,Juventus v Udinese,,Italy Serie A,Udinese +3 AH Corners,1,1.90,1.81,104.97%,Bet365,Loss,-1.00
,,Juventus v Udinese,,Italy Serie A,Udinese 0.0 AH Cards,1.5,1.98,1.6,123.75%,Bet365,Win,1.47
,,Cagliari v Venezia,,Italy Serie A,Venezia -0.5 AH Cards,1,2.10,1.83,114.75%,Bet365,Loss,-1.00
,,Cagliari v Venezia,,Italy Serie A,Over 4 Asian Total Cards,1,1.95,1.7,114.71%,Bet365,Loss,-1.00
,,Inter v Lazio,,Italy Serie A,Under 4.5 Asian Total Cards,1,1.90,N/A,,Bet365,Win,0.90
,,Verona v Como,,Italy Serie A,Verona 0.0 AH Cards,1.5,2.05,1.46,140.41%,Bet365,Loss,-1.50
,,Juventude v Fluminense,,Brazil Serie A,Fluminense +0.5 AH Cards,1,2.03,1.77,114.69%,Bet365,Loss,-1.00
,,Flamengo v Botafogo,,Brazil Serie A,Under 6.5 Asian Total Cards,1,1.93,N/A,,Bet365,Win,0.93
,19/5,Inter Miami v Orlando City,,USA MLS,Under 5 Asian Total Cards,1.5,1.95,N/A,,Bet365,Win,1.43
,20/5,Crystal Palace v Wolves	,,Premier League,Over 2.5 Asian Total Cards,1,2.00,1.86,107.53%,Bet365,Win,1.00
,21/5,Tottenham v Man Utd,,UEFA Europa League,Over 4.5 Asian Total Cards,2,1.78,N/A,,Bet365,Win,1.56
,24/5,Melbourne City v Western Utd,,Australia A-League,Western Utd Most Corners,0.75,3.00,2.16,138.89%,Sky Bet,Loss,-0.75
,,Sheff Utd v Sunderland,,England Championship,Sheff Utd Most Corners,1,2.00,1.84,108.70%,Paddy Power,Loss,-1.00
,,Sheff Utd v Sunderland,,England Championship,Sheff Utd -1 Corner Handicap,0.5,2.50,2.26,110.62%,Paddy Power,Loss,-0.50
,,Espanyol v Las Palmas,,Spain La Liga,Las Palmas 0.0 AH Cards,1,2.00,1.81,110.50%,Bet365,Loss,-1.00
,,Leganes v Valladolid,,Spain La Liga,Valladolid 0.0 AH Cards,2,2.00,1.7,117.65%,Bet365,Win,2.00
,25/5,Gremio v Bahia,,Brazil Serie A,Under 5.5 Asian Total Cards,1,1.90,N/A,,Bet365,Loss,-1.00
,,Man Utd v Aston Villa,,Premier League,Man Utd 0.0 AH Cards,1,1.95,1.75,111.43%,Bet365,Loss,-1.00
,,Bournemouth v Leicester,,Premier League,Over 2.5 Asian Total Cards,1.5,1.8,N/A,,Bet365,Loss,-1.50
,,Newcastle v Everton,,Premier League,Under 3.5 Asian Total Cards,1,1.83,1.7,107.65%,Bet365,Loss,-1.00
,,Empoli v Verona,,Italy Serie A,Verona -0.5 AH Cards,1,1.98,1.83,108.20%,Bet365,Loss,-1.00
,,Atalanta v Parma,,Italy Serie A,Under 3 Asian Total Cards,1,1.93,1.77,109.04%,Bet365,Win,0.93
,,Athletic Club v Barcelona,,Spain La Liga,Athletic Club 0.0 AH Cards,1.5,2.03,1.64,123.78%,Bet365,Win,1.55
,26/5,Atlanta Utd v Cincinnati,,USA MLS,Under 4.5 Asian Total Cards,1,1.8,N/A,,Bet365,Win,0.80
,,AFC Wimbledon v Walsall,,England League 2 ,Under 9.5 Asian Corners,1,1.8,1.53,117.65%,Bet365,Win,0.80
,,AFC Wimbledon v Walsall,,England League 2 ,Under 7.5 Corners,0.25,3.25,2.66,122.18%,Bet365,Win,0.56
,,KFUM v Valerenga,,Norway Eliteserien,Under 9.5 Asian Corners,1,1.8,1.66,108.43%,Bet365,Loss,-1.00
,,KFUM v Valerenga,,Norway Eliteserien,Under 7.5 Corners,0.25,3.25,N/A,,Bet365,Loss,-0.25
,28/5,Betis v Chelsea	,,UEFA Conference League,Chelsea 0.0 AH Cards,1,2,1.81,110.50%,Bet365,Win,1.00
,29/5,Columbus Crew v Nashville,,USA MLS,Under 4 Asian Total Cards,1.5,1.9,N/A,,Bet365,Loss,-1.50
,,Columbus Crew v Nashville,,USA MLS,Over 9 Asian Corners,1,2,1.79,111.73%,Bet365,Win,1.00
,,Austin FC v Real Salt Lake,,USA MLS,Under 4.5 Asian Total Cards,1,1.93,1.74,110.92%,Bet365,Win,0.93
,,Toronto FC v Philadelphia Union,,USA MLS,Toronto FC 0.0 AH Cards,1,2.1,1.85,113.51%,Bet365,Loss,-1.00
,,Treble,Columbus Crew v Nashville	,USA MLS,Over 9 Asian Corners,0.5,8.08,5.76,140.28%,Bet365,Loss,-0.50
,,,Austin FC v Real Salt Lake,,Under 4.5 Asian Total Cards,,,,,,,
,,,Toronto FC v Philadelphia Union	,,Toronto FC 0.0 AH Cards,,,,,,,
,31/5,Melbourne City v Melbourne Victory,,Australia A-League,Under 4.5 Asian Total Cards,1.5,1.78,N/A,,Bet365,Loss,-1.50
,,Melbourne City v Melbourne Victory,,Australia A-League,Under 3.5 Cards,0.5,2.62,2.32,112.93%,Bet365,Loss,-0.50
,,PSG v Inter,,UEFA Champions League,Inter 0.0 AH Cards,1.5,1.7,N/A,,Bet365,Win,1.05
,,PSG v Inter,,UEFA Champions League,Over 4.5 Cards,2,2.38,1.88,126.60%,Paddy Power,Win,2.76
,,PSG v Inter,,UEFA Champions League,Over 5.5 Cards,0.5,3.9,N/A,,Paddy Power,Loss,-0.50
,,PSG v Inter	,,UEFA Champions League,Over 6.5 Cards,0.25,7,N/A,,Paddy Power,Loss,-0.25
,1/6,Inter Miami v Columbus Crew,,USA MLS,Columbus Crew +1 AH Cards,1.5,1.75,1.55,112.90%,Bet365,Win,1.13
,,Inter Miami v Columbus Crew,,USA MLS,Under 4 Asian Total Cards,1,1.98,1.76,112.50%,Bet365,Win,0.98
,,FC Cincinnati v DC Utd,,USA MLS,Under 4 Asian Total Cards,1,2,1.79,111.73%,Bet365,Loss,-1.00
,,SK Brann v Kristiansund,,Norway Eliteserien,Kristiansund +4.5 AH Corners,1,2,1.77,112.99%,Bet365,Win,1.00
,,Ceara v Atletico MG,,Brazil Serie A,Over 5.5 Cards,1.5,2.5,1.91,130.89%,Paddy Power,Loss,-1.50
,,Corinthians v Vitoria,,Brazil Serie A,Over 5.5 Cards,1.5,2.5,2.01,124.38%,Paddy Power,Win,2.25
,,Double,Ceara v Atletico MG	,Brazil Serie A,Over 5.5 Cards,0.75,6.25,3.84,162.76%,Paddy Power,Loss,-0.75
,,,Corinthians v Vitoria	,,Over 5.5 Cards,,,,,,,
,3/6,Portugal Women v Belgium Women,,UEFA Nations League A Women,Under 9 Asian Corners,1,1.98,1.72,115.12%,Bet365,Loss,-1.00
,5/6,Kazakhstan U21 v Andorra U21,,UEFA Euro U21 Championship,Under 8.5 Asian Corners,1,2,1.72,116.28%,Bet365,Win,1.00
,,Kazakhstan U21 v Andorra U21,,UEFA Euro U21 Championship,Under 6.5 Corners,0.25,3.75,N/A,,Bet365,Win,0.69
,,Australia v Japan,,FIFA World Cup Qualifiers Asia,Japan 0.0 AH Corners,1,1.85,1.65,112.12%,Bet365,Win,0.85
,,Iraq v South Korea,,FIFA World Cup Qualifiers Asia,South Korea -0.5 AH Corners,1,1.9,1.6,118.75%,Bet365,Win,0.90
,,North Korea v Kyrgzstan,,FIFA World Cup Qualifiers Asia,North Korea -0.5 AH Corners,1,1.8,1.5,120.00%,Bet365,Win,0.80
,,Treble,Australia v Japan,FIFA World Cup Qualifiers Asia,Japan 0.0 AH Corners,0.25,6.32,3.96,159.60%,Bet365,Win,1.33
,,,Iraq v South Korea,,South Korea -0.5 AH Corners,,,,,,,
,,,North Korea v Kyrgzstan,,North Korea -0.5 AH Corners,,,,,,,
,,Spain v France,,UEFA Nations League ,Over 4.5 Cards,1,2.05,1.88,109.04%,Paddy Power,Win,1.05
,6/6,Ecuador v Brazil,,FIFA World Cup Qualifiers South America,Brazil Most Cards,1,3,N/A,,Paddy Power,Loss,-1.00
,,Chile v Argentina,,FIFA World Cup Qualifiers South America,Over 4.5 Cards,2,1.91,1.74,109.77%,Paddy Power,Win,1.82
,,Chile v Argentina,,FIFA World Cup Qualifiers South America,Over 5.5 Cards,0.6,3.1,N/A,,Paddy Power,Win,1.26
,,Chile v Argentina,,FIFA World Cup Qualifiers South America,Over 6.5 Cards,0.4,5,N/A,,Paddy Power,Loss,-0.40
,,Chile v Argentina,,FIFA World Cup Qualifiers South America,Over 7.5 Cards,0.25,9.5,N/A,,Paddy Power,Loss,-0.25
,,Chile v Argentina,,FIFA World Cup Qualifiers South America,Over 8.5 Cards,0.15,20,N/A,,Paddy Power,Loss,-0.15
,,Chile v Argentina,,FIFA World Cup Qualifiers South America,Over 9.5 Cards,0.1,51,N/A,,Paddy Power,Loss,-0.10
,,Gibraltar v Croatia,,FIFA World Cup Qualifiers Europe,Under 11.5 Asian Corners,1,1.95,1.61,121.12%,Bet365,Loss,-1.00
,,Gibraltar v Croatia,,FIFA World Cup Qualifiers Europe,Under 9.5 Corners,0.25,3.4,2.59,131.27%,Bet365,Loss,-0.25
,,Wales v Liechtenstein,,FIFA World Cup Qualifiers Europe,Under 3.5 Cards,1.5,2.3,1.79,128.49%,Paddy Power,Win,1.95
,,Wales v Liechtenstein,,FIFA World Cup Qualifiers Europe,Under 3.5 Cards,1.5,2.2,1.79,122.91%,Paddy Power,Win,1.80
,7/6,Albania v Serbia,,FIFA World Cup Qualifiers Europe,Under 7 Asian Total Cards,1,1.95,N/A,,Bet365,Win,0.95
,8/6,Colorado Rapids v Austin FC,,USA MLS,Colorado Rapids +0.5 AH Cards,1.5,1.9,1.66,114.46%,Bet365,Win,1.35
,9/6,Liechtenstein v Scotland,,International Friendlies,Liechtenstein +6.5 AH Corners,1,1.9,2.06,92.23%,Bet365,Loss,-1.00
,,Double,Liechtenstein v Scotland	,International Friendlies,Liechtenstein +6.5 AH Corners,0.25,3.7,3.48,106.32%,Bet365,Loss,-0.25
,,,Greece v Bulgaria,,Under 9.5 Asian Corners,,,,,,,
,,Estonia v Norway,,FIFA World Cup Qualifiers Europe,Under 3.5 Cards,3,2.3,1.79,128.49%,Paddy Power,Win,3.90
,10/6,Greece v Bulgaria,,International Friendlies,Under 9.5 Asian Corners,1,1.98,1.69,117.16%,Bet365,Win,0.98
,,Serbia v Andorra,,FIFA World Cup Qualifiers Europe,Serbia -6 Corner Handicap,1.5,2.25,2,112.50%,Paddy Power,Win,1.88
,,Finland v Poland,,FIFA World Cup Qualifiers Europe,Under 4.5 Cards,1.5,1.67,N/A,,Paddy Power,Win,1.01
,11/6,Uruguay v Venezuela,,FIFA World Cup Qualifiers South America,5+ Cards,1,2,2,100.00%,Paddy Power,Win,1.00
,,Argentina v Colombia ,,FIFA World Cup Qualifiers South America,5+ Cards,1,1.83,N/A,,Paddy Power,Win,0.83
,,Peru v Ecuador,,FIFA World Cup Qualifiers South America,5+ Cards,1,1.73,N/A,,Paddy Power,Win,0.73
,12/6,Finland U21 v Netherlands U21,,UEFA Euro U21,Under 4.5 Asian Total Cards,1,1.93,1.78,108.43%,Bet365,Win,0.93
,,Czech Republic U21 v England U21,,UEFA Euro U21,5+ Cards,1.25,2.1,1.92,109.38%,Paddy Power,Loss,-1.25
,,Czech Republic U21 v England U21,,UEFA Euro U21,6+ Cards,0.25,3.3,N/A,,Paddy Power,Loss,-0.25
,,Czech Republic U21 v England U21,,UEFA Euro U21,7+ Cards,0.15,5.5,N/A,,Paddy Power,Loss,-0.15
,,Czech Republic U21 v England U21,,UEFA Euro U21,8+ Cards,0.1,11,N/A,,Paddy Power,Loss,-0.10
,15/6,Al Ahly Cairo v Inter Miami,,FIFA Club World Cup,Under 4 Asian Total Cards,1,1.83,1.73,105.78%,Bet365,Loss,-1.00
,,Chicago Fire v Nashville,,USA MLS,Nashville +1 AH Cards,2,1.8,1.57,114.65%,Bet365,Win,1.60
,,Philadelphia Union v Charlotte FC,,USA MLS,Under 4.5 Asian Total Cards,1,1.95,1.83,106.56%,Bet365,Loss,-1.00
,,Columbus Crew v Vancouver Whitecaps,,USA MLS,Vancouver Whitecaps Most Cards,1.25,2.5,2.23,112.11%,Paddy Power,Loss,-1.25
,,Sporting KC v FC Dallas,,USA MLS,Over 4.5 Cards,1.25,2.5,2.2,113.64%,Paddy Power,Win,1.88
,,Austin FC v New York Red Bulls,,USA MLS,New York Red Bulls Most Cards,1.25,2.8,N/A,,Paddy Power,Win,2.25
,,Treble,Columbus Crew v Vancouver Whitecaps,USA MLS,Vancouver Whitecaps Most Cards,0.25,2.5,N/A,,Paddy Power,Loss,-0.25
,,,Sporting KC v FC Dallas,,Over 4.5 Cards,,,,,,,
,,,Austin FC v New York Red Bulls,,New York Red Bulls Most Cards,,,,,,,
,,Bayern Munich v Auckland City,,FIFA Club World Cup,Under 2.5 Cards,1,2.38,N/A,,Paddy Power,Win,1.38
,,Czech Republic U21 v Germany U21,,UEFA Euro U21,Germany U21 +1 AH Cards,1,1.85,1.68,110.12%,Bet365,Win,0.85
,,Czech Republic U21 v Germany U21,,UEFA Euro U21,Over 4 Asian Total Cards,1.5,1.95,1.86,104.84%,Bet365,Win,1.43
,16/6,Botafogo v Auckland City,,FIFA Club World Cup,Botafogo Most Cards,1,2.63,N/A,,Paddy Power,Loss,-1.00
,17/6,Fluminense v Dortmund,,FIFA Club World Cup,Over 3.5 Cards,1.25,1.7,N/A,,Paddy Power,Win,0.88
,,Fluminense v Dortmund,,FIFA Club World Cup,Over 4.5 Cards,0.5,2.7,2.47,109.31%,Paddy Power,Loss,-0.50
,,Fluminense v Dortmund,,FIFA Club World Cup,Over 5.5 Cards,0.25,5,N/A,,Paddy Power,Loss,-0.25
,,River Plate v Urawa Reds,,FIFA Club World Cup,Over 4.5 Cards,1.25,2.38,2,119.00%,Paddy Power,Win,1.73
,,River Plate v Urawa Reds,,FIFA Club World Cup,Over 5.5 Cards,0.5,4.33,N/A,,Paddy Power,Win,1.67
,,River Plate v Urawa Reds,,FIFA Club World Cup,Over 6.5 Cards,0.25,7,N/A,,Paddy Power,Loss,-0.25
,,Ulsan Hyundai v Mamelodi Sundowns	,,FIFA Club World Cup,Under 3.5 Cards,1,2.38,2.25,105.78%,Paddy Power,Win,1.38
,18/6,Man City v Wydad Casablanca,,FIFA Club World Cup,Man City +1.5 AH Cards,1,2,1.89,105.82%,Bet365,Win,1.00
,,Man City v Wydad Casablanca,,FIFA Club World Cup,Man City +0 Card Handicap,0.25,13,N/A,,Bet365,Win,3.00
,,Slovenia U21 v Czechia U21,,UEFA Euro U21,Over 3.5 Asian Total Cards,1,1.75,1.74,100.57%,Bet365,Win,0.75
,,Real Madrid v Al Hilal	,,FIFA Club World Cup,Al Hilal Most Cards,1,1.76,N/A,,Unibet,Win,0.76
,19/6,Al Ain SCC v Juventus,,FIFA Club World Cup,Juventus +1 AH Cards,1,1.95,1.68,116.07%,Bet365,Win,0.95
,,Palmeiras v Al Ahly Cairo,,FIFA Club World Cup,Al Ahly Cairo Most Cards,1,2,1.92,104.17%,Paddy Power,Loss,-1.00
,20/6,PSG v Botafogo,,FIFA Club World Cup,Under 9.5 Asian Corners,1,2,1.9,105.26%,Bet365,Loss,-1.00
,,PSG v Botafogo,,FIFA Club World Cup,Under 7.5 Corners,0.25,3.75,N/A,,Bet365,Loss,-0.25
,,PSG v Botafogo,,FIFA Club World Cup,Under 6.5 Corners,0.1,6,N/A,,Bet365,Loss,-0.10
,,LAFC v Sportive De Tunis,,FIFA Club World Cup,Under 4.5 Cards,1,1.7,N/A,,Paddy Power,Win,0.70
,21/6,Mamelodi Sundowns v Dortmund,,FIFA Club World Cup,Under 3.5 Cards,1,2.3,2,115.00%,Paddy Power,Loss,-1.00
,,Portugal U21 v Netherlands U21,,UEFA Euro U21,Portugal U21 Most Corners,1,2.1,2.1,100.00%,Paddy Power,Win,1.10
,,Portugal U21 v Netherlands U21,,UEFA Euro U21,Under 4.5 Asian Total Cards,1,1.93,1.79,107.82%,Bet365,Loss,-1.00
,,Inter v Urawa Red Diamonds,,FIFA Club World Cup,Urawa Red Diamonds 0.0 AH Cards,1,1.85,1.67,110.78%,Bet365,Win,0.85
,,Spain U21 v England U21,,UEFA Euro U21,5+ Cards,2,2,1.83,109.29%,Paddy Power,Loss,-2.00
,,Spain U21 v England U21,,UEFA Euro U21,6+ Cards,1.25,3.4,N/A,,Paddy Power,Loss,-1.25
,,Spain U21 v England U21,,UEFA Euro U21,7+ Cards,0.5,6,N/A,,Paddy Power,Loss,-0.50
,,Spain U21 v England U21,,UEFA Euro U21,8+ Cards,0.25,11,N/A,,Paddy Power,Loss,-0.25
,22/6,River Plate v Monterrey,,FIFA Club World Cup,Under 5 Asian Total Cards,2,1.88,N/A,,Bet365,Loss,-2.00
,,Juventus v Wydad Casablanca,,FIFA Club World Cup,Juventus +0.5 AH Cards,1,2,1.97,101.52%,Bet365,Loss,-1.00
,,Real Madrid v Pachuca,,FIFA Club World Cup,Real Madrid +1 AH Cards,1,1.8,1.79,100.56%,Bet365,Win,0.80
,,Real Madrid v Pachuca,,FIFA Club World Cup,Under 4.5 Cards,1,1.67,1.58,105.70%,Paddy Power,Win,0.67
,,Germany U21 v Italy U21,,UEFA Euro U21,Italy U21 Most Cards,1,1.91,N/A,,Paddy Power,Win,0.91
,,RB Salzburg v Al Hilal	,,FIFA Club World Cup,Al Hilal 0.0 AH Corners,1,1.83,1.71,107.02%,Bet365,Win,0.83
,23/6,Man City v Al Ain SCC,,FIFA Club World Cup,Under 3.5 Cards,1.5,2,1.63,122.70%,Paddy Power,Win,1.50
,,Botafogo v Atletico Madrid,,FIFA Club World Cup,Over 4.5 Asian Total Cards,1,2,1.63,122.70%,Bet365,Loss,-1.00
,,Seattle Sounders v PSG,,FIFA Club World Cup,PSG +1 AH Cards,1.5,2.03,1.86,109.14%,Bet365,Win,1.55
,24/6,Auckland City v Boca Juniors,,FIFA Club World Cup,Boca Juniors -7.5 AH Corners,1,1.83,1.7,107.65%,Bet365,Win,0.83
,,Auckland City v Boca Juniors,,FIFA Club World Cup,Corners Bet Builder,0.5,2.75,N/A,,Bet365,Win,0.88
,,Auckland City v Boca Juniors,,FIFA Club World Cup,Corners Bet Builder,0.25,6.5,N/A,,Bet365,Win,1.38
,,Auckland City v Boca Juniors,,FIFA Club World Cup,Corners Bet Builder,0.1,15,N/A,,Bet365,Win,1.40
,,Benfica v Bayern Munich	,,FIFA Club World Cup,Under 3.5 Cards,1.25,1.95,1.67,116.77%,Paddy Power,Win,1.19
,25/6,Sportive De Tunis v Chelsea,,FIFA Club World Cup,50+ Booking Points,2.5,2.25,1.98,113.64%,Sky Bet,Loss,-2.50
,,Sportive De Tunis v Chelsea,,FIFA Club World Cup,Over 5.5 Cards,0.75,3.7,N/A,,Paddy Power,Loss,-0.75
,,Sportive De Tunis v Chelsea,,FIFA Club World Cup,Over 6.5 Cards,0.25,6.5,N/A,,Paddy Power,Loss,-0.25
,,Sportive De Tunis v Chelsea,,FIFA Club World Cup,Over 7.5 Cards,0.1,10,N/A,,Paddy Power,Loss,-0.10
,,Qingdao Hainiu v Zhejiang,,China Super League,Under 9.5 Asian Corners,1,2,1.79,111.73%,Bet365,Win,1.00
,,Qingdao Hainiu v Zhejiang,,China Super League,Under 7.5 Corners,0.25,3.75,N/A,,Bet365,Win,0.69
,26/6,New England Revolution v Nashville SC,,USA MLS,New England Revolution +0.5 AH Corners,1,1.9,1.81,104.97%,Bet365,Loss,-1.00
,,New England Revolution v Nashville SC,,USA MLS,Under 4.5 Asian Total Cards,1,1.9,N/A,,Bet365,Loss,-1.00
,,Inter v River Plate,,FIFA Club World Cup,40+ Booking Points,3,1.73,N/A,,Sky Bet,Win,2.20
,,Inter v River Plate,,FIFA Club World Cup,50+ Booking Points,1.25,2.38,N/A,,Sky Bet,Win,1.73
,,Inter v River Plate,,FIFA Club World Cup,60+ Booking Points,0.75,3.5,N/A,,Sky Bet,Win,1.88
,,Inter v River Plate,,FIFA Club World Cup,70+ Booking Points,0.5,5,N/A,,Sky Bet,Win,2.00
,,Inter v River Plate,,FIFA Club World Cup,80+ Booking Points,0.25,8,N/A,,Sky Bet,Win,1.75
,,Inter v River Plate,,FIFA Club World Cup,90+ Booking Points,0.15,12,N/A,,Sky Bet,Win,1.65
,,Inter v River Plate,,FIFA Club World Cup,100+ Booking Points,0.1,19,N/A,,Sky Bet,Win,1.80
,,Wydad Casablanca v Al Ain,,FIFA Club World Cup,Under 3.5 Asian Total Cards,1,2.03,1.85,109.73%,Bet365,Loss,-1.00
,27/6,Al Hilal v Pachuca,,FIFA Club World Cup,40+ Booking Points,1.25,2.38,2.15,110.70%,Sky Bet,Win,1.73
,,RB Salzburg v Real Madrid,,FIFA Club World Cup,Real Madrid +0.5 AH Cards,1,2.05,1.98,103.54%,Bet365,Win,1.05
,,RB Salzburg v Real Madrid,,FIFA Club World Cup,Under 4 Asian Total Cards,1,1.85,N/A,,Bet365,Win,0.85
,28/6,Benfica v Chelsea,,FIFA Club World Cup,Under 5 Asian Total Cards,1,1.78,N/A,,Bet365,Loss,-1.00
,,Benfica v Chelsea,,FIFA Club World Cup,Benfica 0.0 AH Cards,1,1.95,N/A,,Bet365,Win,0.95
,,Benfica v Chelsea,,FIFA Club World Cup,Benfica Most Cards & Under 4.5 Cards,0.5,5,N/A,,Bet365,Loss,-0.50
,,Palmeiras v Botafogo,,FIFA Club World Cup,Over 5.5 Cards,2,2.3,2.17,105.99%,Paddy Power,Win,2.60
,29/6,DC Utd v Nashville ,,USA MLS,Nashville +0.5 AH Cards,2,1.9,1.68,113.10%,Bet365,Loss,-2.00
,,Orlando City v FC Cincinnati,,USA MLS,Over 3.5 Asian Total Cards,1,1.75,N/A,,Bet365,Win,0.75
,,Sporting KC v Real Salt Lake,,USA MLS,Under 4.5 Asian Total Cards,1,2.05,1.97,104.06%,Bet365,Loss,-1.00
,,Flamengo v Bayern Munich	,,FIFA Club World Cup,Flamengo -0.5 AH Cards,1.5,1.9,1.61,118.01%,Bet365,Loss,-1.50
,30/6,Inter v Fluminense,,FIFA Club World Cup,Over 4.5 Cards,1.5,1.95,N/A,,Paddy Power,Win,1.43
,,Inter v Fluminense	,,FIFA Club World Cup,Over 5.5 Cards,0.5,3.1,N/A,,Paddy Power,Win,1.05
,2/7,Dortmund v Monterrey,,FIFA Club World Cup,Moneterrey -0.5 AH Cards,1,2,N/A,,Bet365,Loss,-1.00
,,Iceland Women v Finland Women,,Women's Euro,Under 2.5 Asian Total Cards,1,1.85,1.74,106.32%,Bet365,Loss,-1.00
,3/7,Belgium Women v Italy Women,,Women's Euro,Under 2.5 Asian Total Cards,1,2,1.93,103.63%,Bet365,Loss,-1.00
,,Belgium Women v Italy Women,,Women's Euro,Belgium Women 0.0 AH Cards,1,2.08,1.89,110.05%,Bet365,Loss,-1.00
,4/7,Denmark Women v Sweden Women,,Women's Euro,Denmark Women 0.0 AH Cards,1,1.8,1.62,111.11%,Bet365,Win,0.80
,,Denmark Women v Sweden Women,,Women's Euro,Under 2 Asian Total Cards,1,1.93,1.82,106.04%,Bet365,Win,0.93
,,Germany Women v Poland Women,,Women's Euro,Poland Women Most Cards,1,2.1,2.07,101.45%,Paddy Power,Win,1.10
,,Fluminense v Al Hilal	,,FIFA Club World Cup,Fluminense 0.0 AH Cards,1.5,1.88,1.68,111.90%,Bet365,Loss,-1.50
,5/7,Colorado Rapids v Sporting KC,,USA MLS,Over 3.5 Cards,1.5,1.73,N/A,,Paddy Power,Win,1.10
,,Colorado Rapids v Sporting KC,,USA MLS,Over 4.5 Cards,0.5,2.8,N/A,,Paddy Power,Loss,-0.50
,,LA Galaxy v Vancouver Whitecaps,,USA MLS,Over 3.5 Cards,1.5,1.67,N/A,,Paddy Power,Win,1.01
,,LA Galaxy v Vancouver Whitecaps,,USA MLS,Over 5.5 Cards,0.5,2.5,N/A,,Paddy Power,Win,0.75
,,LA Galaxy v Vancouver Whitecaps,,USA MLS,Over 6.5 Cards,0.25,4.33,N/A,,Paddy Power,Win,0.83
,,PSG v Bayern Munich,,FIFA Club World Cup,Bayern Munich 0.0 AH Cards,1,1.9,1.76,107.95%,Bet365,Loss,-1.00
,,Wales Women v Netherlands Women,,Women's Euro,Under 2 Asian Total Cards,1,1.95,1.91,102.09%,Bet365,Win,0.95
,,Wales Women v Netherlands Women,,Women's Euro,Netherlands Women Most Cards,0.5,4.2,N/A,,Paddy Power,Loss,-0.50
,,France Women v England Women,,Women's Euro,Under 2.5 Cards,1.5,2.07,1.88,110.11%,Unibet,Win,1.61
,6/7,San Diego FC v Houston Dynamo,,USA MLS,Under 4.5 Asian Total Cards,1,2,N/A,,Bet365,Loss,-1.00
,,Norway Women v Finland Women,,Women's Euro,Under 2 Asian Total Cards,1,2,1.94,103.09%,Bet365,Win,1.00
,,France Women v England Women	,,Women's Euro,Under 2.5 Cards,0.5,1.98,1.88,105.32%,Bet365,Win,0.49
,7/7,USA v Mexico,,CONCACAF Gold Cup,USA 0.0 AH Cards,2,2.05,1.87,109.63%,Bet365,Loss,-2.00
,,Spain Women v Belgium Women,,Women's Euro,Spain Women +0.5 AH Cards,1.25,1.95,1.89,103.17%,Bet365,Loss,-1.25
,,Double,Spain Women v Belgium Women	,Women's Euro,Spain Women +0.5 AH Cards,0.5,3.7,3.62,102.21%,Bet365,Loss,-0.50
,,,Portugal Women v Italy Women,,Italy Women 0.0 AH Cards,,,,,,,
,,Portugal Women v Italy Women,,Women's Euro,Under 3 Asian Total Cards,1.25,1.83,1.76,103.98%,Bet365,Loss,-1.25
,,Portugal Women v Italy Women	,,Women's Euro,Italy Women 0.0 AH Cards,1.25,1.9,1.92,98.96%,Bet365,Loss,-1.25
,8/7,Germany Women v Denmark Women,,Women's Euro,Under 2.5 Asian Total Cards,1.25,1.75,1.65,106.06%,Bet365,Win,0.94
,,Germany Women v Denmark Women,,Women's Euro,Germany Women +0.5 AH Cards,1.25,1.9,1.68,113.10%,Bet365,Win,1.13
,,Poland Women v Sweden Women,,Women's Euro,Sweden +0.5 AH Cards,1.5,2.03,1.76,115.34%,Bet365,Win,1.55
,,Fluminense v Chelsea,,FIFA Club World Cup,Under 5.5 Cards,1,1.95,N/A,,Paddy Power,Win,0.95
,9/7,England Women v Netherlands Women ,,Women's Euro,Netherlands Women 0.0 AH Cards,1.5,1.8,1.67,107.78%,Bet365,Win,1.20
,10/7,Norway Women v Iceland Women,,Women's Euro,Under 1.5 Cards,1.5,2.1,2.1,100.00%,Unibet,Loss,-1.50
,,Finland Women v Switzerland Women,,Women's Euro,Finland Women +1 AH Cards,1,1.75,N/A,,Bet365,Win,0.75
,,Finland Women v Switzerland Women,,Women's Euro,Finland Women +0 Card Handicap,0.25,5,N/A,,Bet365,Loss,-0.25
,,Finland Women v Switzerland Women,,Women's Euro,Under 3 Asian Total Cards,1,1.9,N/A,,Bet365,Win,0.90
,11/7,Italy Women v Spain Women,,Women's Euro,Spain Women +0.5 AH Cards,1.5,2,1.9,105.26%,Bet365,Win,1.50
,,Portugal Women v Belgium Women,,Women's Euro,Portugal Women +0.5 AH Cards,1.5,1.75,1.66,105.42%,Bet365,Win,1.13
,,Double,Italy Women v Spain Women	,Women's Euro,Spain Women +0.5 AH Cards,0.25,3.5,3.15,111.11%,Bet365,Win,0.63
,,,Portugal Women v Belgium Women	,,Portugal Women +0.5 AH Cards,,,,,,,
,,Italy Women v Spain Women,,Women's Euro,Under 2 Asian Total Cards,1.25,1.98,1.97,100.51%,Bet365,Win,1.23
,12/7,Poland Women v Denmark Women,,Women's Euro,Over 1.5 Asian Total Cards,1,2.08,1.88,110.64%,Bet365,Win,1.08
,,Vasco da Gama v Botafogo,,Brazil Serie A,Under 5.5 Asian Total Cards,1,2.03,1.71,118.71%,Bet365,Win,1.03
,13/7,Inter Miami v Nashville,,USA MLS,Under 4.5 Asian Total Cards,1,1.9,1.81,104.97%,Bet365,Win,0.90
,,Chicago Fire v San Diego FC,,USA MLS,Under 5 Asian Total Cards,1.5,1.85,N/A,,Bet365,Win,1.28
,,LAFC v FC Dallas ,,USA MLS,LAFC +1 AH Cards,1.5,1.88,N/A,,Bet365,Loss,-1.50
,,Bahia v Atletico Mineiro,,Brazil Serie A ,Under 5 Asian Total Cards,1,2,1.9,105.26%,Bet365,Win,1.00
,,PSG v Chelsea,,FIFA Club World Cup,Chelsea Most Cards,1.25,2,1.74,114.94%,Sky Bet,Win,1.25
,,Corinthians v RB Bragantino,,Brazil Serie A ,Under 6 Asian Total Cards,1,1.9,N/A,,Bet365,Loss,-1.00
,16/7,Norway Women v Italy Women,,Women's Euro,Italy Women +0.5 AH Cards,1.5,1.7,N/A,,Bet365,Win,1.05
,,Norway Women v Italy Women	,,Women's Euro,Under 2.5 Asian Total Cards,1,1.75,N/A,,Bet365,Win,0.75
,17/7,Botafogo v Vitoria,,Brazil Serie A ,Botafogo +1 AH Cards,1.25,2.1,1.87,112.30%,Bet365,Loss,-1.25
,19/7,France Women v Germany Women,,Women's Euro,Germany Women 0.0 AH Cards,1.25,1.83,1.7,107.65%,Bet365,Win,1.04
,,Fortaleza v Bahia,,Brazil Serie A,Fortaleza Most Cards,1.5,2.2,2,110.00%,Bet365,Win,1.80
,20/7,Atlanta Utd v Charlotte FC,,USA MLS,Atlanta Utd +0.5 AH Cards,1,1.95,1.7,114.71%,Bet365,Win,0.95
,,Atlanta Utd v Charlotte FC,,USA MLS,Under 4.5 Asian Total Cards,1.5,2,N/A,,Bet365,Win,1.50
,,LAFC v LA Galaxy ,,USA MLS,LAFC +1 AH Cards,1,1.83,1.69,108.28%,Bet365,Win,0.83
,,LAFC v LA Galaxy ,,USA MLS,Under 5 Asian Total Cards,1.5,1.83,N/A,,Bet365,Loss,-1.50
,,San Diego FC v Vancouver Whitecaps,,USA MLS,San Diego FC +0.5 AH Cards,1,1.88,1.78,105.62%,Bet365,Loss,-1.00
,,Seattle Sounders v San Jose Earthquakes,,USA MLS,Over 4.5 Cards,1,2.3,2.2,104.55%,Paddy Power,Loss,-1.00
,,Portland Timbers v Minnesota Utd,,USA MLS,Over 3.5 Cards,1.5,1.83,N/A,,Paddy Power,Win,1.25
,,Portland Timbers v Minnesota Utd,,USA MLS,Over 4.5 Cards,0.25,3.1,N/A,,Paddy Power,Loss,-0.25
,,Cruzeiro v Juventude,,Brazil Serie A,Under 5.5 Cards,1,1.8,1.75,102.86%,Paddy Power,Win,0.80
,23/7,Silkeborg IF v KA Akureyri,,UEFA Conference League Qualifiers,Silkeborg IF -4.5 AH Corners,1,1.95,1.81,107.73%,Bet365,Loss,-1.00
,24/7,Santos v Internacional,,Brazil Serie A ,Under 5.5 Asian Total Cards,1,1.95,1.75,111.43%,Bet365,Win,0.95
,,Bragantino v Flamengo,,Brazil Serie A ,Bragantino Most Cards,1,2.1,1.99,105.53%,Paddy Power,Loss,-1.00
,26/7,LAFC v Portland Timbers,,USA MLS,LAFC +0.5 AH Cards,1.25,2.08,1.94,107.22%,Bet365,Win,1.35
,,Mirassol v Vitoria ,,Brazil Serie A ,Over 5.5 Cards,1.25,2.5,1.94,128.87%,Paddy Power,Loss,-1.25
,,Fortaleza v Bragantino,,Brazil Serie A ,Over 5.5 Cards,1.5,2.5,2.17,115.21%,Paddy Power,Win,2.25
,,Sport Recife v Santos,,Brazil Serie A ,Over 5.5 Cards,1,2.3,2.26,101.77%,Paddy Power,Loss,-1.00
,27/7,Palmeiras v Gremio,,Brazil Serie A ,Over 4.5 Cards,2,1.8,N/A,,Paddy Power,Loss,-2.00
,,DC Utd v Austin FC ,,USA MLS,Austin FC +1 Corner Handicap,1,2.1,1.97,106.60%,Paddy Power,Win,1.10
,,Chicago Fire v New York Red Bulls,,USA MLS,Chicago Fire -1 Corner Handicap,1,2.2,2.07,106.28%,Paddy Power,Win,1.20
,,Double,DC Utd v Austin FC 	,USA MLS,Austin FC +1 Corner Handicap,0.25,4.62,4.06,113.79%,Paddy Power,Win,0.91
,,,Chicago Fire v New York Red Bulls	,,Chicago -1 Corner Handicap,,,,,,,
,,England Women v Spain Women,,Women's Euro,Spain Women +0.5 AH Cards,1,1.8,N/A,,Bet365,Loss,-1.00
,2/8,Stenhousemuir v Alloa,,Scotland League 1,Alloa 0.0 AH Corners,1,1.78,1.63,109.20%,Bet365,Win,0.78
,,Sport Recife v Bahia,,Brazil Serie A,Under 4.5 Cards,1,2.5,N/A,,Paddy Power,Win,1.50
,3/8,Ceara v Flamengo,,Brazil Serie A,Over 4.5 Cards,2,2.15,N/A,,Paddy Power,Win,2.30
,,Ceara v Flamengo,,Brazil Serie A,Over 5.5 Cards,0.5,3.5,N/A,,Paddy Power,Loss,-0.50
,,Ceara v Flamengo,,Brazil Serie A,Over 6.5 Cards,0.25,6,N/A,,Paddy Power,Loss,-0.25
,,Vitoria v Palmeiras,,Brazil Serie A,Over 4.5 Cards,2,2.15,N/A,,Paddy Power,Win,2.30
,,Vitoria v Palmeiras,,Brazil Serie A,Over 5.5 Cards,0.5,3.5,N/A,,Paddy Power,Loss,-0.50
,,Vitoria v Palmeiras,,Brazil Serie A,Over 6.5 Cards,0.25,6,N/A,,Paddy Power,Loss,-0.25
,4/8,Botev Plovdiv v Arda Kardzhali,,Bulgaria First League,Under 9 Asian Corners,1,1.78,1.67,106.59%,Bet365,Win,0.78
,5/8,Rangers v Viktoria Plzen,,UEFA Champions League Qualifiers,Over 10 Asian Corners,1,1.98,1.83,108.20%,Bet365,Loss,-1.00
,,Accrington Stanley v Oldham,,England EFL Cup,Oldham Most Corners,1,2.38,2.04,116.67%,Paddy Power,Win,1.38
,6/8,Toluca v New York City,,North America Leagues Cup,Over 9.5 Asian Corners,1,1.95,1.85,105.41%,Bet365,Loss,-1.00
,9/8,Charlton v Watford,,England Championship,Over 4 Asian Total Cards,1,2.05,N/A,,Bet365,Loss,-1.00
,,Coventry v Hull,,England Championship,Coventry +0.5 AH Cards,1,2.05,1.91,107.33%,Bet365,Win,1.05
,,Exeter v Blackpool,,England League 1,Under 9.5 Asian Corners,1,2,1.82,109.89%,Bet365,Loss,-1.00
,,QPR v Preston ,,England Championship,QPR +0.5 AH Cards,1,1.98,1.87,105.88%,Bet365,Loss,-1.00
,,Sheff Utd v Bristol City,,England Championship,Under 4 Asian Total Cards,1,1.88,1.71,109.94%,Bet365,Win,0.88
,,Sao Paulo v Vitoria,,Brazil Serie A,Under 5.5 Cards,1.5,2,1.89,105.82%,Paddy Power,Loss,-1.50
,,Sao Paulo v Vitoria,,Brazil Serie A,Vitoria Most Cards,2,2,1.76,113.64%,Paddy Power,Loss,-2.00
,10/8,Austin FC v Houston Dynamo,,USA MLS,Under 5 Asian Total Cards,1.5,1.9,N/A,,Bet365,Win,1.35
,,Chicago Fire v LAFC,,USA MLS,Chicago Fire 0.0 AH Cards,1,1.95,1.89,103.17%,Bet365,Win,0.95
,,San Jose Earthquakes v Vancouver Whitecaps,,USA MLS,San Jose Earthquakes 0.0 AH Cards,2,2.1,1.9,110.53%,Bet365,Win,2.20
,,New England Revolution v DC Utd,,USA MLS,Under 4.5 Cards,1,1.7,N/A,,Paddy Power,Win,0.70
,,New York Red Bulls v Real Salt Lake,,USA MLS,Under 4.5 Asian Total Cards,1,2.05,1.74,117.82%,Bet365,Loss,-1.00
,12/8,Senegal A v Congo A,,CAF African Nations Championship,Under 9 Asian Corners,1,1.83,1.68,108.93%,Bet365,Loss,-1.00
,,FC Copenhagen v Malmo FF,,UEFA Champions League Qualifiers,FC Copenhagen -2 Corner Handicap,1,1.85,1.67,110.78%,Bet365,Loss,-1.00
,14/8,Sabah v Levski Sofia,,UEFA Conference League Qualifiers,Sabah +0.5 AH Corners,1,1.8,1.72,104.65%,Bet365,Win,0.80
,,Ararat Armenia v Sparta Prague,,UEFA Conference League Qualifiers,Under 9.5 Asian Corners,1,1.95,1.74,112.07%,Bet365,Win,0.95
,15/8,Feirense v Portimonense,,Portugal Primeira Liga,Under 10 Asian Corners,1,1.83,1.67,109.58%,Bet365,Win,0.83
,,Villarreal v Real Oviedo,,Spain La Liga,Under 4.5 Cards,1,1.95,N/A,,Paddy Power,Win,0.95
,16/8,Wrexham v West Brom,,England Championship,West Brom Most Corners,1,2,2.07,96.62%,Paddy Power,Loss,-1.00
,,Millwall v Middlesbrough,,England Championship,Under 3.5 Cards,1,2,1.96,102.04%,Paddy Power,Loss,-1.00
,,Preston v Leicester,,England Championship,Leicester +0.5 AH Cards,1,2,1.83,109.29%,Bet365,Loss,-1.00
,,Watford v QPR,,England Championship,Under 4 Asian Total Cards,1,1.85,1.83,101.09%,Bet365,Loss,-1.00
,,Brighton v Fulham,,Premier League,Under 4.5 Asian Total Cards,1,1.83,N/A,,Bet365,Loss,-1.00
,,Sunderland v West Ham,,Premier League,Sunderland +1 Corner Handicap,1,1.91,1.78,107.30%,Paddy Power,Loss,-1.00
,,Lens v Lyon,,France Ligue 1,Lens 0.0 AH Cards,1.5,2.03,1.96,103.57%,Bet365,Loss,-1.50
,,Wolves v Man City,,Premier League,Under 4 Asian Total Cards,1,1.95,N/A,,Bet365,Win,0.95
,,Mallorca v Barcelona,,Spain La Liga,Under 4 Asian Total Cards,1,2,N/A,,Bet365,Loss,-1.00
,,Monaco v Le Havre,,France Ligue 1,Under 4 Asian Total Cards,1.5,2.03,N/A,,Bet365,Win,1.55
,,Monaco v Le Havre,,France Ligue 1,Monaco +0.5 AH Cards,1,1.93,1.89,102.12%,Bet365,Loss,-1.00
,17/8,Corinthians v Bahia,,Brazil Serie A,Under 5.5 Asian Total Cards,1,2,1.92,104.17%,Bet365,Win,1.00
,,Charlotte FC v Real Salt Lake,,USA MLS,Charlotte +1 AH Cards,1,1.78,N/A,,Bet365,Loss,-1.00
,,New York Red Bulls v Philadelphia Union,,USA MLS,Under 5 Asian Total Cards,1.5,2.05,N/A,,Bet365,Win,1.58
,,Chicago Fire v St Louis City,,USA MLS,Under 3.5 Cards,1,2.3,N/A,,Paddy Power,Loss,-1.00
,,Chicago Fire v St Louis City,,USA MLS,St Louis City 0.0 AH Cards,1,2.05,1.89,108.47%,Bet365,Win,1.05
,,Portland Timbers v FC Cincinnati,,USA MLS,Over 4 Asian Total Cards,1,1.98,2.1,94.29%,Bet365,Loss,-1.00
,,Minnesota Utd v Seattle Sounders,,USA MLS,Over 3.5 Asian Total Cards,1,1.85,N/A,,Bet365,Loss,-1.00
,,FC Viktoria Koln v Paderborn,,Germany Cup,Under 9.5 Asian Corners,1,1.88,1.78,105.62%,Bet365,Win,0.88
,,Chelsea v Crystal Palace,,Premier League,Under 4.5 Asian Total Cards,1,2,N/A,,Bet365,Loss,-1.00
,,Nottm Forest v Brentford,,Premier League,Under 4.5 Asian Total Cards,1,2.03,N/A,,Bet365,Win,1.03
,,Kilmarnock v Dundee Utd,,Scotland League Cup,Dundee Utd +2.5 AH Corners,1.5,2,1.84,108.70%,Bet365,Loss,-1.50
,,Auxerre v Lorient,,France Ligue 1,Lorient 0.0 AH Cards,1,1.9,1.79,106.15%,Bet365,Loss,-1.00
,,Angers v Paris FC,,France Ligue 1,Paris FC 0.0 AH Cards,2,1.8,1.61,111.80%,Bet365,Loss,-2.00
,,Man Utd v Arsenal,,Premier League,Man Utd Most Cards,1,2.3,N/A,,Paddy Power,Loss,-1.00
,,Nantes v PSG,,France Ligue 1,Under 3.5 Asian Total Cards,1,1.9,TBD,,Bet365,Win,0.90
,18/8,Leeds v Everton,,Premier League,Leeds Most Corners,2,1.8,1.61,111.80%,Sky Bet,Win,1.60
,,Elche v Betis,,Spain La Liga,Under 9.5 Asian Corners,1,1.85,1.79,103.35%,Bet365,Win,0.85
,,Dynamo Dresden v Mainz,,Germany Cup,Mainz -0.5 AH Corners,1,1.95,1.73,112.72%,Bet365,Win,0.95
,19/8,Polonia Warsaw v Wieczysta Krakow,,Poland 1st Liga,Over 11 Asian Corners,1,1.85,1.72,107.56%,Bet365,Win,0.85
,,Sudan A v Senegal A,,CAF African Nations Championship,Over 8 Asian Corners,1,2,1.8,111.11%,Bet365,Loss,-1.00
,,Northampton v Lincoln City,,England League 1,Northampton +1 AH Corners,1,1.8,1.7,105.88%,Bet365,Win,0.80
,,Real Madrid v Osasuna,,Spain La Liga,Osasuna -0.5 AH Cards,1,1.85,1.77,104.52%,Bet365,Win,0.85
,20/8,Bodo Glimt v Sturm Graz,,UEFA Champions League Qualifiers,Sturm Graz Most Cards,1,1.91,1.82,104.95%,Paddy Power,Win,0.91
,,Fenerbahce v Benfica,,UEFA Champions League Qualifiers,Benfica Most Cards,1,2.88,N/A,,Paddy Power,Win,1.88
,,Double,Bodo Glimt v Sturm Graz	,UEFA Champions League Qualifiers,Sturm Graz Most Cards,0.25,5.49,N/A,,Paddy Power,Win,1.12
,,,Fenerbahce v Benfica	,,Benfica Most Cards,,,,,,,
,,Bodo Glimt v Sturm Graz,,UEFA Champions League Qualifiers,Bodo Glimt -2.5 AH Corners,1,1.95,1.85,105.41%,Bet365,Win,0.95
,21/8,Gyor Eto FC v Rapid Vienna,,UEFA Conference League Qualifiers,Gyor Eto FC +0.5 AH Corners,1,1.9,1.75,108.57%,Bet365,Loss,-1.00
,,Breidablik v Virtus Acquaviva,,UEFA Conference League Qualifiers,Breidablik -5.5 AH Corners,1,2,1.97,101.52%,Bet365,Win,1.00
,,Crystal Palace v Fredrikstad ,,UEFA Conference League Qualifiers,Crystal Palace 7+ Corners,1,1.91,N/A,,Paddy Power,Win,0.91
,,Crystal Palace v Fredrikstad ,,UEFA Conference League Qualifiers,Crystal Palace 8+ Corners,0.25,2.7,N/A,,Paddy Power,Loss,-0.25
,,Crystal Palace v Fredrikstad ,,UEFA Conference League Qualifiers,Crystal Palace 9+ Corners,0.1,3.75,N/A,,Paddy Power,Loss,-0.10
,22/8,Bayern Munich v RB Leipzig,,Germany Bundesliga,Bayern Munich +1 AH Cards,1,1.88,1.56,120.51%,Bet365,Win,0.88
,,West Ham v Chelsea,,Premier League,Under 5 Asian Total Cards,1.5,1.78,N/A,,Bet365,Win,1.17
,23/8,Man City v Tottenham,,Premier League,Under 4 Asian Total Cards,1.5,2.05,N/A,,Bet365,Loss,-1.50
,,Charlton v Leicester,,England Championship,Leicester 0.0 AH Cards,1,1.95,1.87,104.28%,Bet365,Loss,-1.00
,,Swansea v Watford ,,England Championship,Under 4 Asian Total Cards,1,2,1.94,103.09%,Bet365,Loss,-1.00
,,Hull v Blackburn,,England Championship,Over 3.5 Cards,1,1.95,N/A,,Paddy Power,Win,0.95
,,Frankfurt v Werder Bremen,,Germany Bundesliga,4+ Cards,1.5,1.91,N/A,,Paddy Power,Win,1.37
,,Heidenheim v Wolfsburg,,Germany Bundesliga,Wolfsburg 0.0 AH Cards,1,1.93,1.65,116.97%,Bet365,Win,0.93
,,West Brom v Portsmouth,,England Championship,Under 4 Asian Total Cards,1,2,1.94,103.09%,Bet365,Loss,-1.00
,,Brentford v Aston Villa,,Premier League,Aston Villa Most Cards,1,2.3,N/A,,Paddy Power,Win,1.30
,,Southampton v Stoke,,England Championship,Over 3.5 Cards,1,1.95,N/A,,Paddy Power,Win,0.95
,,Mallorca v Celta Vigo,,Spain La Liga,Over 4.5 Cards,1.5,2.2,2.04,107.84%,Paddy Power,Win,1.80
,,Arsenal v Leeds,,Premier League,Under 3.5 Cards,1,2.05,1.85,110.81%,Paddy Power,Win,1.05
,,Arsenal v Leeds,,Premier League,Under 10.5 Corners,1,1.85,1.66,111.45%,Paddy Power,Win,0.85
,,Lyon v Metz,,France Ligue 1,4+ Cards,1.5,1.91,N/A,,Paddy Power,Loss,-1.50
,,Lyon v Metz,,France Ligue 1,Over 9.5 Asian Corners,1,1.95,1.87,104.28%,Bet365,Loss,-1.00
,,Levante v Barcelona,,Spain La Liga,Barcelona +1 AH Cards,1,1.85,1.68,110.12%,Bet365,Loss,-1.00
,,Levante v Barcelona,,Spain La Liga,Over 3.5 Cards,1.5,1.95,N/A,,Paddy Power,Win,1.43
,24/8,Vancouver Whitecaps v St Louis City,,USA MLS,St Louis City -0.5 AH Cards,1,2,1.84,108.70%,Bet365,Loss,-1.00
,,FC Dallas v LAFC,,USA MLS,FC Dallas Most Cards,1,2.3,2.13,107.98%,Paddy Power,Loss,-1.00
,,San Diego FC v Portland Timbers,,USA MLS,Under 4.5 Cards,1,2.05,N/A,,Paddy Power,Win,1.05
,,FC Cincinnati v New York City FC,,USA MLS,New York City FC 0.0 AH Cards,1,1.9,1.81,104.97%,Bet365,Win,0.90
,,Lorient v Rennes,,France Ligue 1,5+ Cards,1.5,2.5,2.38,105.04%,Paddy Power,Win,2.25
,,Mainz v Koln,,Germany Bundesliga,4+ Cards,1,1.67,N/A,,Paddy Power,Loss,-1.00
,,Osasuna v Valencia,,Spain La Liga,Over 4.5 Cards,1.5,2.5,1.96,127.55%,Paddy Power,Loss,-1.50
,,Strasbourg v Nantes,,France Ligue 1,4+ Cards,1,1.91,N/A,,Paddy Power,Win,0.91
,,Le Havre v Lens,,France Ligue 1,Under 4.5 Asian Total Cards,1.5,2.05,N/A,,Bet365,Win,1.58
,,Cagliari v Fiorentina,,Italy Serie A,Fiorentina Most Cards,1,2.4,N/A,,Paddy Power,Loss,-1.00
,,Lille v Monaco,,France Ligue 1,Under 4.5 Asian Total Cards,1.5,1.95,N/A,,Bet365,Win,1.43
,,Real Oviedo v Real Madrid,,Spain La Liga,Real Madrid +0.5 AH Cards,1,2.08,1.84,113.04%,Bet365,Loss,-1.00
,,Real Oviedo v Real Madrid,,Spain La Liga,Real Madrid 0 Card Handicap,0.25,4,N/A,,Bet365,Loss,-0.25
,25/8,Udinese v Verona,,Italy Serie A,Under 4.5 Cards,1,1.95,N/A,,Paddy Power,Loss,-1.00
,,Newcastle v Liverpool,,Premier League,LIverpool 0.0 AH Cards,1,1.95,1.8,108.33%,Bet365,Loss,-1.00
,,Inter v Torino,,Italy Serie A,Under 3.5 Asian Total Cards,1,2.05,1.8,113.89%,Bet365,Win,1.05
,26/8,Kairat Almaty v Celtic,,UEFA Champions League Qualifiers,Celtic -3 AH Corners,1,2,1.75,114.29%,Bet365,Loss,-1.00
,,Reading v AFC Wimbledon,,EFL Cup,Reading Most Corners,1,2,1.84,108.70%,Paddy Power,Loss,-1.00
,,Sheff Wed v Leeds,,EFL Cup,Under 3.5 Cards,1,2.2,N/A,,Sky Bet,Win,1.20
,,Pafos FC v Crvena Zvezda ,,UEFA Champions League Qualifiers,Over 10 Asian Corners,1,1.85,1.75,105.71%,Bet365,Loss,-1.00
,,Eintracht Braunschweig v Stuttgart,,Germany Cup,Stuttgart -3 AH Corners,1,1.98,1.87,105.88%,Bet365,Loss,-1.00
,27/8,Sangamihara v Vissel Kobe,,Japan FA Cup,Under 10 Asian Corners,1,1.95,1.85,105.41%,Bet365,Loss,-1.00
,28/8,Fredrikstad v Crystal Palace,,UEFA Conference League Qualifiers,Under 9.5 Asian Corners,1,1.95,1.85,105.41%,Bet365,Win,0.95
,,Rapid Vienna v Gyor Eto FC,,UEFA Conference League Qualifiers,Over 10.5 Asian Corners,1,1.88,1.73,108.67%,Bet365,Win,0.88
,,Mainz v Rosenborg,,UEFA Conference League Qualifiers,Mainz -3 AH Corners,1,1.85,N/A,,Bet365,Win,0.85
,,Double,Fredrikstad v Crystal Palace	,UEFA Conference League Qualifiers,Under 9.5 Asian Corners,0.25,3.6,N/A,,Bet365,Win,0.65
,,,Mainz v Rosenborg	,,Mainz -3 AH Corners,,,,,,,
,,Dynamo Kyiv v Maccabi Tel Aviv,,UEFA Europa League Qualifiers,Maccabi Tel Aviv +3.5 AH Corners,2,1.8,1.67,107.78%,Bet365,Win,1.60
,29/8,Hamburg v St Pauli,,Germany Bundesliga,5+ Cards,2,1.83,N/A,,Paddy Power,Win,1.66
,,Hamburg v St Pauli,,Germany Bundesliga,6+ Cards,0.5,2.75,2.08,132.21%,Paddy Power,Win,0.88
,,Hamburg v St Pauli,,Germany Bundesliga,7+ Cards,0.25,4.5,N/A,,Paddy Power,Loss,-0.25
,30/8,QPR v Charlton,,England Championship,Over 3.5 Cards,1,2.2,1.93,113.99%,Sky Bet,Win,1.20
,,Hoffenheim v Frankfurt,,Germany Bundesliga,4+ Cards,1.5,2.2,1.91,115.18%,Sky Bet,Win,1.80
,,Stuttgart v Monchengladbach,,Germany Bundesliga,4+ Cards,1,1.91,1.76,108.52%,Sky Bet,Loss,-1.00
,,Motherwell v Kilmarnock,,Scotland Premiership,Motherwell 0.0 AH Corners,1,1.83,1.71,107.02%,Bet365,Win,0.83
,,Man Utd v Burnley,,Premier League,Over 3.5 Cards,1.5,2.1,1.93,108.81%,Sky Bet,Win,1.65
,,Portsmouth v Preston,,England Championship,Over 3.5 Cards,3,2.25,N/A,,Sky Bet,Loss,-3.00
,,Portsmouth v Preston,,England Championship,Over 4.5 Cards,0.5,3.9,2.34,166.67%,Paddy Power,Loss,-0.50
,,Portsmouth v Preston,,England Championship,Over 5.5 Cards,0.25,8,N/A,,Sky Bet,Loss,-0.25
,,Ipswich v Derby ,,England Championship,Over 3.5 Cards,1,1.91,N/A,,Sky Bet,Win,0.91
,,Watford v Southampton,,England Championship,Over 4.5 Cards,1,2.38,2.23,106.73%,Sky Bet,Win,1.38
,,Augsburg v Bayern Munich,,Germany Bundesliga,4+ Cards,1,2.2,2.03,108.37%,Paddy Power,Win,1.20
,,Real Oviedo v Real Sociedad,,Spain La Liga,Real Sociedad Most Cards,1,3.3,N/A,,Paddy Power,Loss,-1.00
,,Real Madrid v Mallorca,,Spain La Liga,Mallorca -1 AH Cards,1,1.98,1.87,105.88%,Bet365,Loss,-1.00
,31/8,Minnesota Utd v Portland Timbers,,USA MLS,Minnesota Utd Most Cards,1,3.25,N/A,,Sky Bet,Win,2.25
,,Austin FC v San Jose Earthquakes,,USA MLS,Under 5 Asian Total Cards,1,1.85,N/A,,Bet365,Win,0.85
,,Sporting KC v Colorado Rapids,,USA MLS,Under 4.5 Asian Total Cards,1,1.8,N/A,,Bet365,Win,0.80
,,Nottm Forest v West Ham,,Premier League,West Ham Most Cards,1,1.8,1.67,107.78%,Sky Bet,Loss,-1.00
,,Wolfsburg v Mainz,,Germany Bundesliga ,5+ Cards,1,2.3,N/A,,Paddy Power,Win,1.30
,,Celta Vigo v Villarreal,,Spain La Liga,Under 4.5 Cards,1,2.1,1.86,112.90%,Sky Bet,Win,1.10
,,Le Havre v Nice,,France Ligue 1 ,4+ Cards,1.5,2,1.77,112.99%,Paddy Power,Win,1.50
,,Le Havre v Nice,,France Ligue 1 ,Nice +0.5 AH Cards,1,1.75,1.65,106.06%,Bet365,Win,0.75
,,Monaco v Strasbourg,,France Ligue 1 ,Monaco +0.5 AH Cards,1,1.98,1.8,110.00%,Bet365,Loss,-1.00
,,Dortmund v Union Berlin ,,Germany Bundesliga ,4+ Cards,1.5,2.1,1.91,109.95%,Sky Bet,Loss,-1.50
,,Genoa v Juventus,,Italy Serie A,Under 4 Asian Total Cards,1,1.8,N/A,,Bet365,Win,0.80
,,Genoa v Juventus,,Italy Serie A,Juventus 0.0 AH Cards,1,1.98,1.81,109.39%,Bet365,Win,0.98
,,Koln v Freiburg,,Germany Bundesliga ,4+ Cards,1,1.91,1.75,109.14%,Paddy Power,Loss,-1.00
,,Koln v Freiburg,,Germany Bundesliga ,Freiburg 0.0 AH Cards,1,2,1.85,108.11%,Bet365,Loss,-1.00
,,Aston Villa v Crystal Palace,,Premier League,Crystal Palace -0.5 AH Cards,1,1.95,1.86,104.84%,Bet365,Win,0.95
,,Corinthians v Palmeiras,,Brazil Serie A,Over 5.5 Cards,2,1.8,TBD,,Sky Bet,Loss,-2.00
,,Corinthians v Palmeiras,,Brazil Serie A,Over 6.5 Cards,0.5,2.5,TBD,,Sky Bet,Loss,-0.50
,,Corinthians v Palmeiras,,Brazil Serie A,Red Card in Match,0.5,3.25,TBD,,Sky Bet,Loss,-0.50
,,Corinthians v Palmeiras,,Brazil Serie A,Both Teams to Receive a Red Card,0.25,31,TBD,,Betfair,Loss,-0.25
,2/9,Fleetwood Town v Accrington Stanley,,EFL Trophy,Accrington Stanley +1 AH Corners,1,2,1.88,106.38%,Bet365,Win,1.00
,,Peterborough v Leyton Orient,,EFL Trophy,Peterborough 0.0 AH Corners,1,1.98,1.78,111.24%,Bet365,Win,0.98
,4/9,Thailand v Fiji,,International Kings Cup,Over 8 Asian Corners,1,2,1.81,110.50%,Bet365,Win,1.00
,,Finland U21 v San Marino U21,,Euro U21 Qualifiers ,Over 11.5 Asian Corners,1,1.85,N/A,,Bet365,Win,0.85
,,Kazakhstan v Wales,,FIFA World Cup Qualifiers Europe,Wales +1 AH Cards,1,1.75,1.68,104.17%,Bet365,Win,0.75
,,Georgia v Turkey,,FIFA World Cup Qualifiers Europe,Under 5 Asian Total Cards,1,1.98,1.9,104.21%,Bet365,Loss,-1.00
,,Georgia v Turkey,,FIFA World Cup Qualifiers Europe,Turkey Most Cards,1,3,N/A,,Paddy Power,Loss,-1.00
,,Netherlands v Poland,,FIFA World Cup Qualifiers Europe,Under 9.5 Asian Corners,1,2,2.03,98.52%,Bet365,Loss,-1.00
,,Luxembourg v Northern Ireland,,FIFA World Cup Qualifiers Europe,Over 4.5 Cards,1.5,2.38,1.83,130.05%,Paddy Power,Win,2.07
,,Luxembourg v Northern Ireland	,,FIFA World Cup Qualifiers Europe,Over 5.5 Cards,0.25,4.33,N/A,,Paddy Power,Loss,-0.25
,5/9,Uruguay v Peru,,FIFA World Cup Qualifiers South America,Under 4.5 Asian Total Cards,1,1.85,1.71,108.19%,Bet365,Loss,-1.00
,,Australia v New Zealand,,International Friendlies,Under 8.5 Asian Corners,1,1.8,1.77,101.69%,Bet365,Win,0.80
,,Namibia v Malawi,,FIFA World Cup Qualifiers Africa,Under 8.5 Asian Corners,1,1.83,1.63,112.27%,Bet365,Loss,-1.00
,,Lithuania U21 v Ukraine U21,,Euro U21 Qualifiers ,Under 10 Asian Corners,1,1.95,1.6,121.88%,Bet365,Loss,-1.00
,,Slovenia v Sweden,,FIFA World Cup Qualifiers Europe,Sweden -1 AH Corners,1,1.98,1.67,118.56%,Bet365,Win,0.98
,6/9,Altrincham v Sutton Utd,,England National League,Over 9 Asian Corners,1,1.85,1.72,107.56%,Bet365,Win,0.85
,,Cheltenham v Accrington Stanley,,England League 2,Accrington Stanley Most Corners,1,2.4,2.23,107.62%,Paddy Power,Loss,-1.00
,,Huddersfield v Peterborough,,England League 1,Peterborough +2.5 AH Corners,1,2,1.86,107.53%,Bet365,Win,1.00
,,Notts County v Fleetwood Town,,England League 2,Notts County -1.5 AH Corners,1,1.95,2,97.50%,Bet365,Win,0.95
,,Yeovil v York,,England National League,Over 8.5 Asian Corners,1,1.95,1.8,108.33%,Bet365,Loss,-1.00
,,Paradou AC v USM Alger,,Algeria Ligue 1 ,Under 9 Asian Corners,1,1.83,1.66,110.24%,Bet365,Loss,-1.00
,,Armenia v Portugal,,FIFA World Cup Qualifiers Europe,Over 9.5 Corners,1,2,1.9,105.26%,Paddy Power,Loss,-1.00
,,England v Andorra,,FIFA World Cup Qualifiers Europe,Under 11.5 Asian Corners,1,1.95,1.8,108.33%,Bet365,Win,0.95
,,San Marino v Bosnia-Herzegovina,,FIFA World Cup Qualifiers Europe,Under 10 Asian Corners,1,2,2.13,93.90%,Bet365,Win,1.00
,,Austria v Cyprus,,FIFA World Cup Qualifiers Europe,Austria -5.5 AH Corners,1,2,2.03,98.52%,Bet365,Loss,-1.00
,7/9,Hwaseong FC v Chungnam Asan FC,,Korea Republic K League 2,Under 8.5 Asian Corners,1,2,1.8,111.11%,Bet365,Win,1.00
,,Man Utd Women v Leicester Women,,England Women Super League,Man Utd Women -4 AH Corners,1,1.85,1.7,108.82%,Bet365,Win,0.85
,,Man Utd Women v Leicester Women,,England Women Super League,Over 9 Asian Corners,1,1.8,1.67,107.78%,Bet365,Loss,-1.00
,,North Macedonia v Liechtenstein,,FIFA World Cup Qualifiers Europe,North Macedonia -6 Corner Handicap,1,1.91,1.76,108.52%,Paddy Power,Loss,-1.00
,,Belgium v Kazakhstan,,FIFA World Cup Qualifiers Europe,Belgium -5 Corner Handicap,1,1.91,1.77,107.91%,Paddy Power,Win,0.91
,,Turkey v Spain,,FIFA World Cup Qualifiers Europe,Over 3.5 Cards,1.5,1.83,N/A,,Paddy Power,Loss,-1.50
,,Turkey v Spain,,FIFA World Cup Qualifiers Europe,Over 4.5 Cards,0.5,2.9,2.39,121.34%,Paddy Power,Loss,-0.50
,,Turkey v Spain,,FIFA World Cup Qualifiers Europe,Over 5.5 Cards,0.2,5.5,N/A,,Paddy Power,Loss,-0.20
,,Belgium v Kazakhstan,,FIFA World Cup Qualifiers Europe,Kazakhstan -1 AH Cards,1,1.78,1.69,105.33%,Bet365,Win,0.78
,,Belgium v Kazakhstan,,FIFA World Cup Qualifiers Europe,Under 3.5 Cards,1,1.73,1.68,102.98%,Sky Bet,Win,0.73
,,Poland v Finland,,FIFA World Cup Qualifiers Europe,Over 4.5 Cards,1,2.5,N/A,,Paddy Power,Loss,-1.00
,,America MG v Operario PR,,Brazil,Under 10 Asian Corners,1,1.95,1.71,114.04%,Bet365,Win,0.95
,8/9,Indonesia v Lebanon,,International Friendlies,Under 9 Asian Corners,1,1.8,1.62,111.11%,Bet365,Loss,-1.00
,,United Arab Emirates v Bahrain,,International Friendlies,Under 9 Asian Corners,1,1.8,1.55,116.13%,Bet365,Win,0.80
,,Czech Republic v Saudi Arabia,,International Friendlies,Czech Republic -2.5 AH Corners,1,1.9,1.78,106.74%,Bet365,Loss,-1.00
,,Greece v Denmark,,FIFA World Cup Qualifiers Europe,Under 4.5 Asian Total Cards,1,1.9,1.78,106.74%,Bet365,Win,0.90
,,Croatia v Montenegro,,FIFA World Cup Qualifiers Europe,Croatia -4 Corner Handicap,1,2.25,2.11,106.64%,Paddy Power,Loss,-1.00
,,Israel v Italy,,FIFA World Cup Qualifiers Europe,Over 3.5 Asian Total Cards,1.5,1.95,N/A,,Bet365,Loss,-1.50
,,Double,Israel v Italy,FIFA World Cup Qualifiers Europe,Over 3.5 Cards,0.5,3.6,N/A,,Paddy Power,Loss,-0.50
,,,Armenia v Ireland,,Under 5.5 Cards,,,,,,,
,,Double,Israel v Italy,FIFA World Cup Qualifiers Europe,Over 4.5 Cards,0.25,8.64,N/A,,Paddy Power,Loss,-0.25
,,,Armenia v Ireland,,Under 4.5 Cards,,,,,,,
,9/9,Kenya v Seychelles,,FIFA World Cup Qualifiers Africa,Kenya -6 AH Corners,1,1.95,1.96,99.49%,Bet365,Loss,-1.00
,,Namibia v Sao Tome e Principe,,FIFA World Cup Qualifiers Africa,Namibia -4 AH Corners,1,1.8,1.7,105.88%,Bet365,Win,0.80
,,Sierra Leone v Ethiopia,,FIFA World Cup Qualifiers Africa,Sierra Leone -1 AH Corners,1,1.95,1.79,108.94%,Bet365,Win,0.95
,,Armenia v Ireland,,FIFA World Cup Qualifiers Europe,Under 5.5 Cards,2,1.8,N/A,,Paddy Power,Win,1.60
,,Hungary v Portugal,,FIFA World Cup Qualifiers Europe,Over 3.5 Cards,1.5,1.73,N/A,,Paddy Power,Loss,-1.50
,10/9,Ecuador v Argentina,,FIFA World Cup Qualifiers South America,Ecuador Most Cards,1,2.38,N/A,,Paddy Power,Loss,-1.00
,12/9,Marseille v Lorient,,France Ligue 1,Lorient 0.0 AH Cards,1,1.73,N/A,,Bet365,Win,0.73
,,Partick v Airdrieonians,,Scotland Championship,Under 10 Asian Corners,1,1.88,N/A,,Bet365,Loss,-1.00
,13/9,Cagliari v Parma,,Italy Serie A,Cagliari +0.5 AH Cards,1,2,N/A,,Bet365,Win,1.00
,,Lusitania Lourosa v Penafiel,,Portugal Liga 2 ,Penafiel +2.5 AH Corners,1,1.85,N/A,,Bet365,Loss,-1.00
,,Stoke v Birmingham,,England Championship,Birmingham 0.0 AH Cards,1,1.9,N/A,,Bet365,Loss,-1.00
,,Newcastle v Wolves,,Premier League,Under 4.5 Cards,1,1.8,N/A,,Paddy Power,Loss,-1.00
,,Mansfield v Stevenage,,England League 2,Over 8.5 Corners,1,1.73,N/A,,Paddy Power,Win,0.73
,,Mansfield v Stevenage,,England League 2,Over 10.5 Corners,0.25,3,N/A,,Paddy Power,Win,0.50
,,RAAL La Louviere v Club Brugge,,Belgium Pro League,Club Brugge -2 AH Corners,1,1.83,N/A,,Bet365,Loss,-1.00
,,Brentford v Chelsea,,Premier League,Chelsea Most Cards,1,2.3,N/A,,Paddy Power,Loss,-1.00
,14/9,Seattle Sounders v LA Galaxy ,,USA MLS,LA Galaxy +3 AH Corners,1,1.9,N/A,,Bet365,Win,0.90
,,Southampton v Portsmouth,,England Championship,Under 4.5 Cards,1,2.3,N/A,,Paddy Power,Loss,-1.00
,,Pisa v Udinese,,Italy Serie A,Udinese Most Cards,1,2.25,N/A,,Paddy Power,Win,1.25
,,Lille v Toulouse,,France Ligue 1,Over 9 Asian Corners,1,2,N/A,,Bet365,Win,1.00
,,PSG v Lens,,France Ligue 1,Over 9.5 Corners,1,2,N/A,,Sky Bet,Loss,-1.00
,,PSG v Lens,,France Ligue 1,Over 3.5 Cards,1,2.25,N/A,,Paddy Power,Loss,-1.00
,,PSG v Lens,,France Ligue 1,Over 4.5 Cards,0.5,3.75,N/A,,Paddy Power,Loss,-0.50
,,PSG v Lens,,France Ligue 1,Over 5.5 Cards,0.25,7.5,N/A,,Paddy Power,Loss,-0.25
,,AC Milan v Bologna,,Italy Serie A,Bologna Most Cards,1,2.3,N/A,,Paddy Power,Loss,-1.00
,,Atletico Mineiro v Santos,,Brazil Serie A,Under 6.5 Asian Total Cards,1.5,1.98,N/A,,Bet365,Loss,-1.50
,16/9,Athletic Bilbao v Arsenal,,UEFA Champions League,Under 3.5 Cards,1,2.3,N/A,,Paddy Power,Loss,-1.00
,,Benfica v Qarabag,,UEFA Champions League,Under 4.5 Cards,1,1.8,N/A,,Paddy Power,Win,0.80
,17/9,Slavia Prague v Bodo Glimt,,UEFA Champions League,Under 10.5 Asian Corners,1,1.83,TBD,,Bet365,Loss,-1.00
,,Waldhof Mannheim v Stuttgart II,,Bundesliga 3,Over 9 Asian Corners,1,1.83,1.77,103.39%,Bet365,Win,0.83
,,Swansea v Nottm Forest,,EFL Cup,Under 10 Asian Corners,1,1.9,N/A,,Bet365,Win,0.90
,18/9,Independiente del Valle v Once Caldas,,Copa Sudamerica,Independiente del Valle -2.5 AH Corners,1,1.9,N/A,,Bet365,Loss,-1.00
,,New York City v Columbus Crew,,USA MLS,Under 4 Asian Total Cards,1,1.98,1.86,106.45%,Bet365,Win,0.98
,,Chivas Guadalajara v Tigres UANL,,Mexico Liga MX,Chivas Guadalajara 0.0 AH Corners,1,1.95,N/A,,Bet365,Loss,-1.00
,,Club Brugge v Monaco,,UEFA Champions League,Club Brugge 0.0 AH Corners,1,1.83,N/A,,Bet365,Loss,-1.00
,,Man City v Napoli,,UEFA Champions League,Man City -2 Corner Handicap,1,2,N/A,,Paddy Power,Win,1.00
,19/9,Middlesbrough v West Brom,,England Championship,West Brom Most Cards,1,2.25,N/A,,Paddy Power,Loss,-1.00
,,Betis v Real Sociedad,,Spain La Liga,Over 4.5 Cards,1,1.91,N/A,,Paddy Power,Win,0.91
,,Betis v Real Sociedad,,Spain La Liga,Over 5.5 Cards,0.25,3,N/A,,Paddy Power,Win,0.50
,20/9,Bologna v Genoa,,Italy Serie A,Genoa Most Cards,1.5,2.5,N/A,,Sky Bet,Win,2.25
,,Hoffenheim v Bayern Munich,,Germany Bundesliga,Over 9.5 Asian Corners,1,2,1.94,103.09%,Bet365,Win,1.00
,,Norwich v Wrexham,,England Championship,Wrexham Most Cards,0.75,2.4,N/A,,Paddy Power,Win,1.05
,,Portsmouth v Sheff Wed,,England Championship,Sheff Wed +3 AH Corners,1,1.95,1.89,103.17%,Bet365,Loss,-1.00
,,Nantes v Rennes,,France Ligue 1,4+ Cards,1,1.62,N/A,,Sky Bet,Win,0.62
,,Nantes v Rennes,,France Ligue 1,4+ Cards,0.5,1.67,N/A,,Sky Bet,Win,0.34
,,Verona v Juventus,,Italy Serie A,Verona +2 AH Corners,1,1.83,1.77,103.39%,Bet365,Win,0.83
,,Man Utd v Chelsea,,Premier League,Over 9.5 Asian Corners,1,1.98,N/A,,Bet365,Win,0.98
,,Udinese v AC Milan,,Italy Serie A,Udinese +1.5 AH Corners,1,1.98,N/A,,Bet365,Loss,-1.00
,,Double,Verona v Juventus	,Italy Serie A,Verona +2 AH Corners,0.25,3.6,N/A,,Bet365,Loss,-0.25
,,,Udinese v AC Milan,,Udinese +1.5 AH Corners,,,,,,,
,,Vitoria v Fluminense,,Brazil Serie A,Over 4.5 Cards,1,1.8,N/A,,Paddy Power,Win,0.80
,,Vitoria v Fluminense,,Brazil Serie A,Fluminense +1 AH Corners,1,1.83,1.64,111.59%,Bet365,Loss,-1.00
,,Botafogo v Atletico Mineiro,,Brazil Serie A,Under 10 Asian Corners,1,1.95,1.83,106.56%,Bet365,Loss,-1.00
,21/9,Orlando City v Nashville,,USA MLS,Orlando City +0.5 AH Cards,1,2,N/A,,Bet365,Loss,-1.00
,,Inter Miami v DC Utd,,USA MLS,Under 4.5 Asian Total Cards,1,2.03,N/A,,Bet365,Loss,-1.00
,,Sporting KC v Vancouver Whitecaps,,USA MLS,Under 4.5 Asian Total Cards,1,1.98,N/A,,Bet365,Loss,-1.00
,,San Jose Earthquakes v St Louis City,,USA MLS,St Louis City 0.0 AH Cards,1,2.08,N/A,,Bet365,Loss,-1.00
,,Rayo Vallecano v Celta Vigo,,Spain La Liga,Rayo Vallecano Most Cards,0.75,2.88,N/A,,Paddy Power,Loss,-0.75
,,Bournemouth v Newcastle,,Premier League,Under 5 Asian Total Cards,1.5,1.75,N/A,,Bet365,Win,1.13
,,Arsenal v Man City,,Premier League,Under 9.5 Asian Corners,1,1.8,N/A,,Bet365,Loss,-1.00
,,Elche v Real Oviedo,,Spain La Liga,Over 4.5 Cards,1,2.25,N/A,,Sky Bet,Loss,-1.00
,,Elche v Real Oviedo,,Spain La Liga,Over 5.5 Cards,0.25,3.9,N/A,,Paddy Power,Loss,-0.25
,,Barcelona v Getafe,,Spain La Liga,Getafe Most Cards,3,2,N/A,,Sky Bet,Win,3.00
,22/9,Santos v Sao Paulo,,Brazil Serie A,Santos +0.5 AH Cards,1,1.91,N/A,,Bet365,Win,0.91
,,Marseille v PSG,,France Ligue 1,Marseille -0.5 AH Cards,1,2.1,1.96,107.14%,Bet365,Win,1.10
,23/9,Udinese v Palermo,,Coppa Italia,Palermo +0.5 AH Cards,2,1.83,N/A,,Bet365,Loss,-2.00
,,Wolves v Everton,,EFL Cup,Under 3.5 Cards,1,1.95,N/A,,Paddy Power,Loss,-1.00
,,Lincoln v Chelsea,,EFL Cup,Chelsea +1 AH Cards,2,2.03,N/A,,Bet365,Win,2.06
,,Sevilla v Villarreal,,Spain La Liga,Villarreal +0.5 AH Cards,1,2,N/A,,Bet365,Win,1.00
,24/9,Sandnes Ulf v Lillestrom,,Norway Cup,Under 11.5 Asian Corners,1,1.8,1.57,114.65%,Bet365,Loss,-1.00
,,Eik Tonsberg v Viking FK,,Norway Cup,Under 11 Asian Corners,1,1.9,1.67,113.77%,Bet365,Win,0.90
,,Aldershot v Yeovil,,England National League,Over 9 Asian Corners,1,1.78,N/A,,Bet365,Win,0.78
,,Aldershot v Yeovil,,England National League,Over 10.5 Corners,0.25,2.62,N/A,,Bet365,Win,0.41
,,Tottenham v Doncaster,,EFL Cup,Tottenham +1 AH Cards,1,2.05,N/A,,Bet365,Win,1.05
,,Braga v Feyenoord,,UEFA Europa League,Under 4.5 Asian Total Cards,1,1.8,N/A,,Bet365,Win,0.80
,25/9,Vancouver Whitecaps v Portland Timbers,,USA MLS,Under 4 Asian Total Cards,1,2.05,N/A,,Bet365,Loss,-1.00
,,Odd BK v Bodo Glimt,,Norway Cup,Under 10.5 Asian Corners,1,1.95,N/A,,Bet365,Loss,-1.00
,,Go Ahead Eagles v FCSB,,UEFA Europa League,Go Ahead Eagles -1 Corner Handicap,1,2.3,N/A,,Paddy Power,Win,1.30
,,Treble,Go Ahead Eagles v FCSB	,UEFA Europa League,FCSB Most Cards,0.25,9.9,N/A,,Paddy Power,Loss,-0.25
,,,Lille v Brann	,,Over 4.5 Cards ,,,,,,,
,,,Ferencvaros v Plzen	,,Over 3.5 Cards,,,,,,,
,,Go Ahead Eagles v FCSB,,UEFA Europa League,FCSB Most Cards,3,2.2,1.81,121.55%,Sky Bet,Win,3.60
,,Lille v Brann,,UEFA Europa League,Over 4.5 Cards ,1.25,2.5,N/A,,Paddy Power,Loss,-1.25
,,Al Hilal v Al Akhdoud,,Saudi Arabia Professional League,Al Hilal -4 AH Corners,1,1.83,N/A,,Bet365,Win,0.83
,,Ferencvaros v Plzen,,UEFA Europa League,Over 3.5 Cards,1,1.8,N/A,,Paddy Power,Win,0.80
,26/9,Universidad de Chile v Alianza Lima,,Copa Sudamerica,Universidad de Chile -2 AH Corners,1,1.95,N/A,,Bet365,Loss,-1.00
,,Estudiantes LP v Flamengo,,Copa Libertadores,Estudiantes LP 0.0 AH Corners,1,1.93,N/A,,Bet365,Loss,-1.00
,27/9,Coventry v Birmingham,,England Championship,Birmingham 0.0 AH Cards,3,1.8,1.56,115.38%,Bet365,Win,2.40
,,Chesterfield v Newport County,,England League 2,10+ Corners,2,2.1,N/A,,Sky Bet,Loss,-2.00
,,Accrington Stanley v Walsall,,England League 2,Accrington Stanley Most Corners,0.75,2.75,N/A,,Sky Bet,Win,1.31
,,Bradford v Blackpool,,England League 1,Bradford -1 AH Corners,1,1.8,N/A,,Bet365,Loss,-1.00
,,Wigan v Cardiff,,England League 1,Cardiff Most Corners,1,2,N/A,,Paddy Power,Loss,-1.00
,,Wigan v Cardiff,,England League 1,Cardiff -1 Corner Handicap,0.25,2.63,N/A,,Paddy Power,Loss,-0.25
,,Man City v Burnley,,Premier League,Man City -5 Corner Handicap,1.25,2.3,N/A,,Paddy Power,Win,1.63
,,Southampton v Middlesbrough,,England Championship,Southampton -1 AH Corners,1,1.98,N/A,,Bet365,Win,0.98
,,Mallorca v Alaves,,Spain La Liga,Alaves 0.0 AH Cards,1,1.9,N/A,,Bet365,Win,0.90
,,Nottm Forest v Sunderland,,Premier League,Nottm Forest -1 AH Corners,1.25,1.95,N/A,,Bet365,Win,1.19
,28/9,Charlotte FC v CF Montreal,,USA MLS,Charlotte FC +1 AH Cards,2,1.85,N/A,,Bet365,Win,1.70
,,Real Salt Lake v Austin FC,,USA MLS,Under 4.5 Asian Total Cards,1.5,2,N/A,,Bet365,Win,1.50
,,Seattle Sounders v Vancouver Whitecaps,,USA MLS,Seattle Sounders +0.5 AH Cards,2,2.03,N/A,,Bet365,Win,2.06
,,New England Revolution v Atlanta Utd,,USA MLS,Atlanta Utd Most Cards,1,2.38,N/A,,Paddy Power,Loss,-1.00
,,Seattle Sounders v Vancouver Whitecaps,,USA MLS,Under 4.5 Cards,1,1.83,N/A,,Paddy Power,Win,0.83
,,San Diego FC v San Jose Earthquakes,,USA MLS,Under 4.5 Cards,1,2,N/A,,Paddy Power,Win,1.00
,,Treble,Charlotte FC v CF Montreal	,USA MLS,Charlotte FC +1 AH Cards,0.25,8.71,N/A,,Bet365,Loss,-0.25
,,,Real Salt Lake v Austin FC	,,Under 4.5 Asian Total Cards,,,,,,,
,,,Seattle Sounders v Vancouver Whitecaps	,,Seattle Sounders +0.5 AH Cards,,,,,,,
,,Roma v Verona,,Italy Serie A,Under 3.5 Cards,2,1.95,N/A,,Paddy Power,Loss,-2.00
,,AC Milan v Napoli,,Italy Serie A,Under 4.5 Cards,1,1.67,N/A,,Sky Bet,Win,0.67
,,Bragantino v Santos,,Brazil Serie A,Bragantino -0.5 AH Corners,1,1.83,N/A,,Bet365,Loss,-1.00
,29/9,Parma v Torino,,Italy Serie A,Under 4.5 Cards,1.25,1.91,N/A,,Paddy Power,Loss,-1.25
,,Raufoss v Ranheim,,Norway 1st Division,Raufoss +0.5 AH Corners,1,2,N/A,,Bet365,Win,1.00
,,Boulogne v Red Star FC 93,,France Ligue 2,Boulogne +0.5 AH Corners,1,1.95,N/A,,Bet365,Win,0.95
,30/9,Colombia U20 v Saudi Arabia U20,,FIFA World Cup U20,Colombia U20 -2 AH Corners,1,1.9,N/A,,Bet365,Loss,-1.00
,,Egypt U20 v New Zealand U20,,FIFA World Cup U20,Under 10 Asian Corners,1,1.9,N/A,,Bet365,Loss,-1.00
,,Panama U20 v Ukraine U20,,FIFA World Cup U20,Under 9.5 Asian Corners,1.5,1.88,N/A,,Bet365,Win,1.32
,1/10,South Korea U20 v Paraguay U20,,FIFA World Cup U20,South Korea U20 0.0 AH Corners,1,1.95,N/A,,Bet365,Loss,-1.00
,,South Korea U20 v Paraguay U20,,FIFA World Cup U20,Under 9.5 Asian Corners,1,1.85,N/A,,Bet365,Loss,-1.00
,,Dortmund v Athletic Club,,UEFA Champions League,Under 9.5 Corners,1.5,2.2,N/A,,Paddy Power,Win,1.80
,,Barcelona v PSG,,UEFA Champions League,Barcelona -1 AH Corners,1,1.95,N/A,,Bet365,Loss,-1.00
,2/10,Nottm Forest v Midtjylland,,UEFA Europa League,Nottm Forest -3 Corner Handicap,1,2.25,TBD,,Bet365,Loss,-1.00
,,Aberdeen v Shakhtar Donetsk,,UEFA Conference League,Aberdeen Most Corners,0.5,3.5,N/A,,Paddy Power,Loss,-0.50
,3/10,Panama U20 v South Korea U20,,FIFA World Cup U20,South Korea U20 -0.5 AH Corners,1,1.95,N/A,,Bet365,Win,0.95
,4/10,New Zealand U20 v Japan U20,,FIFA World Cup U20,Japan U20 -2 AH Corners,1.25,1.95,N/A,,Bet365,Win,1.19
,,Egypt U20 v Chile U20,,FIFA World Cup U20,Chile U20 -1 AH Corners,1.25,1.98,N/A,,Bet365,Loss,-1.25
,,Double,New Zealand U20 v Japan U20	,FIFA World Cup U20,Japan U20 -2 AH Corners,0.25,3.85,N/A,,Bet365,Loss,-0.25
,,,Egypt U20 v Chile U20	,,Chile U20 -1 AH Corners,,,,,,,
,,Dortmund v RB Leipzig,,Germany Bundesliga,RB Leipzig +2 AH Corners,1,1.95,1.84,105.98%,Bet365,Win,0.95
,,Stevenage v Luton,,England League 1,Luton Most Corners,1,2.1,2.12,99.06%,Sky Bet,Win,1.10
,,Plymouth v Wigan,,England League 1,Plymouth -0.5 AH Corners,1,1.95,1.84,105.98%,Bet365,Win,0.95
,,Millwall v West Brom,,England Championship,Over 3.5 Asian Total Cards,1.5,1.98,1.79,110.61%,Bet365,Loss,-1.50
,,Swansea v Leicester,,England Championship,Over 3.5 Cards,2,2.7,2.08,129.81%,Paddy Power,Loss,-2.00
,,Preston v Charlton,,England Championship,Charlton 0.0 AH Cards,1,1.83,1.71,107.02%,Bet365,Win,0.83
,,Scunthorpe v Carlisle,,England National League,Over 9 Asian Corners,1,1.9,1.8,105.56%,Bet365,Win,0.90
,5/10,Philadelphia Union v New York City FC,,USA MLS,New York City FC Most Cards,0.75,2.75,N/A,,Bet365,Loss,-0.75
,,Real Salt Lake v Colorado Rapids,,USA MLS,Over 9.5 Asian Corners,1,1.83,1.74,105.17%,Bet365,Win,0.83
,,Everton v Crystal Palace,,Premier League,Everton -0.5 AH Corners,1,1.9,1.86,102.15%,Bet365,Loss,-1.00
,,Sevilla v Barcelona,,Spain La Liga,Barcelona -2 Corner Handicap,1,2.1,1.88,111.70%,Paddy Power,Loss,-1.00
,,Le Havre v Rennes,,France Ligue 1,2+ Cards Each Team,2.5,2.25,N/A,,Sky Bet,Loss,-2.50
,,Le Havre v Rennes,,France Ligue 1,3+ Cards Each Team,0.5,6,N/A,,Sky Bet,Loss,-0.50
,,Le Havre v Rennes,,France Ligue 1,Rennes 0.0 AH Cards,3,2.03,1.78,114.04%,Bet365,Win,3.09
,,Monaco v Nice,,France Ligue 1,Nice 0.0 AH Cards,1.5,1.7,1.63,104.29%,Bet365,Win,1.05
,,Napoli v Genoa,,Italy Serie A,Under 3.5 Cards,1.25,2,1.96,102.04%,Sky Bet,Loss,-1.25
,,Lille v PSG,,France Ligue 1,PSG +0.5 AH Cards,2,2,1.84,108.70%,Bet365,Win,2.00
,,Sao Paulo v Palmeiras,,Brazil Serie A,Palmeiras 0.0 AH Cards,1.25,2.08,1.88,110.64%,Bet365,Win,1.35
,7/10,Rotherham v Oldham,,EFL Trophy,Under 10 Asian Corners,1,1.8,1.7,105.88%,Bet365,Win,0.80
,,Scunthorpe v Morecambe,,England National League,Over 9.5 Asian Corners,1,2,1.88,106.38%,Bet365,Loss,-1.00
,,Arsenal W v Lyon W	,,UEFA Champions League Women,Arsenal W Most Corners,1,2.2,1.99,110.55%,Sky Bet,Loss,-1.00
,8/10,Gibraltar v New Caledonia,,International Friendlies,New Caledonia +3 AH Corners,1,1.98,1.96,101.02%,Bet365,Loss,-1.00
,9/10,Burundi v Kenya,,FIFA World Cup Qualifiers Africa,Kenya 0.0 AH Corners,1,1.9,1.95,97.44%,Bet365,Win,0.90
,,Mozambique v Guinea,,FIFA World Cup Qualifiers Africa,Under 9 Asian Corners,1,1.98,1.83,108.20%,Bet365,Win,0.98
,,Somalia v Algeria,,FIFA World Cup Qualifiers Africa,Under 9 Asian Corners,1.25,1.95,1.8,108.33%,Bet365,Loss,-1.25
,,Andorra U21 v Kazakhstan U21,,Euro U21 Qualifiers,Under 8.5 Asian Corners,1,2,1.86,107.53%,Bet365,Loss,-1.00
,,Belarus v Denmark,,FIFA World Cup Qualifiers Europe,Denmark -4 Corner Handicap,1,1.91,1.84,103.80%,Paddy Power,Loss,-1.00
,,Czechia v Croatia,,FIFA World Cup Qualifiers Europe,Over 4.5 Cards,1.25,2.3,2.19,105.02%,Paddy Power,Loss,-1.25
,,England v Wales,,International Friendlies,Wales Most Cards,1.5,2.1,N/A,,Sky Bet,Loss,-1.50
,10/10,Seychelles v Ivory Coast,,FIFA World Cup Qualifiers Africa,Under 10 Asian Corners,1.25,2,1.76,113.64%,Bet365,Loss,-1.25
,,Kazakhstan v Liechtenstein,,FIFA World Cup Qualifiers Europe,Kazakhstan -7 Corner Handicap,1,2,1.91,104.71%,Paddy Power,Win,1.00
,,Belgium v North Macedonia,,FIFA World Cup Qualifiers Europe,Belgium +1 AH Corners,1.5,2.05,1.94,105.67%,Bet365,Win,1.58
,11/10,Argentina v Venezuela,,International Friendlies,Under 8 Asian Corners,1.25,2.03,1.91,106.28%,Bet365,Loss,-1.25
,,Chesterfield v Salford City,,England League 2,Over 9.5 Asian Corners,1,1.95,1.81,107.73%,Bet365,Win,0.95
,,Chesterfield v Salford City,,England League 2,Salford City Over 4.5 Corners,1,2.37,N/A,,Bet365,Win,1.37
,,Serbia v Albania,,FIFA World Cup Qualifiers Europe,Both Teams 3+ Cards,0.5,3.5,N/A,,Sky Bet,Loss,-0.50
,,Serbia v Albania,,FIFA World Cup Qualifiers Europe,Both Teams to Receive a Red Card,0.1,46,N/A,,William Hill,Loss,-0.10
,12/10,Inter Miami v Atlanta Utd,,USA MLS,Inter Miami +2 AH Corners,1,1.83,1.7,107.65%,Bet365,Win,0.83
,,Liverpool W v Man City W,,England Women Super League,Over 9 Asian Corners,1,1.9,1.82,104.40%,Bet365,Loss,-1.00
,,Chad v Central African Republic,,FIFA World Cup Qualifiers Africa,Chad 0.0 AH Corners,1,1.98,1.84,107.61%,Bet365,Win,0.98
,,Croatia v Gibraltar,,FIFA World Cup Qualifiers Europe,Croatia -8 Corner Handicap,2,1.91,N/A,,Sky Bet,Win,1.82
,,Lithuania v Poland,,FIFA World Cup Qualifiers Europe,Poland -3 Corner Handicap,1,2.3,2.14,107.48%,Paddy Power,Win,1.30
,,Denmark v Greece,,FIFA World Cup Qualifiers Europe,Denmark -3 Corner Handicap,1,2.3,2.17,105.99%,Paddy Power,Loss,-1.00
,13/10,Wales v Belgium,,FIFA World Cup Qualifiers Europe,Over 4.5 Cards,1.5,1.83,N/A,,Paddy Power,Loss,-1.50
,,Wales v Belgium,,FIFA World Cup Qualifiers Europe,Over 5.5 Cards,0.25,2.8,N/A,,Paddy Power,Loss,-0.25
,14/10,England v Latvia,,FIFA World Cup Qualifiers Europe,England +1 AH Cards,1.5,1.85,1.74,106.32%,Bet365,Loss,-1.50
,15/10,Puerto Rico v Argentina,,International Friendlies,Under 9.5 Asian Corners,1.5,1.93,1.78,108.43%,Bet365,Win,1.40
,16/10,Huddersfield v Bolton,,England League 1,Bolton +0.5 AH Corners,1,1.95,TBD,,Bet365,Win,0.95
,17/10,Boulogne v Guingamp,,France Ligue 2,Boulogne +0.5 AH Corners,1.25,1.93,1.78,108.43%,Bet365,Win,1.16
,,Middlesbrough v Ipswich,,England Championship,Over 4.5 Cards,1,2.3,N/A,,Paddy Power,Loss,-1.00
,18/10,Southampton v Swansea,,England Championship,Southampton -1.5 AH Corners,1,1.95,1.93,101.04%,Bet365,Win,0.95
,,Slavia Prague v FC Zlin,,Czech Republic First Liga,Slavia Prague -5 AH Corners,1.5,1.98,1.84,107.61%,Bet365,Loss,-1.50
,,St Etienne v Le Mans,,France Ligue 2,Le Mans +2 AH Corners,1,2,N/A,,Bet365,Win,1.00
,,Marseille v Le Havre,,France Ligue 1,Le Havre Most Cards,1.5,2.63,N/A,,Bet365,Loss,-1.50
,,Atlanta Utd v DC Utd,,USA MLS,Over 3.5 Cards,1,1.83,N/A,,Bet365,Win,0.83
,,Nashville v Inter Miami    ,,USA MLS,Over 3.5 Cards,1,1.95,N/A,,Bet365,Loss,-1.00
,19/10,Sporting KC v Houston Dynamo,,USA MLS,Over 3.5 Cards,1,1.73,N/A,,Paddy Power,Win,0.73
,,Sporting KC v Houston Dynamo,,USA MLS,Over 4.5 Cards,0.25,2.8,N/A,,Paddy Power,Win,0.45
,,San Jose Earthquakes v Austin FC,,USA MLS,Over 4.5 Cards,1,2.2,N/A,,Paddy Power,Loss,-1.00
,,Grasshoppers v FC Sion,,Switzerland Super League,FC Sion +1 AH Corners,1,1.83,N/A,,Bet365,Win,0.83
,,Freiburg v Frankfurt,,Germany Bundesliga,4+ Cards,1,2,N/A,,Sky Bet,Win,1.00
,,Rapid Vienna v LASK Linz,,Austria Bundesliga,LASK Linz +3 AH Corners,1,1.83,N/A,,Bet365,Win,0.83
,,Lorient v Brest,,France Ligue 1,Lorient 0.0 AH Cards,1,1.95,N/A,,Bet365,Win,0.95
,,Rennes v Auxerre ,,France Ligue 1,Both Teams 2+ Cards,0.5,3,N/A,,Sky Bet,Loss,-0.50
,,St Pauli v Hoffenheim,,Germany Bundesliga,4+ Cards,1,1.91,N/A,,Sky Bet,Win,0.91
,,Double,Freiburg v Frankfurt	,Germany Bundesliga,Both Teams 2+ Cards,0.25,10.56,N/A,,Sky Bet,Loss,-0.25
,,,St Pauli v Hoffenheim	,,Both Teams 2+ Cards,,,,,,,
,20/10,Bahia v Gremio,,Brazil Serie A,Under 9.5 Asian Corners,1,2,N/A,,Bet365,Loss,-1.00
,21/10,Villarreal v Man City	,,UEFA Champions League,Villarreal Most Cards,2,2.75,N/A,,Sky Bet,Win,3.50
,22/10,Athletic Club v Qarabag,,UEFA Champions League,Athletic Club +1 AH Cards,1.25,1.83,N/A,,Bet365,Win,1.04
,,Frankfurt v Liverpool,,UEFA Champions League,Over 3.5 Cards,1.25,2.1,N/A,,Sky Bet,Loss,-1.25
,23/10,Al Feiha v Al Taawon,,Saudi Arabia Professional League,Al Taawon +1 AH Corners,1,1.8,N/A,,Bet365,Loss,-1.00
,,Young Boys v Ludogorets,,UEFA Europa League,Ludogorets Most Cards,2,2.8,N/A,,Paddy Power,Loss,-2.00
,,Nottm Forest v Porto,,UEFA Europa League,Over 4.5 Cards,1.5,1.95,N/A,,Paddy Power,Loss,-1.50
,,Sigma Olomouc v Rakow,,UEFA Conference League,Under 9.5 Asian Corners,1,2,1.79,111.73%,Bet365,Win,1.00
,24/10,Guingamp v Clermont Foot,,France Ligue 2,Clermont Foot +2.5 AH Corners,1,2,N/A,,Bet365,Loss,-1.00
,25/10,Inter Miami v Nashville,,USA MLS,Under 4.5 Asian Total Cards,1,1.8,N/A,,Bet365,Win,0.80
,,Sydney FC v Central Coast Mariners,,Australia A-League,Sydney FC +0.5 AH Cards,1,1.93,N/A,,Paddy Power,Loss,-1.00
,,Stevenage v Bradford,,England League 1,Bradford Most Corners,1,2.5,2.28,109.65%,Bet365,Loss,-1.00
,,Peterborough v Blackpool,,England League 1,Under 9.5 Corners,1,2.25,2.03,110.84%,Paddy Power,Loss,-1.00
,,Yeovil v Carlisle,,England National League,Over 9.5 Asian Corners,1.25,1.98,N/A,,Bet365,Loss,-1.25
,,Hartlepool v Solihull Moors,,England National League,Over 9.5 Asian Corners,1.25,1.9,N/A,,Bet365,Loss,-1.25
,,Double,Yeovil v Carlisle	,England National League,Over 9.5 Asian Corners,0.25,3.75,N/A,,Bet365,Loss,-0.25
,,,Hartlepool v Solihull Moors	,,Over 9.5 Asian Corners,,,,,,,
,,Blackburn v Southampton,,England Championship,Over 4.5 Cards,1.25,2.2,1.81,121.55%,Sky Bet,Win,1.50
,,Brentford v Liverpool,,Premier League,Under 4 Asian Total Cards,1.25,2.05,N/A,,Bet365,Loss,-1.25
,26/10,Mallorca v Levante,,Spain La Liga,Over 4.5 Cards,1.5,2.38,N/A,,Paddy Power,Win,2.07
,,Aston Villa v Man City,,Premier League,Over 3.5 Cards,1,1.95,N/A,,Paddy Power,Win,0.95
,,Bournemouth v Nottm Forest,,Premier League,Under 5 Asian Total Cards,1.25,2,N/A,,Bet365,Win,1.25
,,Verona v Cagliari,,Italy Serie A,Over 3.5 Cards,1.25,1.8,N/A,,Sky Bet,Win,1.00
,,Verona v Cagliari,,Italy Serie A,Over 4.5 Cards,0.25,2.8,N/A,,Paddy Power,Win,0.45
,,Treble,Mallorca v Levante,Spain La Liga,Over 4.5 Cards,0.25,10.15,N/A,,Sky Bet,Loss,-0.25
,,,Verona v Cagliari	,Italy Serie A,Over 3.5 Cards,,,,,,,
,,,Real Madrid v Barcelona	,Spain La Liga,Over 6.5 Cards,,,,,,,
,,Real Madrid v Barcelona,,Spain La Liga,Real Madrid +0.5 AH Cards,1,1.98,N/A,,Bet365,Loss,-1.00
,,Real Madrid v Barcelona,,Spain La Liga,Real Madrid +0 Card Handicap,0.25,3.1,N/A,,Bet365,Loss,-0.25
,,Fiorentina v Bologna,,Italy Serie A,Over 4.5 Cards,1.25,2.3,N/A,,Paddy Power,Win,1.63
,,Philadelphia Union v Chicago Fire,,USA MLS,Philadelphia Union Most Cards,0.75,2.88,N/A,,Sky Bet,Loss,-0.75
,28/10,Frankfurt v Dortmund,,Germany Cup,Under 4 Asian Total Cards,1.5,1.98,N/A,,Bet365,Win,1.47
,,Frankfurt v Dortmund,,Germany Cup,Under 4 Asian Total Cards,0.5,2.05,N/A,,Bet365,Win,0.53
,,Heidenheim v Hamburg,,Germany Cup,Under 10 Asian Corners,1,1.93,N/A,,Bet365,Loss,-1.00
,29/10,Lorient v PSG,,France Ligue 1,Lorient Most Cards,1,2,N/A,,Sky Bet,Loss,-1.00
,2/11,Tromso v Sarpsborg,,Norway Eliteserien,Tromso -2 AH Corners,1.5,1.98,N/A,,Bet365,Loss,-1.50
,4/11,Oxford City v Hereford,,England National League North,Over 9 Asian Corners,1,1.93,N/A,,Bet365,Win,0.93
,,Juventus v Sporting,,UEFA Champions League,Juventus Most Cards,0.75,3.1,N/A,,Paddy Power,Loss,-0.75
,5/11,Woking v Southend,,England National League,Over 9.5 Asian Corners,1.25,1.98,1.81,109.39%,Bet365,Win,1.23
,,Altrincham v Boston Utd,,England National League,Over 9.5 Asian Corners,1.25,1.98,N/A,,Bet365,Win,1.23
,,Double,Woking v Southend	,England National League,Over 9.5 Asian Corners,0.25,3.9,TBD,,Bet365,Win,0.73
,,,Altrincham v Boston Utd	,,Over 9.5 Asian Corners,,,TBD,,,,
,,Vitoria v Internacional,,Brazil Serie A,Over 5.5 Cards,1.5,2.38,N/A,,Paddy Power,Win,2.07
,,RB Bragantino v Corinthians,,Brazil Serie A,Corinthians Most Cards,1.5,2.2,N/A,,Paddy Power,Win,1.80
,6/11,Sao Paulo v Flamengo,,Brazil Serie A,Over 5.5 Cards,1,2.3,N/A,,Paddy Power,Win,1.30
,,Treble,Vitoria v Internacional	,Brazil Serie A,Over 5.5 Cards,0.25,12.02,N/A,,Paddy Power,Win,2.76
,,,RB Bragantino v Corinthians	,,Corinthians Most Cards,,,,,,,
,,,Sao Paulo v Flamengo	,,Over 5.5 Cards,,,,,,,
,,Basel v FCSB,,UEFA Europa League,Over 4.5 Cards,1,2,N/A,,Paddy Power,Win,1.00
,,Crvena Zvezda v Lille,,UEFA Europa League,Over 4.5 Cards,1.25,2.5,N/A,,Paddy Power,Win,1.88
,,Nice v Freiburg,,UEFA Europa League,Over 3.5 Cards,2,1.8,N/A,,Sky Bet,Loss,-2.00
,,Nice v Freiburg,,UEFA Europa League,Over 4.5 Cards,2,2.8,N/A,,Paddy Power,Loss,-2.00
,,Nice v Freiburg,,UEFA Europa League,Red Card ,0.25,8,N/A,,Sky Bet,Loss,-0.25
,,Nice v Freiburg,,UEFA Europa League,Both Teams to Receive a Red Card,0.1,151,N/A,,Paddy Power,Loss,-0.10
,,Rangers v Roma,,UEFA Europa League,Over 3.5 Cards,1.25,1.73,N/A,,Sky Bet,Loss,-1.25
,,Rangers v Roma,,UEFA Europa League,Over 4.5 Cards,0.25,2.5,N/A,,Sky Bet,Loss,-0.25
,,Aston Villa v Maccabi Tel Aviv,,UEFA Europa League,Under 4.5 Cards,1.25,1.67,N/A,,Paddy Power,Win,0.84
,7/11,Perth Glory v Central Coast Mariners,,Australia A-League,Central Coast Mariners 0.0 AH Cards,1,2.08,N/A,,Bet365,Win,1.08
,,Lommel v SK Beveren,,Belgium Challenger Pro League,Over 9.5 Asian Corners,1,1.95,N/A,,Bet365,Loss,-1.00
,,Elche v Real Sociedad,,Spain La Liga,Under 9.5 Corners,1,1.85,N/A,,Paddy Power,Win,0.85
,8/11,Charlotte FC v New York City ,,USA MLS,Both Teams 2+ Cards,1,2.38,N/A,,Sky Bet,Win,1.38
,,Charlotte FC v New York City ,,USA MLS,Both Teams 3+ Cards,0.25,7,N/A,,Sky Bet,Loss,-0.25
,,Girona v Alaves,,Spain La Liga,Girona Most Cards,0.5,3.25,N/A,,Paddy Power,Loss,-0.50
,,Bayer Leverkusen v Heidenheim,,Germany Bundesliga,Bayer Leverkusen +0.5 AH Cards,1,2.05,N/A,,Bet365,Loss,-1.00
,,Swansea v Ipswich,,England Championship,Under 4.5 Cards,1.25,1.91,N/A,,Paddy Power,Loss,-1.25
,,Wrexham v Charlton,,England Championship,Under 3.5 Cards,1.25,2.3,N/A,,Paddy Power,Loss,-1.25
,,Scunthorpe v Yeovil,,England National League,Over 9 Asian Corners,1.25,1.85,N/A,,Bet365,Loss,-1.25
,,Tamworth v Woking,,England National League,Over 9.5 Asian Corners,1.25,1.9,N/A,,Bet365,Win,1.13
,,Double,Scunthorpe v Yeovil	,England National League,Over 9 Asian Corners,0.25,3.51,N/A,,Bet365,Loss,-0.25
,,,Tamworth v Woking	,,Over 9.5 Asian Corners,,,N/A,,,,
,,Eastleigh v York,,England National League,Over 9 Asian Corners,1,1.85,N/A,,Bet365,Win,0.85
,,Morecambe v Sutton Utd,,England National League,Over 9 Asian Corners,1,1.8,N/A,,Bet365,Win,0.80
,,Sevilla v Osasuna,,Spain La Liga,Osasuna Most Cards,1,2.75,N/A,,Paddy Power,Loss,-1.00
,,Atletico Madrid v Levante,,Spain La Liga,Under 4.5 Asian Total Cards,1.25,2,N/A,,Bet365,Win,1.25
,,Espanyol v Villarreal,,Spain La Liga,Over 4.5 Cards,1,2,N/A,,Paddy Power,Loss,-1.00
,,Venezia v Sampdoria,,Italy Serie B,Venezia -1 AH Corners,1,1.8,N/A,,Bet365,Loss,-1.00
,,Minnesota Utd v Seattle Sounders,,USA MLS,Under 4.5 Asian Total Cards,1,1.75,N/A,,Bet365,Loss,-1.00
,9/11,Sao Paulo v Bragantino,,Brazil Serie A,Under 6.5 Asian Total Cards,1.5,1.78,N/A,,Bet365,Win,1.17
,,Sydney FC v Macarthur FC,,Australia A-League,Under 4.5 Asian Total Cards,1,1.75,N/A,,Bet365,Loss,-1.00
,,Sydney FC v Macarthur FC,,Australia A-League,Macarthur FC +2.5 AH Corners,1,1.83,N/A,,Bet365,Win,0.83
,,Atalanta v Sassuolo,,Italy Serie A,Under 3.5 Cards,1,1.83,N/A,,Paddy Power,Win,0.83
,,Crystal Palace v Brighton,,Premier League,Crystal Palace +0.5 AH Cards,1,1.95,N/A,,Bet365,Loss,-1.00
,,Genoa v Fiorentina,,Italy Serie A,Fiorentina +0.5 AH Cards,1.5,1.95,N/A,,Bet365,Win,1.43
,,Bologna v Napoli,,Italy Serie A,Over 3.5 Asian Total Cards,1,1.8,N/A,,Bet365,Win,0.80
,,Bologna v Napoli,,Italy Serie A,Over 4.5 Cards,0.25,2.62,N/A,,Bet365,Loss,-0.25
,,Frankfurt v Mainz,,Germany Bundesliga,Mainz Most Cards,2,2.25,N/A,,Sky Bet,Win,2.50
,,Vitoria v Botafogo,,Brazil Serie A,Botafogo +0.5 AH Cards,1.25,2.1,N/A,,Bet365,Win,1.38
,,Vitoria v Botafogo,,Brazil Serie A,Botafogo +0 Card Handicap,0.25,3.6,N/A,,Bet365,Loss,-0.25
,,Vitoria v Botafogo,,Brazil Serie A,Over 5.5 Cards,1,2.38,N/A,,Sky Bet,Loss,-1.00
,,Corinthians v Ceara,,Brazil Serie A,Over 5.5 Cards,1.5,2.38,N/A,,Sky Bet,Win,2.07
,,Inter v Lazio,,Italy Serie A,Inter Most Cards,0.5,4.33,N/A,,Sky Bet,Win,1.67
,,Fortaleza v Gremio,,Brazil Serie A,Over 5.5 Cards,1,2,N/A,,Paddy Power,Win,1.00
,11/11,Roma W v Valerenga W,,UEFA Champions League Women,Under 10 Asian Corners,1,1.83,N/A,,Bet365,Win,0.83
,,MK Dons v Swindon,,England EFL Trophy,Over 9.5 Asian Corners,1.25,2,1.79,111.73%,Bet365,Loss,-1.25
,,MK Dons v Swindon,,England EFL Trophy,Over 10.5 Corners,0.25,2.62,2.37,110.55%,Bet365,Loss,-0.25
,,MK Dons v Swindon,,England EFL Trophy,Over 11.5 Corners,0.15,3.5,N/A,,Bet365,Loss,-0.15
,,MK Dons v Swindon,,England EFL Trophy,Over 12.5 Corners,0.1,5,N/A,,Bet365,Loss,-0.10
,,York v Rochdale,,England National League,Over 9 Asian Corners,1.5,1.9,N/A,,Bet365,Loss,-1.50
,12/11,Benfica Women v FC Twente Women,,UEFA Champions League Women,FC Twente W +0.5 AH Corners,1,1.98,1.86,106.45%,Bet365,Win,0.98
,13/11,Moldova v Italy,,FIFA World Cup Qualifiers Europe,Italy +1 AH Cards,1,1.8,N/A,,Bet365,Loss,-1.00
,14/11,Turkey U21 v Ukraine U21,,Euro U21 Qualification,Under 10 Asian Corners,1,1.8,N/A,,Bet365,Win,0.80
,,Poland v Netherlands,,FIFA World Cup Qualifiers Europe,Netherlands +0.5 AH Cards,1.25,2.03,N/A,,Bet365,Loss,-1.25
,15/11,Kazakhstan v Belgium,,FIFA World Cup Qualifiers Europe,Over 9 Asian Corners,1,1.8,N/A,,Bet365,Win,0.80
,,Penybont v Bala Town,,Wales Premier League,Over 8.5 Asian Corners,1.25,1.93,1.77,109.04%,Bet365,Loss,-1.25
,,Penybont v Bala Town,,Wales Premier League,Over 9.5 Corners,0.25,2.5,2.32,107.76%,Bet365,Loss,-0.25
,,Penybont v Bala Town,,Wales Premier League,Over 10.5 Corners,0.15,3.5,N/A,,Bet365,Loss,-0.15
,,Penybont v Bala Town,,Wales Premier League,Over 11.5 Corners,0.1,5,N/A,,Bet365,Loss,-0.10
,,Georgia v Spain,,FIFA World Cup Qualifiers Europe,Spain +0.5 AH Cards,1,1.95,N/A,,Bet365,Win,0.95
,,Liechstenstein v Wales,,FIFA World Cup Qualifiers Europe,Wales -8 Corner Handicap,1,1.91,N/A,,Paddy Power,Loss,-1.00
,,Slovenia v Kosovo,,FIFA World Cup Qualifiers Europe,Under 8.5 Corners,1.25,2.1,N/A,,Paddy Power,Loss,-1.25
,,Sport Recife v Flamengo,,Brazil Serie A,Over 4.5 Cards,1,2,N/A,,Paddy Power,Win,1.00
,16/11,Santos v Flamengo,,Brazil Serie A,Over 5.5 Cards,1,2.3,N/A,,Paddy Power,Loss,-1.00
,,Double,Sport Recife v Flamengo	,Brazil Serie A,Over 4.5 Cards,0.25,4.6,TBD,,Paddy Power,Loss,-0.25
,,,Santos v Flamengo,,Over 5.5 Cards,,,TBD,,,,
,,Serbia v Latvia,,FIFA World Cup Qualifiers Europe,Serbia +1 AH Cards,1.25,1.95,N/A,,Bet365,Loss,-1.25
,,Serbia v Latvia,,FIFA World Cup Qualifiers Europe,Over 3.5 Cards,1.25,2.2,N/A,,Sky Bet,Loss,-1.25
,,Albania v England,,FIFA World Cup Qualifiers Europe,England -2.5 AH Corners,1,2,N/A,,Bet365,Loss,-1.00
,,Italy v Norway,,FIFA World Cup Qualifiers Europe,Over 9.5 Corners,1.25,2.2,N/A,,Paddy Power,Loss,-1.25
,,Italy v Norway,,FIFA World Cup Qualifiers Europe,Norway +1 Corner Handicap,1,2.3,N/A,,Paddy Power,Loss,-1.00
,17/11,Netherlands v Lithuania,,FIFA World Cup Qualifiers Europe,Over 9 Asian Corners,1,1.95,N/A,,Bet365,Loss,-1.00
,,Czechia v Gibraltar,,FIFA World Cup Qualifiers Europe,Czechia -8 AH Corners,2,1.95,N/A,,Bet365,Win,1.90
,,Czechia v Gibraltar,,FIFA World Cup Qualifiers Europe,Over 10.5 Corners,1.5,2,N/A,,Sky Bet,Win,1.50
,18/11,Greece U21 v Northern Ireland U21,,Euro U21 Qualification,Under 9 Asian Corners,1,2,N/A,,Bet365,Win,1.00
,,Lithuania U21 v Turkey U21,,Euro U21 Qualification,Lithuania U21 +6 AH Corners,2,1.8,N/A,,Bet365,Win,1.60
,,Lithuania U21 v Turkey U21,,Euro U21 Qualification,Under 10 Asian Corners,1.5,2,N/A,,Bet365,Win,1.50
,,Finland U21 v Kosovo U21,,Euro U21 Qualification,Under 10 Asian Corners,1,1.8,N/A,,Bet365,Win,0.80
,,Double,Greece U21 v Northern Ireland U21	,Euro U21 Qualification,Under 9 Asian Corners,0.5,3.6,TBD,,Bet365,Win,1.30
,,,Finland U21 v Kosovo U21	,,Under 10 Asian Corners,,,TBD,,,,
,,Hungary U21 v Croatia U21,,Euro U21 Qualification,Over 8.5 Asian Corners,1,2,N/A,,Bet365,Loss,-1.00
,,Belgium v Liechtenstein,,FIFA World Cup Qualifiers Europe,Under 2.5 Cards,1.25,1.87,N/A,,Paddy Power,Win,1.09
,,Kosovo v Switzerland,,FIFA World Cup Qualifiers Europe,Switzerland -2 Corner Handicap,1,2.3,N/A,,Paddy Power,Loss,-1.00
,,Belgium v Liechtenstein,,FIFA World Cup Qualifiers Europe,Corner Bet Builder,1.5,1.86,N/A,,Bet365,Win,1.29
,,Belgium v Liechtenstein,,FIFA World Cup Qualifiers Europe,Corner Bet Builder,0.25,3.1,N/A,,Bet365,Loss,-0.25
,,Darlington v Peterborough Sports,,England National League North,Over 8 Asian Corners,1.25,1.9,N/A,,Bet365,Win,1.13
,19/11,Valerenga Women v St Polten Women,,UEFA Champions League Women,Under 10 Asian Corners,1,1.88,N/A,,Bet365,Win,0.88
,21/11,Double,Nice v Marseille,France Ligue 1,Marseille -1.5 AH Corners,0.25,3.9,TBD,,Bet365,Loss,-0.25
,,,PSG v Le Havre,,PSG -4.5 AH Corners,,,TBD,,,,
,,Nice v Marseille,,France Ligue 1,Marseille -1.5 AH Corners,1,2,N/A,,Bet365,Loss,-1.00
,,Valencia v Levante,,Spain La Liga,Both Teams 2+ Cards,2.5,1.8,N/A,,Sky Bet,Win,2.00
,,Valencia v Levante,,Spain La Liga,Both Teams 3+ Cards,0.5,4,N/A,,Sky Bet,Loss,-0.50
,,Valencia v Levante,,Spain La Liga,Over 9.5 Corners,1,1.85,N/A,,Sky Bet,Loss,-1.00
,22/11,Harrogate Town v Walsall,,England League 2,Harrogate Town +2 AH Corners,1,1.95,N/A,,Bet365,Loss,-1.00
,,Oxford Utd v Middlesbrough,,England Championship,Middlesbrough Most Cards,2,2.4,N/A,,Paddy Power,Loss,-2.00
,,Northampton v Cardiff,,England League 1,Northampton +1 AH Corners,1,1.8,N/A,,Bet365,Win,0.80
,,Swindon v Grimsby,,England League 2,Over 10 Asian Corners,1,1.98,N/A,,Bet365,Win,0.98
,,Truro City v Sutton Utd,,England National League,Over 9 Asian Corners,1.25,1.83,N/A,,Bet365,Win,1.04
,,Halifax v Solihull Moors,,England National League,Over 9 Asian Corners,1,1.83,N/A,,Bet365,Win,0.83
,,Wolves v Crystal Palace,,Premier League,Wolves 0.0 AH Cards,1,2.05,1.93,106.22%,Bet365,Loss,-1.00
,,Barcelona v Athletic Bilbao,,Spain La Liga,Barcelona -2.5 AH Corners,1,1.98,N/A,,Bet365,Loss,-1.00
,,Boston Utd v Carlisle,,England National League,Over 9 Asian Corners,1,1.83,N/A,,Bet365,Win,0.83
,,PSG v Le Havre,,France Ligue 1,PSG -4.5 AH Corners,1,1.95,N/A,,Bet365,Loss,-1.00
,23/11,Palmeiras v Fluminense,,Brazil Serie A,Fluminense +3.5 AH Corners,1.25,1.83,N/A,,Bet365,Win,1.04
,,Flamengo v RB Bragantino,,Brazil Serie A,Flamengo -4 Corner Handicap,1.5,2.2,N/A,,Paddy Power,Loss,-1.50
,,Sheff Wed v Sheff Utd,,England Championship,Over 10.5 Corners,1.25,2.25,N/A,,Sky Bet,Win,1.56
,,Sheff Wed v Sheff Utd,,England Championship,Over 10.5 Corners,1.75,2.2,N/A,,Sky Bet,Win,2.10
,,Sheff Wed v Sheff Utd,,England Championship,Over 11.5 Corners,0.25,3.2,N/A,,Sky Bet,Loss,-0.25
,,Kaiserslautern v Holstein Kiel,,Germany Bundesliga 2,Holstein Kiel +1 AH Corners,1,1.98,N/A,,Bet365,Loss,-1.00
,,Leeds v Aston Villa,,Premier League,Over 3.5 Cards,1.25,1.83,N/A,,Sky Bet,Win,1.04
,,Leeds v Aston Villa,,Premier League,Both Teams 2+ Cards,0.5,2.88,N/A,,Sky Bet,Loss,-0.50
,,RB Leipzig v Werder Bremen,,Germany Bundesliga ,Under 4.5 Asian Total Cards,1,2.05,N/A,,Bet365,Win,1.05
,,RB Leipzig v Werder Bremen,,Germany Bundesliga ,Werder Bremen -0.5 AH Cards,1.5,1.95,N/A,,Bet365,Win,1.43
,,Double,Lazio v Lecce,Italy Serie A,Lecce +3 Corner Handicap,0.25,3.82,N/A,,Sky Bet,Loss,-0.25
,,,Elche v Real Madrid,Spain La Liga,Elche +3 Corner Handicap,,,,,,,
,,Lazio v Lecce,,Italy Serie A,Lecce +3 Corner Handicap,1,2,N/A,,Sky Bet,Loss,-1.00
,,Cuiaba v Criciuma,,Brazil Serie B,Under 10 Asian Corners,1,1.8,N/A,,Bet365,Loss,-1.00
,,Sao Paulo v Juventude,,Brazil Serie A,Sao Paulo -3 AH Corners,1.5,1.95,N/A,,Bet365,Loss,-1.50
,,Elche v Real Madrid,,Spain La Liga,Elche +3 Corner Handicap,1.5,1.91,N/A,,Sky Bet,Loss,-1.50
,,Cincinnati v Inter Miami,,USA MLS,Under 4.5 Cards,1,1.95,N/A,,Paddy Power,Win,0.95
,,Cruzeiro v Corinthians,,Brazil Serie A,Corinthians +2.5 AH Corners,1.25,1.98,N/A,,Bet365,Loss,-1.25
,24/11,Istanbul Basaksehir v Trabzonspor,,Turkey Super Lig,Istanbul Basaksehir -0.5 AH Corners,1,1.95,N/A,,Bet365,Loss,-1.00
,,Larissa v OFI Crete,,Greece Super League,Larissa -1 AH Corners,1,2,N/A,,Bet365,Win,1.00
,,Reims v Montpellier,,France Ligue 2,Reims -0.5 AH Corners,1.25,1.95,N/A,,Bet365,Win,1.19
,25/11,San Diego FC v Minnesota Utd,,USA MLS,Minnesota Utd Most Cards,3,2.25,N/A,,Paddy Power,Loss,-3.00
,,Double,Ajax v Benfica,UEFA Champions League,Over 4.5 Asian Total Cards,0.5,3.9,3.58,108.94%,Bet365,Loss,-0.50
,,,Galatasaray v Union St Gilloise,,Under 5 Asian Total Cards,,,,,,,
,,Ajax v Benfica,,UEFA Champions League,Benfica +0.5 AH Cards,1,1.8,1.7,105.88%,Bet365,Win,0.80
,,Watford v Preston,,England Championship,Watford +0.5 AH Cards,1,2.05,N/A,,Bet365,Loss,-1.00
,,Peterborough v Stevenage,,England League 1,Stevenage Most Corners,1,2.4,2.27,105.73%,Paddy Power,Loss,-1.00
,,Man City v Bayer Leverkusen,,UEFA Champions League,Man City -4 Corner Handicap,1.25,2.3,N/A,,Paddy Power,Win,1.63
,,Man City v Bayer Leverkusen,,UEFA Champions League,Man City +1 AH Cards,1,1.88,N/A,,Bet365,Loss,-1.00
,,Napoli v Qarabag,,UEFA Champions League,Napoli +1 AH Cards,1,1.8,N/A,,Bet365,Win,0.80
,,Chelsea v Barcelona,,UEFA Champions League,Barcelona 0.0 AH Cards,1.5,1.95,N/A,,Bet365,Win,1.43
,26/11,FC Copenhagen v Kairat Almaty,,UEFA Champions League,FC Copenhagen -2 AH Corners,1,1.85,N/A,,Bet365,Win,0.85
,,RB Bragantino v Fortaleza,,Brazil Serie A,Over 5.5 Cards,1.25,2.1,N/A,,Sky Bet,Loss,-1.25
,27/11,AZ v Shelbourne,,UEFA Conference League,Over 9 Asian Corners,1,1.93,N/A,,Bet365,Win,0.93
,,Aston Villa v Young Boys,,UEFA Europa League,Young Boys Most Cards,2,1.91,N/A,,Sky Bet,Loss,-2.00
,,Aston Villa v Young Boys,,UEFA Europa League,Young Boys +5 Corner Handicap,1,2.2,N/A,,Sky Bet,Loss,-1.00
,,Breidablik v Samsunspor,,UEFA Conference League,Breidablik +1 AH Corners,1,1.95,N/A,,Bet365,Loss,-1.00
,,Betis v Utrecht,,UEFA Europa League,Utrecht +3 Corner Handicap,1.5,2.38,N/A,,Sky Bet,Win,2.07
,,Genk v Basel,,UEFA Europa League,Basel Most Cards,1,2.2,N/A,,Sky Bet,Loss,-1.00
,,Panathinaikos v Sturm Graz,,UEFA Europa League,Panathanaikos +0.5 AH Cards,1,1.98,N/A,,Bet365,Win,0.98
,,Go Ahead Eagles v Stuttgart,,UEFA Europa League,Stuttgart +0.5 AH Cards,1.5,1.98,N/A,,Bet365,Win,1.47
,28/11,Oxford Utd v Ipswich,,England Championship,Ipswich -1 Corner Handicap,1.25,2,N/A,,Paddy Power,Win,1.25
,,Oxford Utd v Ipswich,,England Championship,Ipswich -1 Corner Handicap,0.25,1.91,N/A,,Paddy Power,Win,0.23
,29/11,Portsmouth v Bristol City,,England Championship,Portsmouth -0.5 AH Corners,1,2,N/A,,Bet365,Loss,-1.00
,,Mallorca v Osasuna,,Spain La Liga,Both Teams 2+ Cards,1.25,2,N/A,,Sky Bet,Win,1.25
,,Norwich v QPR,,England Championship,Over 10.5 Corners,1,2.25,N/A,,Paddy Power,Win,1.25
,,Colchester v Cheltenham,,England League 2,Cheltenham +3.5 AH Corners,1,1.83,N/A,,Bet365,Win,0.83
,,Bristol Rovers v Notts County,,England League 2,Bristol Rovers 0.0 AH Corners,1.25,1.98,N/A,,Bet365,Win,1.23
,,Newport County v Barrow,,England League 2,Newport County +0.5 AH Corners,1,1.98,N/A,,Bet365,Win,0.98
,,Cambridge Utd v Crewe,,England League 2,Cambridge Utd -1 AH Corners,1.25,1.9,N/A,,Bet365,Win,1.13
,,Treble,Newport County v Barrow	,England League 2,Newport County +0.5 AH Corners,0.25,6.84,N/A,,Bet365,Win,1.46
,,,Cambridge Utd v Crewe	,,Cambridge -1 AH Corners,,,,,,,
,,,Colchester v Cheltenham	,,Cheltenham +3.5 AH Corners,,,,,,,
,,Monaco v PSG,,France Ligue 1,PSG +0.5 AH Cards,2,1.88,N/A,,Bet365,Loss,-2.00
,,Levante v Athletic Bilbao,,Spain La Liga,Both Teams 2+ Cards,0.75,2.5,N/A,,Sky Bet,Win,1.13
,,Bayer Leverkusen v Dortmund,,Germany Bundesliga,Bayer Leverkusen +0.5 AH Cards,1,1.85,N/A,,Bet365,Loss,-1.00
,,Marseille v Toulouse,,France Ligue 1,Marseille +0.5 AH Cards,3,2,N/A,,Bet365,Win,3.00
,,Inter Miami v New York City,,USA MLS,Under 4.5 Cards,1,2.1,N/A,,Sky Bet,Loss,-1.00
,30/11,Auckland FC v Newcastle Jets,,Australia A-League,Newcastle Jets +0.5 AH Cards,1.5,1.75,N/A,,Bet365,Loss,-1.50
,,Macarthur FC v Perth Glory,,Australia A-League,Under 10.5 Asian Corners,1,1.95,N/A,,Bet365,Loss,-1.00
,,Lecce v Torino,,Italy Serie A,Under 4 Asian Total Cards,1.25,2.03,N/A,,Bet365,Loss,-1.25
,,Arka Gdynia v Rakow Czestochowa ,,Poland Ekstraklasa,Under 9.5 Asian Corners,1,1.83,N/A,,Bet365,Win,0.83
,,Pisa v Inter,,Italy Serie A,Inter +0.5 AH Cards,2,1.98,N/A,,Bet365,Loss,-2.00
,,Nottm Forest v Brighton,,Premier League,Nottm Forest Most Cards,1,3.4,N/A,,Paddy Power,Loss,-1.00
,,Atromitos Athinon v Asteras Tripolis,,Greece Super League,Atromitos Athinon 0.0 AH Corners,1,1.8,N/A,,Bet365,Win,0.80
,,Angers v Lens,,France Ligue 1,Lens Most Cards,1,2.4,N/A,,Paddy Power,Loss,-1.00
,,Sandefjord v KFUM,,Norway Eliteserien,Sandefjord 0.0 AH Corners,1.25,1.95,N/A,,Bet365,Loss,-1.25
,2/12,Juventus v Udinese,,Coppa Italia,Under 4 Asian Total Cards,1.25,1.75,N/A,,Bet365,Win,0.94
,3/12,Gremio v Fluminense,,Brazil Serie A,Fluminense 0.0 AH Cards,1,1.9,N/A,,Bet365,Loss,-1.00
,,Napoli v Cagliari,,Coppa Italia,Under 3.5 Asian Total Cards,1.5,1.83,N/A,,Bet365,Win,1.25
,,Brighton v Aston Villa,,Premier League,Under 9.5 Asian Corners,1.25,1.98,N/A,,Bet365,Loss,-1.25
,,Hamburg v Holstein Kiel,,DFB Pokal,Under 10.5 Asian Corners,1,1.98,N/A,,Bet365,Win,0.98
,,Inter v Venezia,,Coppa Italia,10+ Corners,1.25,2,N/A,,Sky Bet,Loss,-1.25
,,Liverpool v Sunderland,,Premier League,Liverpool -3 AH Corners,1.25,1.83,N/A,,Bet365,Win,1.04
,,Liverpool v Sunderland,,Premier League,Xhaka to be Carded,1,5,N/A,,Paddy Power,Loss,-1.00
,,Fortaleza v Corinthians,,Brazil Serie A,Corinthians +1 AH Corners,1,1.95,N/A,,Bet365,Win,0.95
,4/12,Flamengo v Ceara,,Brazil Serie A,Under 5 Asian Total Cards,1,1.93,N/A,,Bet365,Win,0.93
,,Cruzeiro v Botafogo,,Brazil Serie A,Over 4.5 Cards,1,1.95,N/A,,Paddy Power,Win,0.95
,5/12,Brest v Monaco,,France Ligue 1,Monaco Most Cards,1.5,2.4,N/A,,Paddy Power,Win,2.10
,,Lille v Marseille,,France Ligue 1,Both Teams 2+ Cards,3,2.25,N/A,,Sky Bet,Loss,-3.00
,,Lille v Marseille,,France Ligue 1,Both Teams 3+ Cards,0.5,6.5,N/A,,Sky Bet,Loss,-0.50
,6/12,Felgueiras 1932 v Sporting B,,Portugal Liga 2,Felgueiras 1932 -1 AH Corners,1,1.95,N/A,,Bet365,Win,0.95
,,Cardiff v Huddersfield,,England League 1,Huddersfield +1 AH Corners,1.25,1.95,N/A,,Bet365,Win,1.19
,,Halifax v Braintree Town,,England National League,Under 10 Asian Corners,1.25,1.93,N/A,,Bet365,Loss,-1.25
,,Toulouse v Strasbourg,,France Ligue 1,Both Teams 2+ Cards,3,2.38,N/A,,Sky Bet,Win,4.14
,,Toulouse v Strasbourg,,France Ligue 1,Both Teams 3+ Cards,0.5,7,N/A,,Sky Bet,Win,3.00
,7/12,Man Utd (W) v West Ham (W)	,,England Women Super League,Over 9.5 Asian Corners,1.25,2,N/A,,Bet365,Loss,-1.25
,,Man Utd (W) v West Ham (W)	,,England Women Super League,West Ham (W) +4.5 AH Corners,1.25,1.95,N/A,,Bet365,Loss,-1.25
,,Chelsea (W) v Everton (W),,England Women Super League,Everton (W) +6 AH Corners,1.25,2,N/A,,Bet365,Loss,-1.25
,,Chelsea (W) v Everton (W),,England Women Super League,Over 9.5 Asian Corners,1,1.83,N/A,,Bet365,Win,0.83
,,Chelsea (W) v Everton (W),,England Women Super League,10+ Corners,1,2,N/A,,Sky Bet,Win,1.00
,,Valencia v Sevilla,,Spain La Liga,Both Teams 2+ Cards,1.5,1.8,N/A,,Sky Bet,Win,1.20
,,Auxerre v Metz,,France Ligue 1,Under 4.5 Asian Total Cards,1,1.8,N/A,,Bet365,Win,0.80
,,Lazio v Bologna,,Italy Serie A,Bologna 0.0 AH Cards,1.25,1.8,N/A,,Bet365,Loss,-1.25
,,Lazio v Bologna,,Italy Serie A,Under 5.5 Asian Total Cards,1,1.9,N/A,,Bet365,Loss,-1.00
,,Lazio v Bologna,,Italy Serie A,Under 5.5 Asian Total Cards,0.5,2,N/A,,Bet365,Loss,-0.50
,,Internacional v RB Bragantino,,Brazil Serie A,Both Teams 2+ Cards,3,1.91,N/A,,Sky Bet,Win,2.73
,,Internacional v RB Bragantino,,Brazil Serie A,Both Teams 3+ Cards,0.5,5,N/A,,Sky Bet,Loss,-0.50
,,Vitoria v Sao Paulo,,Brazil Serie A,Both Teams 2+ Cards,2,1.91,N/A,,Sky Bet,Loss,-2.00
,,Vitoria v Sao Paulo,,Brazil Serie A,Both Teams 3+ Cards,0.25,5,N/A,,Sky Bet,Loss,-0.25
,,Botafogo v Fortaleza,,Brazil Serie A,Both Teams 2+ Cards & Over 5.5 Cards,2,2.32,N/A,,Sky Bet,Loss,-2.00
,,Treble,Internacional v RB Bragantino	,Brazil Serie A,Both Teams 2+ Cards,0.5,8.47,N/A,,Sky Bet,Loss,-0.50
,,,Vitoria v Sao Paulo	,,Both Teams 2+ Cards,,,,,,,
,,,Botafogo v Fortaleza	,,Both Teams 2+ Cards & Over 5.5 Cards,,,,,,,
,,Treble,Internacional v RB Bragantino	,Brazil Serie A,Both Teams 3+ Cards,0.25,93.75,N/A,,Sky Bet,Loss,-0.25
,,,Vitoria v Sao Paulo	,,Both Teams 3+ Cards,,,,,,,
,,,Botafogo v Fortaleza	,,Both Teams 3+ Cards,,,,,,,
,,Real Madrid v Celta Vigo,,Spain La Liga,Under 4.5 Cards,1,1.67,N/A,,Sky Bet,Loss,-1.00
,,Real Madrid v Celta Vigo,,Spain La Liga,Under 3.5 Cards,0.5,2.38,N/A,,Sky Bet,Loss,-0.50
,8/12,Pisa v Parma,,Italy Serie A,Pisa Most Cards,0.75,3,N/A,,Sky Bet,Win,1.50
,,Udinese v Genoa,,Italy Serie A,Over 4 Asian Total Cards,1,1.9,N/A,,Bet365,Loss,-1.00
,,Torino v AC Milan,,Italy Serie A,Under 3.5 Cards,1.5,2.2,N/A,,Ladbrokes,Win,1.80
,,Wolves v Man Utd,,Premier League,Wolves 0.0 AH Cards,1,1.95,N/A,,Bet365,Win,0.95
,9/12,Swindon v Cheltenham ,,England League 2,Cheltenham +3.5 AH Corners,1,1.95,N/A,,Bet365,Win,0.95
,,Shrewbury v Grimsby,,England League 2,Grimsby 0.0 AH Corners,1,1.83,N/A,,Bet365,Win,0.83
,,Double,Swindon v Cheltenham 	,England League 2,Cheltenham +3.5 AH Corners,0.25,3.52,N/A,,Bet365,Win,0.63
,,,Shrewbury v Grimsby	,,Grimsby 0.0 AH Corners,,,,,,,
,,Preston v Coventry,,England Championship,Coventry Most Cards,0.5,4,N/A,,Paddy Power,Loss,-0.50
,,Southampton v West Brom,,England Championship,Southampton +0.5 AH Cards,1.25,2,N/A,,Bet365,Win,1.25
,,Watford v Sheff Wed,,England Championship,Watford +0.5 AH Cards,1,1.98,N/A,,Bet365,Win,0.98
,,Union SG v Marseille,,UEFA Champions League,Both Teams 2+ Cards,2,2.25,N/A,,Sky Bet,Loss,-2.00
,,Monaco v Galatasaray,,UEFA Champions League,Both Teams 2+ Cards,2,2.2,N/A,,Sky Bet,Loss,-2.00
,,Tottenham v Slavia Prague,,UEFA Champions League,Over 3.5 Cards,1,1.73,N/A,,Sky Bet,Win,0.73
,,Double,Union SG v Marseille	,UEFA Champions League,Both Teams 2+ Cards,0.5,4.95,N/A,,Sky Bet,Loss,-0.50
,,,Monaco v Galatasaray	,,Both Teams 2+ Cards,,,,,,,
,,Double,Union SG v Marseille	,UEFA Champions League,Both Teams 3+ Cards,0.1,39,N/A,,Sky Bet,Loss,-0.10
,,,Monaco v Galatasaray	,,Both Teams 3+ Cards,,,,,,,
,10/12,Qarabag v Ajax,,UEFA Champions League,Both Teams 2+ Cards,2,2.2,N/A,,Sky Bet,Loss,-2.00
,,Villarreal v FC Copenhagen,,UEFA Champions League,Both Teams 2+ Cards,1.5,2.38,N/A,,Sky Bet,Win,2.07
,,Double,Qarabag v Ajax ,UEFA Champions League,Both Teams 2+ Cards,0.25,5.23,N/A,,Sky Bet,Loss,-0.25
,,,Villarreal v FC Copenhagen    ,,Both Teams 2+ Cards,,,,,,,
,,Double,Qarabag v Ajax ,UEFA Champions League,Both Teams 3+ Cards,0.1,42,N/A,,Sky Bet,Loss,-0.10
,,,Villarreal v FC Copenhagen    ,,Both Teams 3+ Cards,,,,,,,
,,Leverkusen v Newcastle,,UEFA Champions League,Both Teams 2+ Cards,1.5,2.1,N/A,,Sky Bet,Win,1.65
,,Kings Lynn Town v Macclesfield,,England National League North,Over 9 Asian Corners,1.25,1.93,N/A,,Bet365,Win,1.16
,,Ipswich v Stoke,,England Championship,Under 4.5 Asian Total Cards,1,1.95,N/A,,Bet365,Win,0.95
,11/12,Double,Aberdeen v Strasbourg,UEFA Conference League,Aberdeen +1.5 AH Corners,0.75,3.6,N/A,,Bet365,Win,1.95
,,,HNK Rijeka v Celje ,,HNK Rijeka -1 AH Corners,,,,,,,
,12/12,West Brom v Sheff Utd,,England Championship,Sheff Utd +1 Corner Handicap,1.5,2.3,N/A,,Paddy Power,Loss,-1.50
,13/12,Western Sydney Wanderers v Brisbane Roar,,Australia A-League,Western Sydney Wanderers 0.0 AH Corners,1.25,1.83,N/A,,Bet365,Win,1.04
,,Sudtirol v Bari,,Italy Serie B,Sudtirol -1 AH Corners,1.25,1.98,N/A,,Bet365,Loss,-1.25
,,Walsall v Shrewsbury ,,England League 2,Shrewsbury +2.5 AH Corners,1.25,1.85,N/A,,Bet365,Win,1.06
,,Liverpool v Brighton,,Premier League,Brighton Most Cards,2,2.38,N/A,,Sky Bet,Win,2.76
,,Metz v PSG,,France Ligue 1,PSG +0.5 AH Cards,1,2.08,N/A,,Bet365,Loss,-1.00
,,PSV v Heracles,,Netherlands Eredivisie,PSV -5 AH Corners,1,1.83,N/A,,Bet365,Win,0.83
,14/12,Lyon v Le Havre,,France Ligue 1,Under 4.5 Asian Total Cards,1,2,N/A,,Bet365,Loss,-1.00
,,Sunderland v Newcastle,,Premier League,Sunderland 0.0 AH Cards,1,1.98,N/A,,Bet365,Win,0.98
,,West Ham v Aston Villa,,Premier League,Aston Villa +1 AH Cards,1.5,1.78,N/A,,Bet365,Win,1.17
,,West Ham v Aston Villa,,Premier League,Aston Villa +0 Card Handicap,0.25,4.75,N/A,,Bet365,Win,0.94
,,Man Utd (W) v Tottenham (W),,England Women Super League,Over 8.5 Asian Corners,1,1.88,N/A,,Bet365,Win,0.88
,,Celta Vigo v Athletic Bilbao,,Spain La Liga,Over 4.5 Cards,3,2.3,N/A,,Paddy Power,Win,3.90
,,Celta Vigo v Athletic Bilbao,,Spain La Liga,Over 5.5 Cards,1,3.9,N/A,,Paddy Power,Loss,-1.00
,,Celta Vigo v Athletic Bilbao,,Spain La Liga,Over 6.5 Cards,0.5,7,N/A,,Paddy Power,Loss,-0.50
,,Werder Bremen v Stuttgart,,Germany Bundesliga,Stuttgart +0.5 AH Cards,1,1.95,N/A,,Bet365,Loss,-1.00
,,Corinthians v Cruzeiro,,Brazil Cup,Cruzeiro Most Corners,1.25,1.8,N/A,,Sky Bet,Loss,-1.25
,,Fluminense v Vasco Da Gama,,Brazil Cup,Vasco Da Gama Most Cards,1.25,2,N/A,,Sky Bet,Loss,-1.25
,,Double,Corinthians v Cruzeiro	,Brazil Cup,Cruzeiro Most Corners,0.75,3.6,N/A,,Sky Bet,Loss,-0.75
,,,Fluminense v Vasco Da Gama	,,Vasco Da Gama Most Cards,,,,,,,
,15/12,Roma v Como,,Italy Serie A,Under 4.5 Asian Total Cards,1.25,2.03,N/A,,Bet365,Loss,-1.25
,,Rayo Vallecano v Betis,,Spain La Liga,Rayo Vallecano -1 Corner Handicap,1,2.3,N/A,,Paddy Power,Win,1.30
,17/12,Man City v Brentford,,EFL Cup,Under 3.5 Cards,1,1.95,N/A,,Paddy Power,Win,0.95
,18/12,Patro Eisden Maasmechelen v Eupen,,Belgium Challenger Pro League,Under 9 Asian Corners,1.25,2,1.89,105.82%,Bet365,Loss,-1.25
,19/12,Macarthur FC v Brisbane Roar,,Australia A-League,Macarthur FC +0.5 AH Cards,1.25,2.05,1.92,106.77%,Bet365,Win,1.31
,,Macarthur FC v Brisbane Roar,,Australia A-League,Over 4 Asian Total Cards,1.25,1.98,1.7,116.47%,Bet365,Win,1.23
,,Western Sydney Wanderers v Auckland FC,,Australia A-League,Over 3 Asian Total Cards,3,1.78,N/A,,Bet365,Win,2.34
,20/12,Bournemouth v Burnley,,Premier League,Bournemouth +0.5 AH Cards,1,2,1.88,106.38%,Bet365,Win,1.00
,,York v Truro City,,England National League,Over 9.5 Asian Corners,1.25,1.95,1.74,112.07%,Bet365,Win,1.19
,,Yeovil v Forest Green,,England National League,Forest Green -2 AH Corners,1,1.95,1.81,107.73%,Bet365,Win,0.95
,,Tamworth v Southend,,England National League,Over 9.5 Asian Corners,1.25,2,N/A,,Bet365,Win,1.25
,,Real Madrid v Sevilla,,Spain La Liga,Under 4.5 Asian Total Cards,1.5,1.78,N/A,,Bet365,Loss,-1.50
,21/12,Villarreal v Barcelona,,Spain La Liga,Barcelona -1 Corner Handicap,1.5,2.63,2.26,116.37%,Paddy Power,Win,2.45
,,Morocco v Comoros,,African Cup of Nations,Morocco +0 Card Handicap,0.75,4.75,N/A,,Bet365,Win,2.81
,22/12,South Africa v Angola,,African Cup of Nations,Under 3.5 Asian Total Cards,2,1.98,N/A,,Bet365,Loss,-2.00
,,Athletic Bilbao v Espanyol,,Spain La Liga,Athletic Bilbao +0.5 AH Cards,1,2.05,1.99,103.02%,Bet365,Win,1.05
,23/12,Arsenal v Crystal Palace,,EFL Cup,Crystal Palace +3 Corner Handicap,1.5,2.38,N/A,,Sky Bet,Loss,-1.50
,24/12,Burkina Faso v Equatorial Guinea,,African Cup of Nations,4+ Cards,1.5,2,N/A,,Paddy Power,Loss,-1.50
,,Burkina Faso v Equatorial Guinea	,,African Cup of Nations,5+ Cards,0.5,3.4,N/A,,Paddy Power,Loss,-0.50
,,Cameroon v Gabon,,African Cup of Nations,Cameroon Most Cards,1,2.8,N/A,,Paddy Power,Win,1.80
,,Cameroon v Gabon,,African Cup of Nations,Gabon 5+ Corners,1,2.6,N/A,,Paddy Power,Win,1.60
,,Cameroon v Gabon,,African Cup of Nations,Cameroon Most Cards & Gabon Most Corners,0.25,6.67,N/A,,Paddy Power,Loss,-0.25
,25/12,Al Feiha v Al Hazm,,Saudi Arabia Professional League,Al Hazm +2 AH Corners,1,1.95,1.85,105.41%,Bet365,Win,0.95
,,Neom SC v Al Najma,,Saudi Arabia Professional League,Al Najma +3 AH Corners,1.25,1.95,1.82,107.14%,Bet365,Win,1.19
,26/12,Millwall v Ipswich,,England Championship,Under 4.5 Asian Total Cards,1.25,1.78,N/A,,Bet365,Win,0.98
,,West Brom v Bristol City,,England Championship,Bristol City Most Cards,1.5,2.8,N/A,,Paddy Power,Win,2.70
,,AFC Wimbledon v Stevenage,,England League 1,Under 8.5 Corners,1,2.25,2.14,105.14%,Paddy Power,Loss,-1.00
,,MK Dons v Swindon,,England League 2,MK Dons -0.5 AH Corners,1,1.85,1.73,106.94%,Bet365,Loss,-1.00
,,South Shields v Spennymoor,,England National League North,Over 8 Asian Total Corners,1,1.9,1.76,107.95%,Bet365,Win,0.90
,27/12,Double,Rangers v Motherwell,Scotland Premiership,Under 10 Asian Corners,0.75,3.85,3.42,112.57%,Bet365,Loss,-0.75
,,,Estoril v Alverca,Portugal Primeira Liga,Under 9.5 Asian Corners,,,,,,,
,28/12,Melbourne City v Perth Glory,,Australia A-League,Perth Glory Most Cards,2,2.2,N/A,,Sky Bet,Loss,-2.00
,,Equatorial Guinea v Sudan,,African Cup of Nations,Equatorial Guinea -0.5 AH Corners,1,1.95,1.85,105.41%,Bet365,Loss,-1.00
,,Crystal Palace v Tottenham,,Premier League,Under 10 Asian Corners,1,1.93,1.91,101.05%,Bet365,Win,0.93
,29/12,Sheff Wed v Blackburn,,England Championship,Blackburn -1 Corner Handicao,1,2.25,2.05,109.76%,Sky Bet,Win,1.25
,,Millwall v Bristol City,,England Championship,Under 4 Asian Total Cards,3,1.8,1.42,126.76%,Bet365,Loss,-3.00
,,Wrexham v Preston,,England Championship,Under 3.5 Cards,1.25,2.5,2.33,107.30%,Paddy Power,Win,1.88
,,Double,Bolton v Mansfield,England League 1,Bolton -2.5 AH Corners,1,3.46,3.1,111.61%,Bet365,Loss,-1.00
,,,MK Dons v Notts County,England League 2,Over 8.5 Asian Corners,,,,,,,
,30/12,Chelsea v Bournemouth,,Premier League,Bournemouth Most Cards,1,2.2,N/A,,Paddy Power,Loss,-1.00
,,Burnley v Newcastle,,Premier League,Newcastle Most Cards,1,3.3,N/A,,Paddy Power,Loss,-1.00
,,Double,Chelsea v Bournemouth	,Premier League,Bournemouth Most Cards,0.25,7.26,N/A,,Paddy Power,Loss,-0.25
,,,Burnley v Newcastle	,,Newcastle Most Cards,,,,,,,
,,Double,Yeovil v Eastleigh,England National League,Under 9.5 Asian Corners,1,3.8,3.04,125.00%,Bet365,Loss,-1.00
,,,Woking v Braintree Town,,Under 10 Asian Corners,,,,,,,
,,Hornchurch FC v Maidstone Utd,,England National League South,Under 9.5 Asian Corners,1,1.98,1.84,107.61%,Bet365,Loss,-1.00
,31/12,Double,Mozambique v Cameroon,African Cup of Nations,Mozambique +2.5 AH Corners,1,3.42,2.95,115.93%,Bet365,Loss,-1.00
,,,Bala Town v Caernarfon,Wales Premier League,Under 9.5 Asian Corners,,,,,,,
,,Mozambique v Cameroon,,African Cup of Nations,4+ Cards,1,1.91,1.79,106.70%,Sky Bet,Loss,-1.00
,,Mozambique v Cameroon,,African Cup of Nations,6+ Cards,0.5,5.5,N/A,,Sky Bet,Loss,-0.50
2026,1/1,Bromley v Newport County,,England League 2,Newport County +4.5 AH Corners,1,1.9,N/A,,Bet365,Win,0.90
,,Cambridge Utd v Walsall,,England League 2,Cambridge Utd -1 AH Corners,1.25,1.95,1.78,109.55%,Bet365,Loss,-1.25
,,Watford v Birmingham,,England Championship,Birmingham 0.0 AH Cards,1.25,1.8,1.64,109.76%,Bet365,Win,1.00
,,Ipswich v Oxford Utd,,England Championship,Over 3.5 Cards,1,2.2,2.04,107.84%,Sky Bet,Win,1.20
,,QPR v Norwich,,England Championship,Norwich +2 Corner Handicap,1,2.1,1.98,106.06%,Sky Bet,Loss,-1.00
,,Treble,Watford v Birmingham	,England Championship,Birmingham Most Cards,0.5,10.4,N/A,,Sky Bet,Loss,-0.50
,,,Ipswich v Oxford Utd	,,Over 3.5 Cards,,,,,,,
,,,QPR v Norwich	,,Norwich +2 Corner Handicap,,,,,,,
,,Double,Wigan v Barnsley,England League 1,Under 10 Asian Corners,0.75,3.7,3.04,121.71%,Bet365,Loss,-0.75
,,,Preston v Sheff Wed,England Championship,Sheff Wed 0.0 AH Corners,,,,,,,
,,Double,Crewe v Cheltenham,England League 2,Cheltenham +2.5 AH Corners,0.75,3.46,N/A,,Bet365,Win,1.85
,,,Bromley v Newport County	,,Newport County +4.5 AH Corners,,,,,,,
,3/1,Como v Udinese,,Italy Serie A,Over 4.5 Cards,0.75,2.7,2.44,110.66%,Paddy Power,Loss,-0.75
,,Double,Aston Villa v Nottm Forest,Premier League,Nottm Forest +2.5 AH Corners,1,3.51,N/A,,Bet365,Loss,-1.00
,,,Monaco v Lyon,France Ligue 1,Under 5 Asian Total Cards,,,,,,,
,,Celta Vigo v Valencia,,Spain La Liga,Over 3.5 Asian Total Cards,1.25,1.78,N/A,,Bet365,Win,0.98
,,Sassuolo v Parma,,Italy Serie A,Parma Most Cards,1.25,2.38,N/A,,Paddy Power,Loss,-1.25
,,Double,Kilmarnock v Hibernian,Scotland Premiership,Kilmarnock +1 AH Corners,0.5,3.85,3.69,104.34%,Bet365,Loss,-0.50
,,,Tondela v Arouca,Portugal Primeira Liga,Tondela -1 AH Corners,,,,,,,
,,Dundee Utd v Dundee,,Scotland Premiership,Dundee Utd -1 AH Corners,1.25,1.9,1.74,109.20%,Bet365,Win,1.13
,,Lille v Rennes,,France Ligue 1,Rennes Most Cards,1,2.3,N/A,,Paddy Power,Loss,-1.00
,,Espanyol v Barcelona,,Spain La Liga,Under 6 Asian Total Cards,3,1.93,N/A,,Bet365,Win,2.79
,4/1,Middlesbrough v Southampton,,England Championship,Southampton 0.0 AH Cards,1,1.8,1.62,111.11%,Bet365,Win,0.80
,,Middlesbrough v Southampton,,England Championship,Middlesbrough -0.5 AH Corners,0.75,1.98,1.8,110.00%,Bet365,Win,0.74
,,Reading v Stockport,,England League 1,Reading Most Corners,1.5,2.25,2.07,108.70%,Sky Bet,Loss,-1.50
,,Cardiff v Wigan,,England League 1,Wigan +2 Corner Handicap,1.5,2.2,2.32,94.83%,Sky Bet,Loss,-1.50
,,Double,Reading v Stockport	,England League 1,Reading Most Corners,0.5,4.95,4.8,103.13%,Sky Bet,Loss,-0.50
,,,Cardiff v Wigan	,,Wigan +2 Corner Handicap,,,,,,,
,,PSG v Paris FC,,France Ligue 1,Under 3.5 Asian Total Cards,1.5,2,1.59,125.79%,Bet365,Win,1.50
,,Inter v Bologna,,Italy Serie A,Bologna Most Cards,3,2.5,1.98,126.26%,Sky Bet,Loss,-3.00
,5/1,Macarthur v Auckland FC,,Australia A-League,Auckland FC 0.0 AH Corners,1,1.98,1.84,107.61%,Bet365,Loss,-1.00
,6/1,Ivory Coast v Burkina Fasa,,African Cup of Nations,5+ Cards,1,2.75,N/A,,Paddy Power,Loss,-1.00
,7/1,Napoli v Verona,,Italy Serie A,Under 4 Asian Total Cards,1,1.78,N/A,,Bet365,Win,0.78
,,Everton v Wolves,,Premier League,Wolves Most Cards,1,1.91,1.87,102.14%,Sky Bet,Loss,-1.00
,,Torino v Udinese,,Italy Serie A,Over 4.5 Cards,0.75,2.8,N/A,,Paddy Power,Loss,-0.75
,8/1,Double,Al Hilal v Al Hazm,Saudi Arabia Professional League,Al Hilal -4.5 AH Corners,0.75,3.51,2.89,121.45%,Bet365,Win,1.88
,,,Al Nassr v Al Qadisiyah,,Al Nassr -1 AH Corners,,,,,,,
,,Arsenal v Liverpool,,Premier League,Liverpool Under 3.5 Corners,1.25,2.1,N/A,,Sky Bet,Win,1.38
,,Atletico Madrid v Real Madrid,,Spain Super Cup,Under 5.5 Asian Total Cards,1.25,1.98,N/A,,Bet365,Win,1.23
,9/1,Cameroon v Morocco,,African Cup of Nations,4+ Cards,1.5,1.73,N/A,,Paddy Power,Win,1.10
,,Cameroon v Morocco,,African Cup of Nations,5+ Cards,1,2.63,N/A,,Paddy Power,Loss,-1.00
,,Cameroon v Morocco,,African Cup of Nations,6+ Cards,0.25,4.33,N/A,,Paddy Power,Loss,-0.25
,10/1,Double,Cheltenham v Leicester,FA Cup,Cheltenham +2 AH Corners,0.5,3.8,3.33,114.11%,Bet365,Loss,-0.50
,,,Wolves v Shrewsbury,,Wolves -3 AH Corners,,,,,,,
,,Double,PSV v Excelsior,Netherlands Eredivisie,PSV -4.5 AH Corners,0.5,3.55,3.16,112.34%,Bet365,Loss,-0.50
,,,Mirandes v Almeria,Spain La Liga 2,Over 8.5 Asian Corners,,,,,,,
,,Acca,PSV v Excelsior,Netherlands Eredivisie,PSV -4.5 AH Corners,0.25,13.87,11.23,123.51%,Bet365,Loss,-0.25
,,,Mirandes v Almeria,Spain La Liga 2,Over 8.5 Asian Corners,,,,,,,
,,,SC Bastia v Troyes,Coupe de France,SC Bastia 0.0 AH Corners,,,,,,,
,,,Le Puy v Reims,,Reims -0.5 AH Corners,,,,,,,
,,Burnley v Millwall,,FA Cup,Millwall +2 Corner Handicap,1,2.2,1.99,110.55%,Sky Bet,Win,1.20
,,Double,SC Bastia v Troyes,Coupe de France,SC Bastia 0.0 AH Corners,0.5,3.9,3.56,109.55%,Bet365,Loss,-0.50
,,,Le Puy v Reims,,Reims -0.5 AH Corners,,,,,,,
,,Real Sociedad B v Albacete Balompie ,,Spain La Liga 2,Real Sociedad B 0.0 AH Corners,1.25,1.9,1.75,108.57%,Bet365,Loss,-1.25
,,Le Puy v Reims,,Coupe de France,Under 9 Asian Corners,1,2,1.85,108.11%,Bet365,Loss,-1.00
,,FC Twente v PEC Zwolle,,Netherlands Eredivisie,Over 9.5 Asian Corners,1.25,1.93,1.81,106.63%,Bet365,Loss,-1.25
,,Egypt v Ivory Coast,,African Cup of Nations,4+ Cards,1.25,1.83,N/A,,Sky Bet,Loss,-1.25
,,Egypt v Ivory Coast,,African Cup of Nations,5+ Cards,0.5,3,N/A,,Sky Bet,Loss,-0.50
,,Egypt v Ivory Coast,,African Cup of Nations,6+ Cards,0.25,5.5,N/A,,Sky Bet,Loss,-0.25
,11/1,Acca,FC Porto B v Sporting B,Portugal Liga 2,FC Porto B +0.5 AH Corners,0.25,12.8,10.28,124.51%,Bet365,Loss,-0.25
,,,Moreirense v Tondela,Portugal Primeira Liga,Under 9 Asian Corners,,,,,,,
,,,Leganes v Valladolid,Spain La Liga 2,Leganes 0.0 AH Corners,,,,,,,
,,,Portsmouth v Arsenal,FA Cup,Arsenal +1 AH Cards,,,,,,,
,,Double,Moreirense v Tondela,Portugal Primeira Liga,Under 9 Asian Corners,0.5,3.75,3.65,102.74%,Bet365,Loss,-0.50
,,,Leganes v Valladolid,Spain La Liga 2,Leganes 0.0 AH Corners,,,,,,,
,,Double,FC Porto B v Sporting B,Portugal Liga 2,FC Porto B +0.5 AH Corners,0.5,3.41,2.8,121.79%,Bet365,Loss,-0.50
,,,Portsmouth v Arsenal,Spain La Liga 2,Arsenal +1 AH Cards,,,,,,,
,,Norwich v Walsall,,FA Cup,Norwich +1 AH Cards,1,1.8,N/A,,Bet365,Win,0.80
,,Verona v Lazio,,Italy Serie A,Under 8.5 Corners,1.25,2.2,N/A,,Sky Bet,Win,1.50
,,Man Utd v Brighton,,FA Cup,Man Utd +1 AH Cards,1.25,1.75,N/A,,Bet365,Win,0.94
,12/1,Al Hazm v Al Najma,,Saudi Arabia Professional League,Al Najma +1.5 AH Corners,1.25,1.95,N/A,,Bet365,Loss,-1.25
,,Sevilla v Celta Vigo,,Spain La Liga ,Celta Vigo Under 3.5 Corners,1,2.4,N/A,,Sky Bet,Win,1.40
,,Liverpool v Barnsley,,FA Cup,Liverpool +1 AH Cards,1,1.85,1.74,106.32%,Bet365,Win,0.85
,,Liverpool v Barnsley	,,FA Cup,Liverpool +0 Card Handicap,0.25,7,N/A,,Bet365,Win,1.50
,13/1,Al Akhdoud v Al Kholood,,Saudi Arabia Professional League,Al Akhdoud +0.5 AH Corners,1.25,1.95,1.76,110.80%,Bet365,Loss,-1.25
,,Bolton v Port Vale,,EFL Trophy,Over 9.5 Asian Corners,1.25,1.83,1.8,101.67%,Bet365,Win,1.04
,,Real Sociedad v Osasuna,,Spain Copa del Rey,Under 4.5 Asian Total Cards,1.25,2.03,1.94,104.64%,Bet365,Win,1.29
,,Double,Newcastle v Man City,EFL Cup,Over 10 Asian Corners,0.5,3.95,3.59,110.03%,Bet365,Loss,-0.50
,,,Fethiyespor v Galatasaray,Turkey Cup,Under 8.5 Asian Corners,,,,,,,
,,Luton v Swindon,,EFL Trophy,Under 10 Asian Corners,1,1.9,1.69,112.43%,Bet365,Loss,-1.00
,,Bristol Rovers v Plymouth,,EFL Trophy,Under 10.5 Asian Corners,1,1.83,1.64,111.59%,Bet365,Win,0.83
,14/1,Senegal v Egypt,,African Cup of Nations,Over 8.5 Asian Corners,1,2,1.9,105.26%,Bet365,Loss,-1.00
,,FC Den Bosch v PSV,,Netherlands Cup,Under 10.5 Asian Corners,1,1.95,1.92,101.56%,Bet365,Loss,-1.00
,,Cologne v Bayern Munich,,Germany Bundesliga,Cologne +0.5 AH Cards,1.25,1.78,1.56,114.10%,Bet365,Win,0.98
,,Inter v Lecce,,Italy Serie A,Inter +0.5 AH Cards,1,2.05,2.13,96.24%,Bet365,Win,1.05
,,Inter v Lecce,,Italy Serie A,Inter Most Cards,0.5,4.5,4.25,105.88%,Sky Bet,Win,1.75
,,Nigeria v Morocco,,African Cup of Nations,Under 5 Asian Total Cards,1.25,1.98,1.89,104.76%,Bet365,Win,1.23
,,Betis v Elche,,Spain Copa del Rey,Under 4.5 Asian Total Cards,2,2.03,1.75,116.00%,Bet365,Loss,-2.00
,,Chelsea v Arsenal,,EFL Cup,Under 4.5 Asian Total Cards,2,2,1.78,112.36%,Bet365,Loss,-2.00
,15/1,Verona v Bologna,,Italy Serie A,Under 5 Asian Total Cards,1.25,1.78,1.7,104.71%,Bet365,Win,0.98
,,Racing Santander v Barcelona,,Spain Copa del Rey,4+ Cards,3,2.1,1.87,112.30%,Paddy Power,Win,3.30
,,Racing Santander v Barcelona,,Spain Copa del Rey,5+ Cards,1,3.6,2.95,122.03%,Paddy Power,Win,2.60
,,Racing Santander v Barcelona,,Spain Copa del Rey,6+ Cards,0.75,7,5.28,132.58%,Paddy Power,Loss,-0.75
,,Racing Santander v Barcelona,,Spain Copa del Rey,7+ Cards,0.25,13,10.6,122.64%,Paddy Power,Loss,-0.25
,,Vizela v Pacos Ferreira,,Portugal Primeira Liga,Under 10 Asian Corners,1,1.85,1.79,103.35%,Bet365,Loss,-1.00
,16/1,Academico Viseu v UD Leiria,,Portugal Segunda Liga,Over 10 Asian Corners,1.25,1.9,1.93,98.45%,Bet365,Loss,-1.25
,,Club Brugge v RAAL La Louviere,,Belgium Pro League,Over 9.5 Asian Corners,1.25,1.88,1.72,109.30%,Bet365,Loss,-1.25
,,West Brom v Middlesbrough,,England Championship,Over 3.5 Cards,1.25,2.2,2,110.00%,Bet365,Loss,-1.25
,,Espanyol v Girona,,Spain La Liga,Over 4.5 Cards,3,2.38,1.95,122.05%,Paddy Power,Win,4.14
,,Espanyol v Girona,,Spain La Liga,Over 5.5 Cards,0.75,3.9,2.96,131.76%,Paddy Power,Win,2.18
,,Espanyol v Girona,,Spain La Liga,Over 6.5 Cards,0.25,7,5,140.00%,Paddy Power,Win,1.50
,17/1,Man Utd v Man City,,Premier League,Man Utd Most Cards,1,2.63,N/A,,Sky Bet,Loss,-1.00
,,6 Fold,Maidenhead Utd v Enfield Town,England National League South,Over 9.5 Asian Corners,0.25,53.46,N/A,,Bet365,Loss,-0.25
,,,Union Saint Gilloise v KV Mechelen,Belgium Pro League,Under 10 Asian Corners,,,,,,,
,,,Grenoble v Red Star FC 93,France Ligue 2,Grenoble -0.5 AH Corners,,,,,,,
,,,Al Rayyan SC v Al Shamal SC,Qatar Stars League,Under 10.5 Asian Corners,,,,,,,
,,,Zulte Waregem v Genk,Belgium Pro League,Genk -1 AH Corners,,,,,,,
,,,Fortuna Sittard v PSV,Netherlands Eredivisie,Over 10 Asian Corners,,,,,,,
,,Double,Zulte Waregem v Genk,Belgium Pro League,Genk -1 AH Corners,0.5,3.75,3.41,109.97%,Bet365,Loss,-0.50
,,,Fortuna Sittard v PSV,Netherlands Eredivisie,Over 10 Asian Corners,,,,,,,
,,Hamburg v Monchengladbach,,Germany Bundesliga,Under 9.5 Asian Corners,1.5,1.95,1.77,110.17%,Bet365,Win,1.43
,,Double,Grenoble v Red Star FC 93,France Ligue 2,Grenoble -0.5 AH Corners,0.5,3.75,3.29,113.98%,Bet365,Loss,-0.50
,,,Al Rayyan SC v Al Shamal SC,Qatar Stars League,Under 10.5 Asian Corners,,,,,,,
,,Double,Maidenhead Utd v Enfield Town,England National League South,Over 9.5 Asian Corners,0.5,3.8,N/A,,Bet365,Win,1.40
,,,Union Saint Gilloise v KV Mechelen,Belgium Pro League,Under 10 Asian Corners,,,,,,,
,,Darlington v Alfreton Town,,England National League North,Over 8.5 Asian Corners,1.5,1.85,1.65,112.12%,Bet365,Loss,-1.50
,,Shrewsbury v Harrogate Town,,England League 2,Harrogate Town +2 AH Corners,1,2,N/A,,Bet365,Loss,-1.00
,,Bristol Rovers v Colchester,,England League 2,Bristol Rovers 0.0 AH Corners,1,2,1.85,108.11%,Bet365,Loss,-1.00
,,Chelsea v Brentford,,Premier League,Chelsea Most Cards,0.75,3,N/A,,Sky Bet,Win,1.50
,,Charlton v Sheff Utd ,,England Championship,Sheff Utd +0 Card Handicap,0.75,3.4,N/A,,Bet365,Win,1.80
,,Osasuna v Real Oviedo,,Spain La Liga,Osasuna +0 Card Handicap,0.75,4.33,N/A,,Bet365,Loss,-0.75
,,RB Leipzig v Bayern Munich,,Germany Bundesliga,Under 4 Asian Total Cards,1.5,2,N/A,,Bet365,Win,1.50
,,Nottm Forest v Arsenal,,Premier League,Nottm Forest +0 Card Handicap,0.75,3,N/A,,Bet365,Loss,-0.75
,,Union Saint Gilloise v Mechelen,,Belgium Pro League,Mechelen +4 AH Corners,1,1.8,1.82,98.90%,Bet365,Loss,-1.00
,,Double,St Etienne v Clermont Foot,France Ligue 2,Clermont Foot +3 AH Corners,0.5,3.9,3.7,105.41%,Bet365,Loss,-0.50
,,,Necaxa v Atlas,Mexico Liga MX,Atlas +2 AH Corners,,,,,,,
,18/1,4 Fold,Lusitania Lourosa v Maritimo,Portugal Segunda Liga,Under 9.5 Asian Corners,0.25,12.95,10.1,128.22%,Bet365,Loss,-0.25
,,,Wolves v Newcastle,Premier League,Under 4.5 Asian Total Cards,,,,,,,
,,,Tondela v Braga,Portugal Primeira Liga,Tondela +2.5 AH Corners,,,,,,,
,,,TSV Havelse v Hoffenheim II,Germany 3. Liga,Over 10 Asian Corners,,,,,,,
,,Double,Lusitania Lourosa v Maritimo,Portugal Segunda Liga,Under 9.5 Asian Corners,0.5,3.5,2.83,123.67%,Bet365,Loss,-0.50
,,,Wolves v Newcastle,Premier League,Under 4.5 Asian Total Cards,,,,,,,
,,Double,Tondela v Braga,Portugal Primeira Liga,Tondela +2.5 AH Corners,0.5,3.7,3.56,103.93%,Bet365,Loss,-0.50
,,,TSV Havelse v Hoffenheim II,Germany 3. Liga,Over 10 Asian Corners,,,,,,,
,,Dender v Antwerp,,Belgium Pro League,Antwerp -0.5 AH Corners,1.25,1.9,2.16,87.96%,Bet365,Win,1.13
,,Celta Vigo v Rayo Vallecano,,Spain La Liga,Celta Vigo +1 AH Cards,3,2.1,1.87,112.30%,Bet365,Loss,-3.00
,,Celta Vigo v Rayo Vallecano,,Spain La Liga,Under 9.5 Asian Corners,1,1.88,1.73,108.67%,Bet365,Loss,-1.00
,,Torino v Roma,,Italy Serie A,Roma +0.5 AH Cards,1.5,2.05,N/A,,Bet365,Loss,-1.50
,,Senegal v Morocco,,African Cup of Nations,5+ Cards,1.25,2,N/A,,Sky Bet,Win,1.25
,,Senegal v Morocco,,African Cup of Nations,6+ Cards,0.5,3.25,N/A,,Sky Bet,Loss,-0.50
,,Senegal v Morocco,,African Cup of Nations,7+ Cards,0.25,5.5,N/A,,Sky Bet,Loss,-0.25
,,Senegal v Morocco,,African Cup of Nations,8+ Cards,0.1,10,N/A,,Sky Bet,Loss,-0.10
,19/1,Besiktas v Kayserispor,,Turkey Super Lig,Besiktas -3 AH Corners,1,1.98,1.84,107.61%,Bet365,Win,0.98
,,Lazio v Como,,Italy Serie A,Under 9 Asian Corners,1,1.78,1.64,108.54%,Bet365,Win,0.78
,,Lazio v Como,,Italy Serie A,Under 5.5 Asian Total Cards,3,2.03,N/A,,Bet365,Loss,-3.00
,,Elche v Sevilla,,Spain La Liga,Under 8.5 Corners,2,2.4,2.13,112.68%,Sky Bet,Loss,-2.00
,,Elche v Sevilla,,Spain La Liga,Elche +0 Card Handicap,0.75,4,N/A,,Bet365,Win,2.25
,20/1,Kairat Almaty v Club Brugge,,UEFA Champions League,Club Brugge Most Cards,0.5,3.5,N/A,,Sky Bet,Loss,-0.50
,,Southend v Eastleigh,,England National League,Over 10 Asian Corners,1,2,1.86,107.53%,Bet365,Win,1.00
,,Charlton v Derby,,England Championship,Under 4 Asian Total Cards,2,1.93,1.71,112.87%,Bet365,Loss,-2.00
,,West Brom v Norwich,,England Championship,Under 9.5 Corners,1,2.25,2.16,104.17%,Sky Bet,Loss,-1.00
,,Double,Swansea v Blackburn,England Championship,Blackburn +1 AH Corners,0.5,3.75,3.25,115.38%,Bet365,Win,0.45
,,,Wrexham v Leicester,,Wrexham -0.5 AH Corners,,,,,,,
,,Huachipato v Univesidad Catolica,,Chile Super Cup,Over 9 Asian Corners,1.25,1.98,1.81,109.39%,Bet365,Loss,-1.25
,21/1,Double,Galatasaray v Atletico Madrid,UEFA Champions League,Over 4 Asian Total Cards,0.5,3.55,3.38,105.03%,Bet365,Loss,-0.50
,,,Juventus v Benfica,,Juventus -1.5 AH Corners,,,,,,,
,,Juventus v Benfica,,UEFA Champions League,4+ Cards,1.25,1.8,N/A,,Paddy Power,Loss,-1.25
,,Juventus v Benfica,,UEFA Champions League,5+ Cards,0.5,2.9,N/A,,Paddy Power,Loss,-0.50
,,Juventus v Benfica,,UEFA Champions League,6+ Cards,0.25,5.5,N/A,,Paddy Power,Loss,-0.25
,,Bayern Munich v Union Saint Gilloise,,UEFA Champions League,Under 3 Asian Total Cards,1.25,1.93,1.66,116.27%,Bet365,Loss,-1.25
,22/1,Treble,Brann v Midtjylland	,UEFA Europa League,Over 3.5 Cards,0.25,6.84,N/A,,Sky Bet,Loss,-0.25
,,,Celta Vigo v Lille	,,Over 4.5 Cards,,,,,,,
,,,Rangers v Ludogorets	,,Over 3.5 Cards,,,,,,,
,,Brann v Midtjylland,,UEFA Europa League,Over 3.5 Cards,1.25,1.73,N/A,,Sky Bet,Loss,-1.25
,,Bologna v Celtic,,UEFA Europa League,Bologna +1 AH Cards,1.25,1.8,1.57,114.65%,Bet365,Loss,-1.25
,,Celta Vigo v Lille,,UEFA Europa League,Over 4.5 Cards,2,2.2,N/A,,Sky Bet,Win,2.40
,,Celta Vigo v Lille,,UEFA Europa League,Over 5.5 Cards,0.5,3.7,N/A,,Paddy Power,Win,1.35
,,Celta Vigo v Lille,,UEFA Europa League,Over 6.5 Cards,0.25,6,N/A,,Sky Bet,Win,1.25
,,Nice v Go Ahead Eagles,,UEFA Europa League,Under 4 Asian Total Cards,1.5,1.75,N/A,,Bet365,Loss,-1.50
,,FC Utrecht v Genk,,UEFA Europa League,Over 3.5 Cards,2,1.91,N/A,,Sky Bet,Loss,-2.00
,,FC Utrecht v Genk,,UEFA Europa League,Over 4.5 Cards,0.5,3.2,N/A,,Paddy Power,Loss,-0.50
,,FC Utrecht v Genk,,UEFA Europa League,Over 5.5 Cards,0.25,5.5,N/A,,Sky Bet,Loss,-0.25
,,FC Utrecht v Genk,,UEFA Europa League,Over 6.5 Cards,0.1,11,N/A,,Sky Bet,Loss,-0.10
,,Rangers v Ludogorets,,UEFA Europa League,Over 3.5 Cards,1.25,1.8,N/A,,Sky Bet,Win,1.00
,,Braga v Nottm Forest,,UEFA Europa League,Nottm Forest Most Cards,0.5,2.7,N/A,,Paddy Power,Win,0.85
,23/1,Levante v Elche,,Spain La Liga,Levante Most Corners,1.25,2.3,2.14,107.48%,Paddy Power,Win,1.63
,24/1,Middlesbrough v Preston,,England Championship,Over 10.5 Corners,1.25,2.25,1.98,113.64%,Sky Bet,Win,1.56
,,West Ham v Sunderland,,Premier League,Over 3.5 Asian Total Cards,2,1.93,N/A,,Bet365,Win,1.86
,,Juve Stabia v Virtus Entella,,Italy Serie B,Under 9.5 Asian Corners,2,1.95,1.76,110.80%,Bet365,Win,1.90
,,Frankfurt v Hoffenheim,,Germany Bundesliga,Hoffenheim Most Corners,0.75,2.75,2.21,124.43%,Sky Bet,Loss,-0.75
,,Mainz v Wolfsburg,,Germany Bundesliga,10+ Corners,2,2.1,1.85,113.51%,Sky Bet,Win,2.20
,,Bayer Leverkusen v Werder Bremen,,Germany Bundesliga,Under 4 Asian Total Cards,1.5,2.05,1.9,107.89%,Bet365,Loss,-1.50
,,Man City v Wolves,,Premier League,Under 3.5 Cards,1.5,1.91,N/A,,Sky Bet,Loss,-1.50
,,Valencia v Espanyol,,Spain La Liga,Over 4.5 Cards,1.25,1.8,N/A,,Bet365,Win,1.00
,,Fiorentina v Cagliari ,,Italy Serie A,Under 4.5 Asian Total Cards,1.25,2.03,1.84,110.33%,Bet365,Loss,-1.25
,,Villarreal v Real Madrid,,Spain La Liga,Over 4.5 Cards,1.5,2.2,1.83,120.22%,Sky Bet,Loss,-1.50
,,Villarreal v Real Madrid,,Spain La Liga,Real Madrid -1 Corner Handicap,2,2.5,2.2,113.64%,Sky Bet,Loss,-2.00
,25/1,Monchengladbach v Stuttgart,,Germany Bundesliga,Stuttgart Most Cards,2,2.4,N/A,,Paddy Power,Loss,-2.00
,,Eibar v Almeria,,Spain Segunda ,Over 9 Asian Corners,1.25,2,1.92,104.17%,Bet365,Loss,-1.25
,,Brest v Toulouse,,France Ligue 1,Over 3.5 Asian Total Cards,1.25,1.75,N/A,,Bet365,Win,0.94
,,Metz v Lyon,,France Ligue 1,Lyon Most Cards,0.75,3.25,N/A,,Sky Bet,Loss,-0.75
,,Real Sociedad v Celta Vigo,,Spain La Liga,Real Sociedad -1 Corner Handicap,1.5,1.91,1.71,111.70%,Sky Bet,Loss,-1.50
,,Anderlecht v Dender,,Belgium Pro League,Over 9 Asian Corners,2,2,1.73,115.61%,Bet365,Win,2.00
,,FCSB v CFR Cluj,,Romania Liga 1,Under 9.5 Asian Corners,1.25,1.88,1.72,109.30%,Bet365,Loss,-1.25
,,Wehen SV v Verl,,Germany 3. Liga,Under 10 Asian Corners,1,1.85,1.72,107.56%,Bet365,Loss,-1.00
,,Lille v Strasbourg,,France Ligue 1,Over 3.5 Asian Total Cards,1.5,1.9,N/A,,Bet365,Win,1.35
,26/1,Girona v Getafe,,Spain La Liga,Over 5.5 Cards,2,2.38,N/A,,Sky Bet,Win,2.76
,,Girona v Getafe,,Spain La Liga,Over 6.5 Cards,0.75,3.9,N/A,,Paddy Power,Win,2.18
,,Girona v Getafe,,Spain La Liga,Over 7.5 Cards,0.25,6.5,N/A,,Sky Bet,Win,1.38
,,Girona v Getafe	,,Spain La Liga,Getafe Most Corners,0.75,3,2.75,109.09%,Sky Bet,Win,1.50
,27/1,Radcliffe FC v Scarborough Athletic,,England National League North,Over 10 Asian Corners,1.25,1.98,1.89,104.76%,Bet365,Loss,-1.25
,,Fiorentina v Como,,Coppa Italia,Under 5.5 Asian Total Cards,3,1.8,N/A,,Bet365,Loss,-3.00
,28/1,Atletico Tucuman v Central Cordoba SdE,,Argentina Liga Pro,Under 9 Asian Corners,1,1.98,1.81,109.39%,Bet365,Win,0.98
,,PSG v Newcastle,,UEFA Champions League,PSG +0 Card Handicap,0.75,3.5,N/A,,Bet365,Loss,-0.75
,,PSV v Bayern Munich,,UEFA Champions League,Bayern Munich +0.5 AH Cards,1.25,1.83,1.58,115.82%,Bet365,Loss,-1.25
,,Union Saint Gilloise v Atalanta,,UEFA Champions League,Atalanta +0.5 AH Cards,3,1.73,N/A,,Bet365,Win,2.19
,,Athletic Bilbao v Atalanta,,UEFA Champions League,Athletic Bilbao Most Cards,3,2.3,N/A,,Paddy Power,Loss,-3.00
,,Atletico MG v Palmeiras,,Brazil Serie A,Over 9.5 Corners,1,1.95,1.88,103.72%,Paddy Power,Win,0.95
,,Vitoria v Remo,,Brazil Serie A,Over 5.5 Cards,1.25,2.38,2.18,109.17%,Sky Bet,Win,1.73
,29/1,Porto v Rangers,,UEFA Europa League,Over 3.5 Cards,1.5,1.95,N/A,,Paddy Power,Loss,-1.50
,,Porto v Rangers,,UEFA Europa League,Over 4.5 Cards,1,3.2,2.7,118.52%,Paddy Power,Loss,-1.00
,,Porto v Rangers,,UEFA Europa League,Over 5.5 Cards,0.25,5.5,N/A,,Paddy Power,Loss,-0.25
,,Porto v Rangers,,UEFA Europa League,Over 6.5 Cards,0.1,10,N/A,,Sky Bet,Loss,-0.10
,,Nottm Forest v Ferencvaros,,UEFA Europa League,Nottm Forest -1.5 AH Corners,1.25,2,1.82,109.89%,Bet365,Win,1.25
,,Betis v Feyenoord,,UEFA Europa League,Over 9.5 Asian Corners,1.25,2,1.88,106.38%,Bet365,Loss,-1.25
,,Lille v Freiburg,,UEFA Europa League,Freiburg +2 AH Corners,1.25,2,1.92,104.17%,Bet365,Loss,-1.25
,,Mirassol v Vasco Da Gama,,Brazil Serie A,Over 4.5 Cards,1.25,2.15,N/A,,Paddy Power,Loss,-1.25
,,Mirassol v Vasco Da Gama,,Brazil Serie A,Over 5.5 Cards,0.75,3.7,N/A,,Paddy Power,Loss,-0.75
,,Mirassol v Vasco Da Gama,,Brazil Serie A,Over 6.5 Cards,0.25,6,N/A,,Paddy Power,Loss,-0.25
,,Mirassol v Vasco Da Gama,,Brazil Serie A,Over 7.5 Cards,0.15,12,N/A,,Sky Bet,Loss,-0.15
,,Mirassol v Vasco Da Gama	,,Brazil Serie A,Over 8.5 Cards,0.1,26,N/A,,Sky Bet,Loss,-0.10
,30/1,Botafogo v Cruzeiro,,Brazil Serie A,Over 4.5 Cards,1,1.8,N/A,,Sky Bet,Loss,-1.00
,,Vitesse v FC Dordrecht,,Netherlands Eerste Divisie,Under 10.5 Asian Corners,1.25,1.98,1.82,108.79%,Bet365,Win,1.23
,,Lens v Le Havre,,France Ligue 1,Under 4 Asian Total Cards,1.25,1.95,1.83,106.56%,Bet365,Win,1.19
,31/1,Sydney FC v Western Sydney Wanderers,,Australia A-League,Western Sydney Wanderers +1.5 AH Corners,1.25,1.9,1.7,111.76%,Bet365,Loss,-1.25
,,Trento v Lecco,,Italy Serie,Under 9 Asian Corners,3,1.98,1.66,119.28%,Bet365,Loss,-3.00
,,Oxford Utd v Birmingham,,England Championship,Oxford Utd +0.5 AH Cards,1.25,1.88,1.75,107.43%,Bet365,Win,1.10
,,RB Leipzig v Mainz,,Germany Bundesliga,Under 3.5 Asian Total Cards,1.25,2.05,N/A,,Bet365,Loss,-1.25
,,Osasuna v Villarreal,,Spain La Liga,Osasuna Most Corners,1,2,1.87,106.95%,Sky Bet,Win,1.00
,,Helmond Sport v De Graafschap,,Netherlands Eerste Divisie,Over 11 Asian Corners,1,2,1.85,108.11%,Bet365,Loss,-1.00
,,Chelsea v West Ham,,Premier League,Under 4 Asian Total Cards,1.25,2,1.9,105.26%,Bet365,Loss,-1.25
,,Levante v Atletico Madrid,,Spain La Liga,Atletico Madrid 0.0 AH Cards,1,2.05,1.91,107.33%,Bet365,Loss,-1.00
,,Lorient v Nantes,,France Ligue 1,Nantes +2.5 AH Corners,1.25,1.8,1.64,109.76%,Bet365,Win,1.00
,,Lorient v Nantes,,France Ligue 1,Nantes -0.5 AH Cards,2,1.98,1.86,106.45%,Bet365,Win,1.96
,,Cagliari v Verona,,Italy Serie A,Under 9.5 Asian Corners,1,1.8,1.7,105.88%,Bet365,Win,0.80
,1/2,Torino v Lecce,,Italy Serie A,Over 3.5 Asian Total Cards,3,1.95,N/A,,Bet365,Win,2.85
,,Aston Villa v Brentford,,Premier League,Brentford -0.5 AH Cards,1.5,1.9,1.81,104.97%,Bet365,Win,1.35
,,Altach v Sturm Graz,,Austria Cup,Under 9.5 Asian Corners,2,1.88,1.7,110.59%,Bet365,Loss,-2.00
,,Athletic Bilbao v Real Sociedad,,Spain La Liga,Athletic Bilbao +0.5 AH Cards,2,1.98,1.79,110.61%,Bet365,Win,1.96
,,Athletic Bilbao v Real Sociedad,,Spain La Liga,Under 6 Asian Total Cards,3,1.8,N/A,,Bet365,Loss,-3.00
,,Granada v Racing Santander,,Spain Segunda,Granada -0.5 AH Corners,2,1.95,1.8,108.33%,Bet365,Win,1.90
,3/2,Al Ittifaq v Al Taawon,,Saudi Arabia Professional League,Under 9.5 Asian Corners,1.5,1.8,1.72,104.65%,Bet365,Win,1.20
,,National Bank of Egypt v Al Ahly,,Egypt Premier League,Under 9.5 Asian Corners,2,1.98,1.8,110.00%,Bet365,Loss,-2.00
,,Blackburn v Sheff Wed,,England Championship,Over 3.5 Cards,1.5,3.1,2.72,113.97%,Paddy Power,Loss,-1.50
,,Barnsley v Northampton,,England League 1,Northampton +1.5 AH Corners,2,1.9,1.78,106.74%,Bet365,Win,1.80
,,Carrick Rangers v Bangor,,Northern Ireland Premiership,Over 9 Asian Corners,3,1.98,1.75,113.14%,Bet365,Loss,-3.00
,,Ebbsfleet Utd v Hemel Hempstead,,England National League North,Under 9.5 Asian Corners,3,1.98,1.69,117.16%,Bet365,Win,2.94
,,Albacete v Barcelona,,Spain Copa del Rey,Barcelona +1 AH Cards,2.5,1.78,1.6,111.25%,Bet365,Win,1.95
,4/2,Charleroi v Union Saint Gilloise,,Belgium Cup,Under 9.5 Asian Corners,2.5,1.85,1.68,110.12%,Bet365,Win,2.13
,,Hostein Kiel v Stuttgart,,Germany Cup,Under 5 Asian Total Cards,2.5,1.75,N/A,,Bet365,Win,1.88
,,Man City v Newcastle,,EFL Cup,Under 3.5 Asian Total Cards,1.5,1.95,1.85,105.41%,Bet365,Win,1.43
,5/2,FCSB v FC Botosani,,Romania Liga 1,Under 9.5 Asian Corners,2,1.93,1.77,109.04%,Bet365,Win,1.86
,,Bahia v Fluminense,,Brazil Serie A,Fluminense +1.5 AH Corners,2,1.95,1.93,101.04%,Bet365,Loss,-2.00
,6/2,Cruzeiro v Coritiba,,Brazil Serie A,Coritiba Most Cards,3,2,1.97,101.52%,Sky Bet,Loss,-3.00
,,Charlton v QPR,,England Championship,QPR +0 Card Handicap,1,3.1,N/A,,Bet365,Loss,-1.00
,,Charlton v QPR,,England Championship,Under 3.5 Asian Total Cards,1.5,2,1.93,103.63%,Bet365,Win,1.50
,7/2,Maritimo v SC Farense,,Portugal Liga 2  ,Maritimo -1.5 AH Corners,3,1.85,1.63,113.50%,Bet365,Loss,-3.00
,,West Brom v Stoke,,England Championship,Over 2.5 Asian Total Cards,2,1.8,N/A,,Bet365,Loss,-2.00
,,West Brom v Stoke,,England Championship,Over 3.5 Cards,1,3.2,2.37,135.02%,Paddy Power,Loss,-1.00
,,West Brom v Stoke,,England Championship,Over 4.5 Cards,0.25,6,N/A,,Paddy Power,Loss,-0.25
,,Birmingham v Leicester,,England Championship,Over 3.5 Cards,2,2,1.85,108.11%,Sky Bet,Loss,-2.00
,8/2,Le Havre v Strasbourg,,France Ligue 1,4+ Cards,3,1.8,N/A,,Sky Bet,Win,2.40
,,Le Havre v Strasbourg,,France Ligue 1,5+ Cards,1,2.88,N/A,,Sky Bet,Loss,-1.00
,,Le Havre v Strasbourg,,France Ligue 1,6+ Cards,0.5,5,N/A,,Sky Bet,Loss,-0.50
,,Le Havre v Strasbourg,,France Ligue 1,7+ Cards,0.25,9.5,N/A,,Sky Bet,Loss,-0.25
,,Le Havre v Strasbourg,,France Ligue 1,8+ Cards,0.1,21,N/A,,Sky Bet,Loss,-0.10
,,HNK Rijeka v Dinamo Zagreb,,Croatia HNL ,Under 9 Asian Corners,2,1.98,1.8,110.00%,Bet365,Loss,-2.00
,,Club Brugge v Standard Liege,,Belgium Pro League,Club Brugge -3.5 AH Corners,2,2,1.81,110.50%,Bet365,Win,2.00
,,MSV Duisburg v Verl,,Germany 3. Liga,Under 10 Asian Corners,2,1.78,1.61,110.56%,Bet365,Win,1.56
,9/2,Dinamo Bucharest v CS U Craiova,,Romania Liga 1,Under 9.5 Asian Corners,3,1.9,1.72,110.47%,Bet365,Win,2.70
,,Roma v Cagliari,,Italy Serie A,Under 4.5 Asian Total Cards,2.5,2.05,N/A,,Bet365,Loss,-2.50
,10/2,Napoli v Como,,Coppa Italia,Under 8.5 Asian Corners,2,2,1.82,109.89%,Bet365,Loss,-2.00
,,Birmingham v West Brom	,,England Championship,Under 4 Asian Total Cards,2,1.85,N/A,,Bet365,Loss,-2.00
,11/2,Vitoria v Flamengo,,Brazil Serie A,Over 3.5 Asian Total Cards,3,1.78,N/A,,Bet365,Win,2.34
,,Charlton v Stoke,,England Championship,Under 4.5 Cards,3,1.8,N/A,,Bet365,Loss,-3.00
,,York v Hartlepool,,England National League,Over 10 Asian Corners,2,1.93,1.8,107.22%,Bet365,Win,1.86
,,Bologna v Lazio,,Coppa Italia,Lazio 0.0 AH Cards,2,1.9,1.73,109.83%,Bet365,Loss,-2.00
,12/2,Wolfsburg W v Juventus W,,UEFA Champions League Women,Wolfsburg W -2.5 AH Corners,1,1.98,1.87,105.88%,Bet365,Loss,-1.00
,,Corinthians v Bragantino,,Brazil Serie A,Under 5.5 Asian Total Cards,2,2,1.99,100.50%,Bet365,Loss,-2.00
,13/2,Man City (W) v Leicester (W),,England Women Super League,Man City (W) -5.5 AH Corners,3,1.85,1.61,114.91%,Bet365,Win,2.55
,,Laval v Annecy,,France Ligue 2,Under 9 Asian Corners,1.5,1.98,1.91,103.66%,Bet365,Loss,-1.50
,,Mechelen v Genk,,Belgium Pro League,Genk -0.5 AH Corners,1.5,1.98,1.86,106.45%,Bet365,Win,1.47
,,Drogheda Utd v Waterford FC,,Ireland Premier League ,Drogheda -1 AH Corners,1.5,1.88,1.74,108.05%,Bet365,Loss,-1.50
,14/2,Como v Fiorentina ,,Italy Serie A,Fiorentina Most Cards,3,2.38,2.04,116.67%,Bet365,Loss,-3.00
,,Palermo v Virtus Entella,,Italy Serie B,Palermo -1.5 AH Corners,1.5,1.95,1.72,113.37%,Bet365,Loss,-1.50
,,Frankfurt v Monchengladbach ,,Germany Bundesliga,Monchengladbach 0.0 AH Cards,3,1.8,N/A,,Bet365,Loss,-3.00
,,Man City v Salford City,,FA Cup,Over 10.5 Corners,2,2.15,2.15,100.00%,Bet365,Win,2.30
,,Getafe v Villarreal,,Spain La Liga,Getafe 0.0 AH Cards,1.5,2.03,1.91,106.28%,Bet365,Loss,-1.50
,,Sigma Olomouc v Plzen,,Czech Republic First Liga,Sigma Olomouc +1 AH Corners,3,1.83,1.59,115.09%,Bet365,Win,2.49
,,Stuttgart v Cologne,,Germany Bundesliga,Under 4 Asian Total Cards,2,1.83,1.57,116.56%,Bet365,Loss,-2.00
,15/2,Kilmarnock v Celtic,,Scotland Premiership,Kilmarnock +3.5 AH Corners,3,1.98,1.9,104.21%,Bet365,Win,2.94
,,Le Havre v Toulouse,,France Ligue 1,4+ Cards,2,1.83,N/A,,Sky Bet,Win,1.66
,,Le Havre v Toulouse,,France Ligue 1,5+ Cards,1,3,2.4,125.00%,Sky Bet,Win,2.00
,,Le Havre v Toulouse,,France Ligue 1,6+ Cards,0.5,5.5,N/A,,Sky Bet,Win,2.25
,,Le Havre v Toulouse,,France Ligue 1,7+ Cards,0.1,11,N/A,,Sky Bet,Win,1.00
,,Rayo Vallecano v Atletico Madrid,,Spain La Liga,Over 4.5 Cards,2,2.8,2.4,116.67%,Sky Bet,Loss,-2.00
,,Lorient v Angers,,France Ligue 1,4+ Cards,3,2.25,1.81,124.31%,Sky Bet,Loss,-3.00
,,Lorient v Angers,,France Ligue 1,5+ Cards,1.5,4,N/A,,Sky Bet,Loss,-1.50
,,Lorient v Angers,,France Ligue 1,6+ Cards,0.5,8,N/A,,Sky Bet,Loss,-0.50
,,Lorient v Angers,,France Ligue 1,7+ Cards,0.25,17,N/A,,Sky Bet,Loss,-0.25
,,RB Leipzig v Wolfsburg,,Germany Bundesliga,4+ Cards,2,2.4,2.12,113.21%,Sky Bet,Loss,-2.00
,16/2,Girona v Barcelona,,Spain La Liga,Barcelona +1 AH Cards,3,2.03,1.62,125.31%,Bet365,Win,3.09
,,Cagliari v Lecce,,Italy Serie A,Over 3.5 Cards,2.5,2.15,N/A,,Sky Bet,Loss,-2.50
,17/2,Dortmund v Atalanta,,UEFA Champions League,Under 4 Asian Total Cards,2,1.83,1.65,110.91%,Bet365,Loss,-2.00
,,Bristol City v Wrexham,,England Championship,Under 4 Asian Total Cards,3,1.88,N/A,,Bet365,Loss,-3.00
,,Hereford v Darlington,,England National League North,Over 9.5 Asian Corners,2,1.85,1.69,109.47%,Bet365,Loss,-2.00
,18/2,Bodo Glimt v Inter,,UEFA Champions League,Under 3.5 Asian Total Cards,2.5,2,N/A,,Bet365,Win,2.50
,,Wolves v Arsenal,,Premier League,Under 3.5 Asian Total Cards,1.5,1.73,1.63,106.13%,Bet365,Win,1.10
,19/2,Fenerbahce v Nottm Forest,,UEFA Europa League,Fenerbahce Most Cards,2,2.2,2.23,98.65%,Sky Bet,Win,2.40
,,Panathanaikos v Plzen,,UEFA Europa League,Plzen -0.5 AH Cards,1.5,2.05,N/A,,Bet365,Loss,-1.50
,21/2,Juventus v Como,,Italy Serie A,Como -0.5 AH Cards,3,1.98,2.03,97.54%,Bet365,Loss,-3.00
,,Watford v Derby,,England Championship,Over 3 Asian Total Cards,4,1.85,N/A,,Bet365,Win,3.40
,,Watford v Derby,,England Championship,Watford +0.5 AH Cards,1.5,2.08,1.96,106.12%,Bet365,Win,1.62
,,Wrexham v Ipswich,,England Championship,Under 4.5 Asian Total Cards,3,2.03,N/A,,Bet365,Loss,-3.00
,,Norwich v Birmingham,,England Championship,Over 3.5 Cards,2,1.95,N/A,,Sky Bet,Loss,-2.00
,,York v Halifax,,England National League,Over 9.5 Asian Corners,2.5,1.83,1.86,98.39%,Bet365,Win,2.08
,,Dover v Weston Super Mare,,England National League South,Over 9.5 Asian Corners,2,2,1.9,105.26%,Bet365,Win,2.00
,,Cagliari v Lazio,,Italy Serie A,Under 5 Asian Total Cards,2,1.93,N/A,,Bet365,Loss,-2.00
,22/2,FC Twente v Groningen,,Netherlands Eredivisie,Over 9 Asian Corners,3,2,1.66,120.48%,Bet365,Loss,-3.00
,,Getafe v Sevilla,,Spain La Liga,Under 6.5 Asian Total Cards,2.5,1.98,1.75,113.14%,Bet365,Win,2.45
,,Nottm Forest v Liverpool,,Premier League,Nottm Forest Most Cards,1.5,2.7,N/A,,Sky Bet,Win,2.55
,,Crystal Palace v Wolves,,Premier League,Under 3.5 Cards,2.5,2.3,N/A,,Sky Bet,Loss,-2.50
,,Nantes v Le Havre,,France Ligue 1,Under 5 Asian Total Cards,2,1.8,N/A,,Bet365,Loss,-2.00
,,Plzen v Sparta Prague,,Czech Republic First Liga,Sparta Prague -0.5 AH Corners,1.5,2,1.92,104.17%,Bet365,Loss,-1.50
,,Villarreal v Valencia,,Spain La Liga,Valencia 0.0 AH Cards,4,2.03,1.73,117.34%,Bet365,Win,4.12
,23/2,Fiorentina v Pisa,,Italy Serie A,Over 4.5 Cards,2,2.38,N/A,,Sky Bet,Win,2.76
,,Bologna v Udinese,,Italy Serie A,Bologna +1 AH Cards,2,1.85,N/A,,Bet365,Win,1.70
,,Bologna v Udinese,,Italy Serie A,Under 5 Asian Total Cards,5,1.93,N/A,,Bet365,Win,4.65
,,Everton v Man Utd,,Premier League,Man Utd +0.5 AH Cards,1.5,1.88,N/A,,Bet365,Win,1.32
,24/2,Atletico Madrid v Club Brugge,,UEFA Champions League,Atletico Madrid +0.5 AH Cards,1.5,1.95,1.78,109.55%,Bet365,Loss,-1.50
,,Dundee Utd v Aberdeen,,Scotland Premiership,Dundee Utd -0.5 AH Corners,1.5,1.95,1.84,105.98%,Bet365,Loss,-1.50
,,Inter v Bodo Glimt,,UEFA Champions League,Over 3.5 Cards,2.5,2,1.91,104.71%,Sky Bet,Loss,-2.50
,,Inter v Bodo Glimt,,UEFA Champions League,Inter Over 8.5 Corners,1.25,1.91,N/A,,Paddy Power,Win,1.14
,,Inter v Bodo Glimt,,UEFA Champions League,Inter Over 9.5 Corners,0.5,2.55,N/A,,Paddy Power,Win,0.78
,,Inter v Bodo Glimt,,UEFA Champions League,Inter Over 10.5 Corners,0.25,3.3,N/A,,Paddy Power,Win,0.58
,25/2,Yeovil v Sutton Utd,,England National League,Sutton Utd -0.5 AH Corners,2,2,1.79,111.73%,Bet365,Win,2.00
,,Real Madrid v Benfica,,UEFA Champions League,Benfica +2.5 AH Corners,2,1.95,1.72,113.37%,Bet365,Win,1.90
,,PSG v Monaco,,UEFA Champions League,Under 3.5 Cards,3,2.3,N/A,,Sky Bet,Loss,-3.00
,,Cruzeiro v Corinthians,,Brazil Serie A,Over 5.5 Cards,2,2.5,2.24,111.61%,Sky Bet,Win,3.00
,26/2,Ferencvaros v Ludogorets,,UEFA Europa League,Ferencvaros -3 Corner Handicap,1.5,2.1,1.91,109.95%,Sky Bet,Loss,-1.50
,,Crvena Zvezda v Lille,,UEFA Europa League,Lille Most Corners,1.5,2,1.92,104.17%,Sky Bet,Loss,-1.50
,27/2,Shakhtar Donetsk v Veres Rivne,,Ukraine Premier League,Over 9 Asian Corners,3,2,1.8,111.11%,Bet365,Win,3.00
,,Al Bataeh v Baniyas SC,,UAE Pro League,Under 10 Asian Corners,2.5,1.9,N/A,,Bet365,Loss,-2.50
,,St Patrick's Athletic v Dundalk,,Ireland Premier League ,Dundalk +1.5 AH Corners,2,1.95,1.88,103.72%,Bet365,Win,1.90
,,Sampdoria v Bari,,Italy Serie B,Sampdoria -2 AH Corners,2,2,1.84,108.70%,Bet365,Win,2.00
,,Wolves v Aston Villa,,Premier League,Aston Villa +0.5 AH Cards,3,2.08,1.97,105.58%,Bet365,Win,3.24
,28/2,Bayer Leverkusen v Mainz,,Germany Bundesliga,Bayer Leverkusen +1.5 AH Cards,4,1.85,N/A,,Bet365,Win,3.40
,,Hoffenheim v St Pauli,,Germany Bundesliga,St Pauli +0.5 AH Cards,3,1.9,N/A,,Bet365,Win,2.70
,,Preston v Millwall,,England Championship,Under 4 Asian Total Cards,2.5,1.95,N/A,,Bet365,Loss,-2.50
,,Ipswich v Swansea,,England Championship,Under 4.5 Asian Total Cards,2,2.03,N/A,,Bet365,Win,2.06
,,St Johnstone v Ayr,,Scotland Championship,Over 10 Asian Corners,2,1.95,1.78,109.55%,Bet365,Win,1.90
,,Real Oviedo v Atletico Madrid,,Spain La Liga,Over 3 Asian Total Cards,3,1.8,N/A,,Bet365,Win,2.40
,,LKS Lodz v Miedz Legnica,,Poland 1st Liga,Under 11 Asian Corners,2.5,1.9,1.83,103.83%,Bet365,Loss,-2.50
,,Le Havre v PSG,,France Ligue 1 ,Over 2.5 Asian Total Cards,2.5,1.9,N/A,,Bet365,Win,2.25
,1/3,Elche v Espanyol,,Spain La Liga,Over 4.5 Cards,3,1.95,N/A,,Flutter,Win,2.85
,,Elche v Espanyol,,Spain La Liga,Over 5.5 Cards,1,3.1,N/A,,Flutter,Win,2.10
,,Elche v Espanyol,,Spain La Liga,Over 6.5 Cards,0.75,5.5,N/A,,Flutter,Win,3.38
,,Elche v Espanyol,,Spain La Liga,Over 7.5 Cards,0.25,8.5,N/A,,Flutter,Loss,-0.25
,,Elche v Espanyol,,Spain La Liga,Over 8.5 Cards,0.1,15,N/A,,Flutter,Loss,-0.10
,,Brighton v Nottm Forest,,Premier League,Over 3.5 Asian Total Cards,2.5,1.98,N/A,,Bet365,Win,2.45
,,Sassuolo v Atalanta,,Italy Serie A,Atalanta 0.0 AH Cards,2.5,1.8,N/A,,Bet365,Loss,-2.50
,,Lille v Nantes,,France Ligue 1,Nantes 0.0 AH Cards,3,2.05,N/A,,Bet365,Loss,-3.00
,,Metz v Brest,,France Ligue 1,4+ Cards,3,2.25,N/A,,Flutter,Win,3.75
,,Metz v Brest,,France Ligue 1,5+ Cards,1,4,N/A,,Flutter,Loss,-1.00
,,Metz v Brest,,France Ligue 1,6+ Cards,0.25,8,N/A,,Flutter,Loss,-0.25
,,Schweinfurt v Saarbrucken,,Germany 3. Liga,Schweinfurt +2.5 AH Corners,1.5,1.85,1.72,107.56%,Bet365,Loss,-1.50
,,Austin v DC Utd,,USA MLS,Austin +1 AH Cards,2,2.05,N/A,,Bet365,Win,2.10
,2/3,Birmingham v Middlesbrough,,England Championship,Birmingham +0.5 AH Cards,1.5,1.83,1.62,112.96%,Bet365,Loss,-1.50
,,Birmingham v Middlesbrough,,England Championship,Birmingham Most Cards,0.75,3,N/A,,Flutter,Loss,-0.75
,3/3,Cesena v Monza,,Italy Serie B,Monza 0.0 AH Corners,1.5,1.8,1.68,107.14%,Bet365,Loss,-1.50
,,Strasbourg v Reims,,France Cup,Under 4 Asian Total Cards,2.5,2,N/A,,Bet365,Win,2.50
,,Strasbourg v Reims,,France Cup,Reims Most Cards,3,2.25,2,112.50%,Flutter,Win,3.75
,,Como v Inter,,Coppa Italia,Over 3 Asian Total Cards,3,1.85,N/A,,Bet365,Loss,-3.00
,,Barcelona v Atletico Madrid,,Spain Copa del Rey,Atletico Madrid +6.5 AH Corners,2.5,1.85,1.68,110.12%,Bet365,Loss,-2.50
,4/3,Aston Villa v Chelsea,,Premier League,Aston Villa +1 AH Cards,3,2.1,N/A,,Bet365,Win,3.30
,,Man City v Nottm Forest,,Premier League,Nottm Forest Most Cards,4,2.2,1.77,124.29%,Flutter,Win,4.80
,,Marseille v Toulouse,,France Cup,Under 5 Asian Total Cards,3,1.9,N/A,,Bet365,Win,2.70
,6/3,Heracles v FC Utrecht,,Netherlands Eredivisie,Utrecht -0.5 AH Corners,1.5,1.95,1.85,105.41%,Bet365,Win,1.43
,,Wolves v Liverpool,,FA Cup,Liverpool +0.5 AH Cards,1.5,2,1.89,105.82%,Bet365,Loss,-1.50
,,Celta Vigo v Real Madrid,,Spain La Liga,Over 4.5 Cards,2.5,2.15,1.92,111.98%,Flutter,Loss,-2.50
,7/3,Levante v Girona,,Spain La Liga,Girona Most Cards,1.5,2.2,N/A,,Bet365,Loss,-1.50
,,Levante v Girona,,Spain La Liga,Under 5 Asian Total Cards,2,1.83,N/A,,Bet365,Loss,-2.00
,,Morton v St Johnstone,,Scotland Championship,Over 10 Asian Corners,1.5,1.98,1.84,107.61%,Bet365,Loss,-1.50
,,York v Eastleigh,,England National League,Over 10 Asian Corners,3,2,1.75,114.29%,Bet365,Win,3.00
,,Sheff Utd v West Brom,,England Championship,Over 3.5 Cards,2,2.5,2.24,111.61%,Bet365,Loss,-2.00
,,Charlton v Birmingham,,England Championship,Birmingham -1 Corner Handicap,2.5,2.38,2.12,112.26%,Bet365,Loss,-2.50
,,Newport County v Colchester,,England League 2,Newport County +2 AH Corners,1.5,1.85,1.71,108.19%,Bet365,Win,1.28
,,Derby v Sheff Wed,,England Championship,Sheff Wed -0.5 AH Cards,3,2.15,2.02,106.44%,Bet365,Loss,-3.00
,,Athletic Bilbao v Barcelona,,Spain La Liga,Under 4.5 Asian Total Cards,2,2.05,N/A,,Bet365,Win,2.10
,8/3,Colorado v LA Galaxy,,USA MLS,Over 3.5 Cards,2,2.2,N/A,,Flutter,Loss,-2.00
,,Nashville v Minnesota Utd,,USA MLS,Over 3.5 Cards,2.5,2,N/A,,Flutter,Loss,-2.50
,,FC Andorra v Sporting Gijon,,Spain Segunda,Sporting Gijon -0.5 AH Cards,2,2,N/A,,Bet365,Loss,-2.00
,,Brest v Le Havre,,France Ligue 1,Brest +0.5 AH Cards,2,2,N/A,,Bet365,Win,2.00
,,QPR v Middlesbrough,,England Championship,Over 3.5 Cards,2,1.95,N/A,,Flutter,Loss,-2.00
,,Slavia Prague v Sparta Prague,,Czech Republic First Liga,Under 10 Asian Corners,2.5,1.9,1.76,107.95%,Bet365,Win,2.25
,,Lyon v Paris FC,,France Ligue 1,Under 4 Asian Total Cards,2,1.8,1.63,110.43%,Bet365,Win,1.60
,9/3,Lazio v Sassuolo,,Italy Serie A,Lazio +0.5 AH Cards,1.5,1.9,2.09,90.91%,Bet365,Loss,-1.50
,,Espanyol v Real Oviedo,,Spain La Liga,Under 4.5 Cards,2,1.7,N/A,,Flutter,Loss,-2.00
,10/3,Galatasaray v Liverpool,,UEFA Champions League,Liverpool +0.5 AH Cards,1.5,2.03,1.95,104.10%,Bet365,Win,1.55
,,Stoke v Ipswich,,England Championship,Under 4.5 Cards,1.5,2,2.08,96.15%,Flutter,Win,1.50
,,Torquay v Salisbury,,England National League South,Under 9.5 Asian Corners,2,2,1.8,111.11%,Bet365,Win,2.00
,11/3,Sanfrecce Hiroshima v Johor Darul Ta'zim,,AFC Champions League Elite,Over 10 Asian Corners,2.5,1.83,1.6,114.38%,Bet365,Win,2.08
,,Middlesbrough v Charlton ,,England Championship,Middlesbrough +1 AH Cards,2.5,2.03,1.85,109.73%,Bet365,Loss,-2.50
,,Coventry v Preston,,England Championship,Under 3.5 Cards,1.5,2.05,1.98,103.54%,Flutter,Win,1.58
,,Bahia v Vitoria,,Brazil Serie A,Vitoria Most Cards,2,2,1.72,116.28%,Bet365,Loss,-2.00
,12/3,Nottm Forest v Midtjylland,,UEFA Europa League,Nottm Forest -2 Corner Handicap,1.5,2.25,2.11,106.64%,Flutter,Win,1.88
,13/3,Gremio v RB Bragantino,,Brazil Serie A,Gremio +1 AH Cards,2.5,1.98,1.79,110.61%,Bet365,Loss,-2.50
,,Alaves v Villarreal,,Spain La Liga,Over 5.5 Cards,1.5,2.5,2.34,106.84%,Flutter,Loss,-1.50
,14/3,Leverkusen v Bayern Munich,,Germany Bunedsliga,Bayern Munich 0.0 AH Cards,2.5,2.15,1.83,117.49%,Bet365,Win,2.88
,,Dortmund v Augsburg,,Germany Bunedsliga,Under 3.5 Asian Total Cards,1.5,2,N/A,,Bet365,Win,1.50
,,West Brom v Hull,,England Championship,Hull 0.0 AH Cards,2,1.73,N/A,,Bet365,Win,1.46
,,Napoli v Lecce,,Italy Serie A,Under 3.5 Cards,3,1.95,1.73,112.72%,Flutter,Win,2.85
,,Real Oviedo v Valencia,,Spain La Liga,Under 4.5 Cards,2,1.7,N/A,,Flutter,Loss,-2.00
,,Arsenal v Everton,,Premier League,Arsenal +1 AH Cards,2,1.85,1.76,105.11%,Bet365,Win,1.70
,,Udinese v Juventus,,Italy Serie A,Over 3 Asian Total Cards,2.5,1.78,N/A,,Bet365,Win,1.95
,,Columbus Crew v Nashville,,USA MLS,Columbus Crew -0.5 AH Corners,1.5,1.8,1.65,109.09%,Bet365,Win,1.20
,,Columbus Crew v Nashville,,USA MLS,Over 3.5 Cards,2,2,2.17,92.17%,Flutter,Win,2.00
,15/3,Verona v Genoa,,Italy Serie A,Verona Most Cards,3,2.25,2.21,101.81%,Flutter,Win,3.75
,,St Mirren v Rangers,,Scotland Premiership,Under 4.5 Asian Total Cards,2,1.95,N/A,,Bet365,Win,1.90
,,Liverpool v Tottenham,,Premier League,Tottenham Most Cards,2,1.91,1.65,115.76%,Flutter,Loss,-2.00
,,Liverpool v Tottenham,,Premier League,Under 4 Asian Total Cards,2,1.95,1.96,99.49%,Bet365,Win,1.90
,,Real Betis v Celta Vigo,,Spain La Liga,Over 4.5 Asian Total Cards,1.5,1.85,N/A,,Bet365,Win,1.28
,,Real Betis v Celta Vigo,,Spain La Liga,Celta Vigo -0.5 AH Cards,1.5,2.08,2.43,85.60%,Bet365,Win,1.62
,,Internacional v Bahia,,Brazil Serie A,Over 9.5 Asian Corners,1.5,1.88,1.74,108.05%,Bet365,Loss,-1.50
,,Rennes v Lille,,France Ligue 1,Rennes +0.5 AH Cards,4,2.1,1.99,105.53%,Bet365,Loss,-4.00
,16/3,Rayo Vallecano v Levante,,Spain La Liga,Under 5.5 Asian Total Cards,4,2,N/A,,Bet365,Loss,-4.00
,,Cremonese v Fiorentina,,Italy Serie A,Under 4.5 Asian Total Cards,2,1.85,N/A,,Bet365,Win,1.70
,18/3,Barcelona v Newcastle,,UEFA Champions League,Over 3.5 Asian Total Cards,2.5,1.88,1.72,109.30%,Bet365,Win,2.20
,,Barcelona v Newcastle,,UEFA Champions League,Over 11 Asian Corners,1.5,2,1.91,104.71%,Bet365,Loss,-1.50
,,Southampton v Norwich,,England Championship,Over 3.5 Asian Total Cards,1.5,2.03,1.96,103.57%,Bet365,Win,1.55
,,Liverpool v Galatasaray,,UEFA Champions League,Over 3.5 Asian Total Cards,2.5,1.75,N/A,,Bet365,Loss,-2.50
,,Palmeiras v Botafogo,,Brazil Serie A,Botafogo -0.5 AH Cards,2.5,2,N/A,,Bet365,Win,2.50
,19/3,Santos v Internacional,,Brazil Serie A,Over 4.5 Cards,1.5,1.95,N/A,,Flutter,Win,1.43
,,Real Betis v Panathanaikos,,UEFA Europa League,Real Betis -4 AH Corners,1.5,1.9,1.94,97.94%,Bet365,Loss,-1.50
,,SC Freiburg v Genk,,UEFA Europa League,Freiburg +1 AH Cards,2.5,1.95,1.71,114.04%,Bet365,Win,2.38
,,FC Porto v Stuttgart,,UEFA Europa League,Stuttgart 0.0 AH Cards,1.5,2.1,1.86,112.90%,Bet365,Win,1.65
,,Rayo Vallecano v Samsunspor,,UEFA Conference League,Under 9 Asian Corners,1.5,2,1.87,106.95%,Bet365,Loss,-1.50
,,Strasbourg v HNK Rijeka,,UEFA Conference League,Strasbourg -2 AH Cards,1.5,1.85,1.91,96.86%,Bet365,Loss,-1.50
,20/3,Cagliari v Napoli,,Italy Serie A,Under 3.5 Cards,2.5,2.3,N/A,,Flutter,Loss,-2.50
,,Preston v Stoke,,England Championship,Preston +0.5 AH Cards,1.5,1.8,1.73,104.05%,Bet365,Loss,-1.50
,,Bournemouth v Man Utd,,Premier League,Man Utd +1 AH Cards,2.5,1.7,N/A,,Bet365,Win,1.75
,21/3,Ipswich v Millwall,,England Championship,Under 3.5 Cards,2.5,2.5,N/A,,Bet365,Win,3.75
,,FC Heidenheim v Leverkusen,,Germany Bundesliga,4 Or More Cards,2.5,2.25,N/A,,Flutter,Win,3.13
,,Wolfsburg v Werder Bremen,,Germany Bundesliga,5 Or More Cards,3,2.63,N/A,,Flutter,Loss,-3.00
,,Kilmarnock v Livingston,,Scotland Premiership,Kilmarnock -1 AH Corners,4,1.83,N/A,,Bet365,Loss,-4.00
,,Stenhousemuir v Kelty Hearts,,Scotland League One,Under 9.5 Asian Corners,1.5,1.83,1.69,108.28%,Bet365,Loss,-1.50
,,Swansea v Coventry ,,England Championship,Under 5.5 Asian Total Cards,5,1.78,N/A,,Bet365,Win,3.90
,,Levante v Real Oviedo,,Spain La Liga,Under 6 Asian Total Cards,4,1.83,N/A,,Bet365,Win,3.32
,,Atlanta Utd v DC Utd,,USA MLS,Over 3.5 Cards,3,2,N/A,,Flutter,Loss,-3.00
,22/3,Austin FC v LAFC,,USA MLS,Under 4.5 Asian Total Cards,2.5,1.9,N/A,,Bet365,Loss,-2.50
,,Real Madrid v Atletico Madrid,,Spain La Liga,Atletico Madrid -0.5 Asian Handicap Cards,2.5,2.1,1.91,109.95%,Bet365,Win,2.75
,,New York City v Inter Miami,,USA MLS,Over 3.5 Asian Total Cards,5,1.85,N/A,,Bet365,Win,4.25
,,Bochum v Holstein Kiel,,Germany 2. Bundesliga,Holstein Kiel +1.5 Asian Handicap Corners,2.5,1.85,1.73,106.94%,Bet365,Win,2.12
,,Arsenal v Man City,,EFL Cup,Over 9.5 Corners,1.5,2.3,2.13,107.98%,Paddy Power,Loss,-1.50
,,Real Madrid v Atletico Madrid,,Spain La Liga,Under 5.5 Asian Total Cards,2,1.95,2.04,95.59%,Bet365,Loss,-2.00
,26/3,Czechia v Republic of Ireland,,UEFA European Championship Qualifiers,Over 4.5 Cards,2,2.25,1.78,126.40%,Sky Bet,Loss,-2.00
,,Slovakia v Kosovo,,UEFA European Championship Qualifiers,Over 4.5 Cards,2.5,2.5,N/A,,Sky Bet,Win,3.75
,,Türkiye v Romania,,UEFA European Championship Qualifiers,Over 4.5 Cards,2.5,1.91,N/A,,Sky Bet,Loss,-2.50
,,Double,Türkiye v Romania        ,UEFA European Championship Qualifiers,Türkiye -2 Corner Handicap,2,2.63,N/A,,Sky Bet,Win,3.26
,,Türkiye v Romania,,UEFA European Championship Qualifiers,Romania 0.0 Asian Handicap Cards,2,1.85,1.69,109.47%,Bet365,Loss,-2.00
,27/3,Spain v Serbia,,International Friendly,9 Or More Corners,2.5,2,1.69,118.34%,Flutter,Loss,-2.50
,,Spain v Serbia,,International Friendly,10 Or More Corners,1,2.63,2.16,121.76%,Flutter,Loss,-1.00
,,Spain v Serbia,,International Friendly,11 Or More Corners,0.5,3.6,N/A,,Flutter,Loss,-0.50
,,Spain v Serbia,,International Friendly,12 Or More Corners,0.25,5,N/A,,Flutter,Loss,-0.25
,28/3,York v Woking,,England National League,Over 10.0 Asian Total Corners,2.5,2,N/A,,Bet365,Loss,-2.50
,29/3,Chelsea (W) v Aston Villa (W),,England Women's Super League,10 Or More Corners,3,1.83,1.55,118.06%,Flutter,Win,2.50
,,Chelsea (W) v Aston Villa (W),,England Women's Super League,11 Or More Corners,2,2.4,1.91,125.65%,Flutter,Loss,-2.00
,,Chelsea (W) v Aston Villa (W),,England Women's Super League,12 Or More Corners,0.5,3,2.52,119.05%,Flutter,Loss,-0.50
,,Chelsea (W) v Aston Villa (W),,England Women's Super League,13 Or More Corners,0.35,4,N/A,,Flutter,Loss,-0.35
,,Chelsea (W) v Aston Villa (W),,England Women's Super League,14 Or More Corners,0.15,5.5,N/A,,Flutter,Loss,-0.15
,30/3,Germany v Ghana,,International Friendly,Germany 7 Or More Corners,2,2,N/A,,Flutter,Win,2.00
,,Germany v Ghana,,International Friendly,Germany 8 Or More Corners,0.5,2.75,N/A,,Flutter,Win,0.88
,,Germany v Ghana,,International Friendly,Germany 9 Or More Corners,0.35,3.75,N/A,,Flutter,Win,0.96
,,Germany v Ghana,,International Friendly,Germany 10 Or More Corners,0.15,5.5,N/A,,Flutter,Loss,-0.15
,31/3,Kosovo v Türkiye,,UEFA European Championship Qualifiers,Over 5.5 Asian Total Cards,2,1.98,1.95,101.54%,Bet365,Win,1.96
,,Czechia v Denmark,,UEFA European Championship Qualifiers,Over 4.0 Asian Total Cards,2.5,1.78,N/A,,Bet365,Loss,-2.50
,,Australia v Cucacao,,International Friendly,Over 8.5 Asian Corners,1.5,1.9,1.8,105.56%,Bet365,Loss,-1.50
,,Netherlands v Ecuador,,International Friendly,Netherlands 5 Or More Corners,3,1.8,N/A,,Flutter,Loss,-3.00
,,Netherlands v Ecuador,,International Friendly,Netherlands 6 Or More Corners,2,2.5,N/A,,Flutter,Loss,-2.00
,,Netherlands v Ecuador,,International Friendly,Netherlands 7 Or More Corners,0.75,3.75,N/A,,Flutter,Loss,-0.75
,,Netherlands v Ecuador,,International Friendly,Netherlands 8 Or More Corners,0.5,6,N/A,,Flutter,Loss,-0.50
,,Netherlands v Ecuador,,International Friendly,Netherlands 9 Or More Corners,0.25,9.5,N/A,,Flutter,Loss,-0.25
,,Netherlands v Ecuador,,International Friendly,Netherlands 10 Or More Corners,0.1,15,N/A,,Flutter,Loss,-0.10
,,Double,Norway v Switzerland,International Friendly,10 Or More Corners,2,2.57,N/A,,Sky Bet,Loss,-2.00
,3/4,Middlesbrough v Millwall,,England Championship,Under 4.5 Asian Total Cards,1.5,1.83,N/A,,Bet365,Win,1.25
,,Middlesbrough v Millwall,,England Championship,Millwall -1.0 Asian Handicap Cards,1.5,2.10,2.24,93.75%,Bet365,Loss,-1.50
,,West Brom v Wrexham,,England Championship,Wrexham Team Most Cards,1.5,2.40,N/A,,Flutter,Loss,-1.50
,,Norwich v Portsmouth,,England Championship,Portsmouth -0.5 Asian Handicap Cards,1.5,1.98,2.08,94.95%,Bet365,Win,1.47
,,QPR v Watford,,England Championship,Over 4.5 Asian Total Cards,1.5,2.05,N/A,,Bet365,Win,1.57
,,Oxford Utd v Hull,,England Championship,Hull -0.5 Asian Handicap Cards,1.5,1.88,1.96,95.66%,Bet365,Win,1.32
,4/4,Lazio v Parma,,Italy Serie A,Over 4.5 Cards,1.5,2.15,2.02,106.44%,Flutter,Loss,-1.50
,,Hoffenheim v Mainz,,Germany Bundesliga,4 Or More Cards,1.5,1.91,1.73,110.40%,Flutter,Win,1.37
,,Real Sociedad v Levante,,Spain La Liga,Over 4.5 Cards,1.5,2.38,2.05,116.10%,Flutter,Win,2.07
,,Betis v Espanyol,,Spain La Liga,Over 4.5 Cards,1.5,2.20,1.93,113.99%,Flutter,Loss,-1.50
,,Atletico Madrid v Barcelona,,Spain La Liga,Under 5.0 Asian Total Cards,1.5,2.00,2,100.00%,Bet365,Loss,-1.50
,,Atletico Madrid v Barcelona,,Spain La Liga,Atletico Madrid Team Most Cards,1.5,2.10,2.01,104.48%,Flutter,Win,1.65
,,Rangers v Dundee Utd,,Scottish Premiership,Under 10.5 Asian Total Corners,1.5,1.90,1.78,106.74%,Bet365,Loss,-1.50
,,Lille v Lens,,France Ligue 1,Lens 0.0 Asian Handicap Cards,1.5,1.95,1.82,107.14%,Bet365,Loss,-1.50
,,Toronto FC v Colorado Rapids,,USA MLS,Over 3.5 Asian Total Cards,1.5,2.05,1.92,106.77%,Bet365,Win,1.58
,5/4,DC Utd v FC Dallas,,USA MLS,Over 4.5 Cards,1.5,2.25,2.03,110.84%,Sky Bet,Loss,-1.50
,,Charlotte FC v Philadelphia,,USA MLS,Over 4.5 Cards,1.5,2.20,N/A,,Flutter,Win,1.80
,,New York Red Bulls v FC Cincinnati,,USA MLS,Over 4.5 Cards,1.5,2.50,2.2,113.64%,Flutter,Win,2.25
,,Inter Miami v Austin FC,,USA MLS,Under 4.0 Asian Total Cards,1.5,2.05,1.9,107.89%,Bet365,Win,1.58
,,Inter Miami v Austin FC,,USA MLS,Austin FC +0.5 Asian Handicap Cards,1.5,1.80,N/A,,Bet365,Loss,-1.50
,,Coritiba v Fluminense,,Brazil Serie A,Fluminense +0.5 Asian Handicap Cards,1.5,1.88,N/A,,Bet365,Loss,-1.50
,,Real Oviedo v Sevilla,,Spain La Liga,Under 5.5 Asian Total Cards,1.5,1.90,N/A,,Bet365,Loss,-1.50
,,Pisa v Torino,,Italy Serie A,Under 3.5 Cards,1.5,2.05,N/A,,Flutter,Win,1.58
,,Pisa v Torino,,Italy Serie A,Torino +0.0 Card Handicap,1.5,2.25,2.35,95.74%,Bet365,Loss,-1.50
,,Bahia v SE Palmeiras,,Brazil Serie A,Over 4.5 Cards,1.5,2.15,1.89,113.76%,Paddy Power,Win,1.73
,6/4,Portsmouth v Oxford Utd,,England Championship,Oxford Utd -0.5 Asian Handicap Cards,1.5,1.98,2.13,92.72%,Bet365,Loss,-1.50
,,Millwall v Norwich,,England Championship,Under 3.5 Cards,1.5,2.05,1.98,103.54%,Flutter,Win,1.58
,,Blackburn v West Brom,,England Championship,Under 3.5 Cards,1.5,2.15,N/A,,Flutter,Loss,-1.50
,,Ipswich v Birmingham,,England Championship,Under 4.0 Asian Total Cards,1.5,1.80,1.91,94.24%,Bet365,Win,1.20
,,Watford v Charlton,,England Championship,Under 3.5 Cards,1.5,2.15,N/A,,Flutter,Loss,-1.50
,,Swansea v Middlesbrough,,England Championship,Over 4.0 Asian Total Cards,1.5,1.95,N/A,,Bet365,Win,1.43
,,Lecce v Atalanta,,Italy Serie A,Atalanta Team Most Cards,1.5,2.50,N/A,,Flutter,Win,2.25
,,Juventus v Genoa,,Italy Serie A,Under 3.5 Cards,1.5,1.83,1.96,93.37%,Flutter,Loss,-1.50
,,Napoli v AC Milan,,Italy Serie A,Under 3.5 Cards,1.5,2.00,N/A,,Flutter,Win,1.50
,,Girona v Villarreal,,Spain La Liga,Villarreal Team Most Cards,1.5,2.30,N/A,,Flutter,Loss,-1.50
,9/4,Freiburg v Celta Vigo,,UEFA Europa League,Celta Vigo Team Most Cards,1.5,2.50,N/A,,Flutter,Loss,-1.50
,,Porto v Nottm Forest,,UEFA Europa League,Nottm Forest Team Most Cards,1.5,2.25,N/A,,Flutter,Loss,-1.50
,10/4,Central Coast Mariners v Brisbane Roar,,Australia A-League,Under 4.0 Asian Total Cards,1.5,2.00,N/A,,Bet365,Loss,-1.50
,,West Brom v Millwall,,England Championship,Millwall -0.5 Asian Handicap Cards,1.5,1.98,1.89,104.50%,Bet365,Win,1.46
,,West Ham v Wolves,,Premier League,Under 3.5 Asian Total Cards,1.5,2.00,2.05,97.56%,Bet365,Loss,-1.50
,11/4,Charlton v Preston,,England Championship,Preston Team Most Cards,1.5,2.10,2.24,93.75%,Flutter,Win,1.65
,,Charlton v Preston,,England Championship,Under 3.5 Asian Total Cards,1.5,2.05,2.04,100.49%,Bet365,Loss,-1.50
,,Oxford Utd v Watford,,England Championship,Over 4.5 Cards,1.5,2.38,N/A,,Flutter,Loss,-1.50
,,Barcelona v Espanyol,,Spain La Liga,Under 4.5 Asian Total Cards,1.5,1.88,N/A,,Bet365,Loss,-1.50
,,Cagliari v US Cremonese,,Italy Serie A,Under 3.5 Cards,1.5,2.00,N/A,,Flutter,Win,1.50
,,Torino v Verona,,Italy Serie A,Under 3.5 Cards,1.5,2.05,N/A,,Flutter,Loss,-1.50
,,Atalanta v Juventus,,Italy Serie A,Over 9.0 Asian Total Corners,1.5,1.93,1.81,106.35%,Bet365,Win,1.39
,,Toronto FC v FC Cincinnati,,USA MLS,Over 3.5 Cards,1.5,1.73,N/A,,Sky Bet,Win,1.10
,,Austin FC v LA Galaxy,,USA MLS,Over 4.5 Cards,1.5,2.38,2.14,111.21%,Flutter,Win,2.07
,,Portland Timbers v Los Angeles FC,,USA MLS,Over 4.5 Cards,1.5,2.38,2.17,109.68%,Flutter,Loss,-1.50
,,Mirassol v Bahia,,Brazil Serie A,Under 5.5 Asian Total Cards,1.5,2.03,N/A,,Bet365,Win,1.54
,12/4,Charlotte FC v Nashville SC,,USA MLS,Over 4.5 Cards,1.5,2.38,2.15,110.70%,Flutter,Loss,-1.50
,,New England v DC Utd,,USA MLS,Over 4.5 Cards,1.5,2.50,2.08,120.19%,Flutter,Loss,-1.50
,,FC Dallas v St Louis City SC,,USA MLS,Over 4.5 Cards,1.5,2.50,2.31,108.23%,Flutter,Loss,-1.50
,,Colorado v Houston Dynamo,,USA MLS,Over 4.5 Cards,1.5,2.38,1.99,119.60%,Flutter,Loss,-1.50
,,Nottm Forest v Aston Villa,,Premier League,Over 3.5 Asian Total Cards,1.5,1.83,N/A,,Bet365,Win,1.24
,,Genoa v Sassuolo,,Italy Serie A,Over 4.5 Cards,1.5,2.38,N/A,,Flutter,Win,2.07
,,Bologna v Lecce,,Italy Serie A,Lecce -0.5 Asian Handicap Cards,1.5,1.95,2.02,96.53%,Bet365,Win,1.43
,,Toulouse v Lille,,France Ligue 1,Lille 0.0 Asian Handicap Cards,1.5,1.85,N/A,,Bet365,Loss,-1.50
,,Mallorca v Rayo Vallecano,,Spain La Liga,Over 4.5 Cards,1.5,1.83,N/A,,Flutter,Win,1.25
,,Athletic Bilbao v Villarreal,,Spain La Liga,Over 4.5 Cards,1.5,2.20,1.98,111.11%,Flutter,Win,1.80
,,Sunderland v Tottenham,,Premier League,Over 4.5 Cards,1.5,2.15,1.9,113.16%,Flutter,Win,1.73
,13/4,Fiorentina v Lazio,,Italy Serie A,Over 5.5 Cards,1.5,2.38,N/A,,Flutter,Loss,-1.50
,14/4,Atletico Madrid v Barcelona,,Spain La Liga,Barcelona Over 9.5 Corners,1.5,2.30,N/A,,Bet365,Loss,-1.50
,16/4,Nottm Forest v Porto,,UEFA Europa League,Over 4.5 Cards,1.5,2.20,1.98,111.11%,Flutter,Win,1.80
,,Fiorentina v Crystal Palace,,UEFA Conference League,4 Or More Cards,1.5,1.83,N/A,,Flutter,Win,1.25
,18/4,Millwall v QPR,,England Championship,Under 3.5 Asian Total Cards,1.5,1.98,2.03,97.29%,Bet365,Loss,-1.50
,,Preston v West Brom,,England Championship,Under 3.5 Cards,1.5,1.95,1.98,98.48%,Flutter,Win,1.43
,,Sheff Wed v Charlton,,England Championship,Over 2.5 Asian Total Cards,1.5,1.73,N/A,,Bet365,Win,1.09
,,Swansea v Southampton,,England Championship,Southampton Most Cards,1.5,2.20,N/A,,Flutter,Loss,-1.50
,,Hull v Birmingham,,England Championship,Under 3.5 Cards,1.5,2.50,N/A,,Flutter,Loss,-1.50
,,Wrexham v Stoke,,England Championship,Stoke Team Most Cards,1.5,2.10,2.01,104.48%,Flutter,Win,1.65
,,Wrexham v Stoke,,England Championship,Under 3.5 Asian Total Cards,1.5,2.00,2.07,96.62%,Bet365,Win,1.50
,,Watford v Sheff Utd,,England Championship,Sheff Utd 0.0 Asian Handicap Cards,1.5,2.05,1.94,105.67%,Bet365,Win,1.58
,,Roma v Atalanta,,Italy Serie A,Atalanta -0.5 Asian Handicap Cards,1.5,2.05,2.02,101.49%,Bet365,Win,1.58
,,Werder Bremen v Hamburger SV,,Germany Bundesliga,5 Or More Cards,1.5,2.00,1.69,118.34%,Flutter,Win,1.50
,,Chelsea v Man Utd,,Premier League,Man Utd Most Cards ,1.5,2.88,N/A,,Flutter,Win,2.82
,,Tottenham v Brighton,,Premier League,Brighton Most Cards,1.5,2.37,N/A,,Bet365,Loss,-1.50
,19/4,Atlanta Utd v Nashville SC,,USA MLS,Over 3.5 Cards,1.5,2.30,1.97,116.75%,Paddy Power,Loss,-1.50
,,Philadelphia v DC United,,USA MLS,Under 5.5 Asian Total Cards,1.5,1.88,N/A,,Bet365,Win,1.31
,,Real Salt Lake v San Diego FC,,USA MLS,Under 5.0 Asian Total Cards,1.5,1.95,N/A,,Bet365,Win,1.43
,,Aston Villa v Sunderland,,Premier League,Sunderland -1.0 Asian Handicap Cards,1.5,2.08,2.07,100.24%,Bet365,Win,1.61
,,Everton v Liverpool,,Premier League,Liverpool Most Cards,1.5,2.80,N/A,,Flutter,Loss,-1.50
,,US Cremonese v Torino,,Italy Serie A,US Cremonese Most Cards,1.5,2.50,N/A,,Flutter,Loss,-1.50
,,US Cremonese v Torino,,Italy Serie A,Under 3.5 Cards,1.5,2.05,2.34,87.61%,Flutter,Win,1.58
,,Verona v AC Milan,,Italy Serie A,AC Milan +0.5 Asian Handicap Cards,1.5,2.03,2.33,86.91%,Bet365,Loss,-1.50
,,Pisa v Genoa,,Italy Serie A,Under 3.5 Cards,1.5,2.05,2.23,91.93%,Flutter,Loss,-1.50
,20/4,Lecce v Fiorentina,,Italy Serie A,Over 4.5 Cards,1.5,2.15,N/A,,Flutter,Win,1.73
,21/4,Brighton v Chelsea,,Premier League,Over 4.5 Cards,1.5,2.50,N/A,,Flutter,Loss,-1.50
,,Stoke v Millwall,,England Championship,Millwall 0.0 Asian Handicap Cards,1.5,1.95,1.99,97.99%,Bet365,Win,1.43
,,Norwich v Derby,,England Championship,Under 3.5 Cards,1.5,2.00,N/A,,Bet365,Loss,-1.50
,,Oxford Utd v Wrexham,,England League One,Wrexham 0.0 Asian Handicap Cards,1.5,1.90,1.93,98.45%,Flutter,Win,1.35
,,Leicester v Hull,,England Championship,Hull Most Cards,1.5,1.91,N/A,,Bet365,Loss,-1.50
,22/4,Burnley v Man City,,Premier League,Man City +0.5 Asian Handicap Cards,1.5,1.93,1.98,97.22%,Bet365,Win,1.39
,,Charlton v Ipswich,,England Championship,Ipswich +0.5 Asian Handicap Cards,1.5,1.95,1.89,103.17%,Bet365,Win,1.43
,,Sheff Utd v Blackburn,,England Championship,Blackburn Most Cards,1.5,1.91,1.86,102.69%,Flutter,Win,1.37
,,Barcelona v Celta Vigo,,Spain La Liga,Over 3.5 Cards,1.5,2.15,2.08,103.37%,Flutter,Loss,-1.50
,23/4,Toronto FC v Philadelphia,,USA MLS,Under 5.0 Asian Total Cards,1.5,1.95,N/A,,Bet365,Loss,-1.50
,,FC Dallas v Minnesota Utd,,USA MLS,Over 3.5 Asian Total Cards,1.5,2.05,N/A,,Bet365,Win,1.58
,,San Jose v Austin FC,,USA MLS,Over 4.0 Asian Total Cards,1.5,2.05,N/A,,Bet365,Loss,-1.50
,,LAFC v Colorado Rapids,,USA MLS,Under 4.5 Asian Total Cards,1.5,2.05,N/A,,Bet365,Loss,-1.50
,,Oviedo v Villarreal,,Spain La Liga,Under 4.5 Cards,1.5,1.83,1.69,108.28%,Flutter,Win,1.25
,24/4,Sunderland v Nottm Forest,,England Championship,Over 4.5 Cards,1.5,2.38,N/A,,Flutter,Win,2.07
,,Leicester v Millwall,,England Championship,Millwall Most Cards,1.5,2.30,2.31,99.57%,Flutter,Win,1.95
,,Leicester v Millwall,,England Championship,Leicester +1.0 Asian Handicap Corners,1.5,2.00,1.93,103.63%,Bet365,Loss,-1.50
,,RB Leipzig v Union Berlin,,Germany Bundesliga,Under 3.0 Asian Total Cards,1.5,2.00,1.77,112.99%,Bet365,Win,1.50
,25/4,West Brom v Ipswich,,England Championship,Over 3.5 Cards,1.5,2.30,1.91,120.42%,Flutter,Win,1.95
,,Charlton v Hull,,England Championship,Hull Most Cards,1.5,2.25,N/A,,Flutter,Loss,-1.50
,,Birmingham v Bristol City,,England Championship,Over 2.5 Cards,1.5,2.05,N/A,,Flutter,Win,1.58
,,Sheff Utd v Preston,,England Championship,Preston Most Cards,1.5,2.30,2.13,107.98%,Flutter,Win,1.95
,,Middlesbrough v Watford,,England Championship,Middlesbrough Over 7.5 Corners,1.5,2.10,N/A,,Flutter,Loss,-1.50
,,Parma v Pisa,,Italy Serie A,Under 3.5 Cards,1.5,2.15,2.22,96.85%,Flutter,Win,1.73
,,Double,West Brom v Ipswich,England Championship,Over 3.5 Cards,0.5,4.71,N/A,,Flutter,Win,1.86
,,,Birmingham v Bristol City,,Over 2.5 Cards,,,,,,,
,,Augsburg v Eintracht Frankfurt,,Germany Bundesliga,Augsburg 0.0 Asian Handicap Cards,1.5,1.93,1.91,100.79%,Bet365,Loss,-1.50
,,CF Montreal v New York City,,USA MLS,Over 4.5 Cards,1.5,2.38,1.97,120.81%,Flutter,Win,2.07
,26/4,FC Cincinnati v New York Red Bulls,,USA MLS,Over 4.5 Cards,1.5,2.50,2.11,118.48%,Flutter,Loss,-1.50
,,San Diego FC v Portland Timbers,,USA MLS,Over 4.5 Cards,1.5,2.50,1.93,129.53%,Flutter,Loss,-1.50
,,Inter Miami v New England,,USA MLS,Over 9.0 Asian Total Corners,1.5,1.90,1.76,107.95%,Bet365,Loss,-1.50
,,Fiorentina v Sassuolo,,Italy Serie A,Over 4.5 Cards,1.5,2.50,N/A,,Flutter,Loss,-1.50
,,Genoa v Como,,Italy Serie B,Over 4.5 Cards,1.5,2.30,2.22,103.60%,Flutter,Loss,-1.50
,,Torino v Inter Milan,,Italy Serie A,Inter Milan +0.5 Asian Handicap Cards,1.5,1.73,1.78,96.91%,Bet365,Win,1.09
,,Torino v Inter Milan,,Italy Serie A,Inter Milan Team to Get Most Cards,0.25,3.10,N/A,,Bet365,Win,0.53
,,Rayo Vallecano v Real Sociedad,,Spain La Liga,Over 4.5 Cards,1.5,1.95,1.71,114.04%,Flutter,Win,1.43
,,Oviedo v Elche,,Spain La Liga,Over 4.5 Cards,1.5,1.83,1.67,109.58%,Flutter,Loss,-1.50
,,Oviedo v Elche,,Spain La Liga,Oviedo Most Cards,1.5,2.50,N/A,,Flutter,Win,2.25
,,Hibernian v Hearts ,,Scotland Premiership,Hibernian Most Corners,1.5,2.30,2.26,101.77%,Paddy Power,Loss,-1.50
,,Corinthians v Vasco Da Gama,,Brazil Serie A,Over 4.5 Cards,1.5,1.83,N/A,,Flutter,Win,1.25
,,Gremio v Coritiba,,Brazil Serie A,Over 5.5 Cards,1.5,2.50,N/A,,Flutter,Win,2.25
,,Athletico-PR v Vitoria,,Brazil Serie A,Over 4.5 Cards,1.5,1.83,N/A,,Flutter,Win,1.25
,,RB Bragantino v Palmeiras,,Brazil Serie A,Over 4.5 Cards,1.5,1.80,N/A,,Flutter,Loss,-1.50
,,4 Fold,Corinthians v Vasco Da Gama	,Brazil Serie A,Over 4.5 Cards,0.25,15.13,N/A,,Flutter,Loss,-0.25
,,,Gremio v Coritiba	,,Over 5.5 Cards,,,,,,,
,,,Athletico-PR v Vitoria	,,Over 4.5 Cards,,,,,,,
,,,RB Bragantino v Palmeiras	,,Over 4.5 Cards,,,,,,,
,,Paris FC v Lille,,France Ligue 1,4 Or More Cards,1.5,1.91,N/A,,Flutter,Win,1.37
,27/4,LA Galaxy v Real Salt Lake,,USA MLS,Over 4.5 Cards,1.5,2.15,1.79,120.11%,Flutter,Win,1.73
,,Cagliari v Atalanta,,Italy Serie A,Under 3.5 Asian Total Cards,1.5,2.05,1.9,107.89%,Bet365,Win,1.58
,,Lazio v Udinese,,Italy Serie A,Udinese 0.0 Asian Handicap Cards,1.5,1.80,1.55,116.13%,Bet365,Loss,-1.50
,30/4,Braga v Freiburg,,UEFA Europa League,Braga -1 Corner Handicap,1.5,2.25,2.04,110.29%,Flutter,Win,1.88
,1/5,Pisa v Lecce,,Italy Serie A,Under 3.5 Cards,1.5,2.05,2.12,96.70%,Flutter,Loss,-1.50
,2/5,Brentford v West Ham,,Premier League,Under 3.5 Cards,1.5,1.70,1.81,93.92%,Flutter,Loss,-1.50
,,Sheff Wed v West Brom,,England Championship,Over 2.5 Cards,1.5,2.50,2.15,116.28%,Bet365,Win,2.25
,,Atalanta v Genoa,,Italy Serie A,Atalanta Most Cards,1.5,3.10,N/A,,Bet365,Win,3.15
,,Atalanta v Genoa,,Italy Serie A,Over 9.5 Corners,1.5,2.20,2.04,107.84%,Paddy Power,Loss,-1.50
,,Newcastle v Brighton,,Premier League,Newcastle Over 5.5 Corners,1.5,2.10,N/A,,Flutter,Loss,-1.50
,,Hull v Norwich,,England Championship,Over 3.5 Cards,1.5,2.20,1.94,113.40%,Flutter,Loss,-1.50
,,EC Vitoria Salvador v Coritiba,,Brazil Serie A,Over 4.5 Cards,1.5,1.95,N/A,,Paddy Power,Win,1.43
,,Real Salt Lake v Portland Timbers,,USA MLS,Over 4.5 Cards,1.5,2.38,2.18,109.17%,Paddy Power,Loss,-1.50
,3/5,New England v Charlotte FC,,USA MLS,Over 4.5 Cards,1.5,2.15,1.99,108.04%,Paddy Power,Win,1.73
,,Atlanta Utd v CF Montreal,,USA MLS,Atlanta Utd Over 5.5 Corners,1.5,2.40,N/A,,Paddy Power,Loss,-1.50
,,Sassuolo v AC Milan,,Italy Serie A,Over 3.5 Cards,1.5,2.20,2.03,108.37%,Flutter,Win,1.80
,,Sassuolo v AC Milan,,Italy Serie A,Sassuolo Most Cards,1.5,2.30,2.1,109.52%,Flutter,Loss,-1.50
,,Celta Vigo v Elche,,Spain La Liga,Under 3.5 Cards,1.5,2.50,2.1,119.05%,Flutter,Win,2.25
,,Betis v Oviedo,,Spain La Liga,Under 4.5 Cards,1.5,1.83,N/A,,Flutter,Win,1.25
,,New York City v DC Utd,,USA MLS,Over 3.5 Cards,1.5,2.00,N/A,,Flutter,Win,1.50
,,Austin FC v St Louis City SC,,USA MLS,Over 3.5 Cards,1.5,1.83,N/A,,Flutter,Win,1.25
,,Chapecoense v Red Bull Bragantino,,Brazil Serie A,Red Bull Bragantino -1 Corner Handicap,1.5,2.25,2.1,107.14%,Flutter,Loss,-1.50
,,Internacional v Fluminense,,Brazil Serie A,Over 5.5 Cards,1.5,2.50,2.15,116.28%,Flutter,Win,2.25
,,Flamengo v Vasco da Gama,,Brazil Serie A,Over 5.5 Cards,1.5,2.20,N/A,,Flutter,Win,1.80
,,Aston Villa v Tottenham,,Premier League,Aston Villa Most Corners & Over 5.5 Corners,1.5,2.31,N/A,,Flutter,Loss,-1.50
,4/5,Chelsea v Nottm Forest,,Premier League,Over 4.5 Cards,1.5,2.30,2.34,98.29%,Flutter,Loss,-1.50
,,US Cremonese v Lazio,,Italy Serie A,US Cremonese Team Most Cards,1.5,2.50,2.17,115.21%,Flutter,Loss,-1.50
,,Roma v Fiorentina,,Italy Serie A,Over 3.5 Cards,1.5,2.05,2.08,98.56%,Flutter,Win,1.58
,,Everton v Man City,,Premier League,Man City +0.5 Asian Handicap Cards,1.58,2.08,1.82,114.01%,Bet365,Loss,-1.58
,6/5,Bayern Munich v PSG,,UEFA Champions League,Over 4.0 Asian Total Cards,1.5,1.98,1.96,100.77%,Bet365,Win,1.46
,8/5,Hull v Millwall,,England Championship,Under 3.5 Cards,1.5,2.15,2.18,98.62%,Flutter,Win,1.73
,,Hull v Millwall,,England Championship,Millwall 0.0 Asian Handicap Cards,1.5,1.95,1.82,107.14%,Bet365,Win,1.43
,,Torino v Sassuolo,,Italy Serie A,Under 3.5 Cards,1.5,2.05,1.83,112.02%,Flutter,Loss,-1.50
,9/5,Lazio v Inter,,Italy Serie A,Over 3.5 Cards,1.5,1.87,2.13,87.79%,Flutter,Win,1.31
,10/5,San Jose Earthquakes v Vancouver Whitecaps,,USA MLS,Vancouver Whitecaps +1 Corner Handicap,1.5,2.00,1.84,108.70%,Sky Bet,Win,1.50
,,Cremonese v Pisa,,Italy Serie B,Under 4.5 Asian Total Cards,1.5,1.90,2,95.00%,Bet365,Loss,-1.50
,,Fiorentina v Genoa,,Italy Serie A,Over 4.5 Cards,1.5,2.50,N/A,,Flutter,Loss,-1.50
,,Fiorentina v Genoa,,Italy Serie A,Genoa Most Cards,1.5,2.30,N/A,,Flutter,Loss,-1.50
,,Parma v Roma,,Italy Serie A,Roma Most Cards,1.5,2.50,N/A,,Flutter,Loss,-1.50
,,Parma v Roma,,Italy Serie A,Under 3.5 Cards,1.5,1.83,1.57,116.56%,Flutter,Loss,-1.50
,,Paris St-G v Brest,,France Ligue 1,3 Or More Cards,1.5,2.20,2.08,105.77%,Flutter,Loss,-1.50
,,Barcelona v Real Madrid,,Spain La Liga,Real Madrid +0.5 Asian Handicap Cards,1.5,1.70,N/A,,Bet365,Win,1.05
,11/5,Millwall v Hull,,England Championship,Under 3.5 Cards,1.5,2.30,2.63,87.45%,Flutter,Loss,-1.50
,,Napoli v Bologna,,Italy Serie A,Under 3.5 Cards,1.5,1.73,1.61,107.45%,Flutter,Loss,-1.50
,13/5,Brest v Strasbourg,,France Ligue 1,Strasbourg 0.0 Asian Handicap Cards,1.5,1.78,1.75,101.43%,Bet365,Win,1.16
,14/5,St Louis City SC v Los Angeles FC,,USA MLS,Los Angeles FC Most Cards,0.75,3.75,N/A,,Flutter,Loss,-0.75
,16/5,Freiburg v RB Leipzig,,Germany Bundesliga,RB Leipzig Team Most Cards,1.5,2.40,N/A,,Flutter,Win,2.10
,17/5,Oviedo v Alaves,,Spain La Liga,Oviedo Most Cards,1,3.25,2.66,122.18%,Flutter,Win,2.25
,,Sevilla v Real Madrid,,Spain La Liga,Under 4.5 Cards,1.5,1.95,1.8,108.33%,Flutter,Win,1.43
,21/5,FC Utrecht v Heerenveen,,Netherlands Eredivisie,FC Utrecht Most Corners & Over 5.5 Corners,1.5,2.34,N/A,,Sky Bet,Win,2.01
,23/5,Espanyol v Real Sociedad,,Spain La Liga,Espanyol -1 Corner Handicap,1.5,2.63,2.5,105.20%,Sky Bet,Loss,-1.50
,27/5,Crystal Palace v Rayo Vallecano,,UEFA Conference League,Over 4.5 Asian Total Cards,1.5,2.05,1.89,108.47%,Bet365,Win,1.58
,,Crystal Palace v Rayo Vallecano,,UEFA Conference League,Over 4.0 Asian Total Cards,1.5,1.78,1.56,113.78%,Bet365,Win,1.16
,7/6,Croatia v Slovenia,,International Friendly,Slovenia 3+ Corners,1.5,2.00,N/A,,Flutter,Win,1.50
,,Morocco v Norway,,International Friendly,Morocco Most Corners,1.5,2.30,N/A,,Paddy Power,Loss,-1.50
,8/6,France v Northern Ireland,,International Friendly,Northern Ireland 2+ Corners,1.5,2.10,N/A,,Bet365,Loss,-1.50
,,Netherlands v Uzbekistan,,International Friendly,Netherlands 7+ Corners,1.5,2.20,N/A,,Sky Bet,Loss,-1.50
,10/6,England v Costa Rica,,International Friendly,England 8+ Corners & 2+ FH Corners,1.5,2.30,N/A,,Bet365,Win,1.95
,,Portugal v Nigeria,,International Friendly,Over 9.0 Asian Total Corners,1.5,2.00,1.8,111.11%,Bet365,Loss,-1.50
,11/6,Mexico v South Africa,,FIFA World Cup,Under 8.5 Asian Total Corners,1.5,2.00,1.89,105.82%,Bet365,Win,1.50
,12/6,Canada v Bosnia,,FIFA World Cup,Canada -2 Corner Handicap,1.5,2.38,2.2,108.18%,Sky Bet,Win,2.07
,13/6,USA v Paraguay,,FIFA World Cup,USA +0.5 Asian Handicap Cards,1.5,1.83,1.52,120.07%,Bet365,Loss,-1.50
,,Qatar v Switzerland,,FIFA World Cup,Switzerland -3 Corner Handicap,1.5,2.00,1.79,111.73%,Sky Bet,Win,1.50
,,Brazil v Morocco,,FIFA World Cup,Brazil Over 1.5 Cards,1.5,1.87,N/A,,Flutter,Win,1.31
,14/6,Netherlands v Japan,,FIFA World Cup,Japan 0.0 Asian Handicap Cards,1.5,1.73,1.53,112.75%,Bet365,Loss,-1.50
,15/6,Ivory Coast v Ecuador,,FIFA World Cup,Ecuador -1 Corner Handicap,1.5,2.50,2.23,112.11%,Flutter,Win,2.25
,,Saudi Arabia v Uruguay,,FIFA World Cup,Uruguay -2 Corner Handicap,1.5,2.38,2.03,117.24%,Sky Bet,Win,2.07
,,Saudi Arabia v Uruguay,,FIFA World Cup,Over 1.5 Cards,1.5,1.80,N/A,,Bet365,Loss,-1.50
,16/6,Iraq v Norway,,FIFA World Cup,Over 9.0 Asian Total Corners,1.5,2.00,1.71,116.96%,Bet365,Loss,-1.50
,19/6,Mexico v South Korea,,FIFA World Cup,Under 9.0 Asian Total Corners,1.5,1.80,1.66,108.43%,Bet365,Win,1.20
,20/6,Brazil v Haiti,,FIFA World Cup,Over 2.5 Cards,1.5,1.95,2.1,92.86%,Flutter,Win,1.43
,,Brazil v Haiti,,FIFA World Cup,Haiti Most Cards,1.5,1.91,1.94,98.45%,Flutter,Win,1.37
,,Germany v Ivory Coast,,FIFA World Cup,Under 2.5 Cards,1.5,2.50,N/A,,Flutter,Win,2.25
,21/6,Tunisia v Japan,,FIFA World Cup,Japan +0.5 Asian Handicap Cards,1.5,2.15,N/A,,Bet365,Win,1.73
,,Spain v Saudi Arabia,,FIFA World Cup,Spain +1.0 Asian Handicap Cards,1.5,1.83,1.57,116.24%,Bet365,Loss,-1.50
,,Belgium v Iran,,FIFA World Cup,Over 3.0 Asian Total Cards,1.5,1.95,N/A,,Bet365,Win,1.43
,22/6,Argentina v Austria,,FIFA World Cup,Austria -0.5 Asian Handicap Cards,1.5,1.80,1.71,105.26%,Bet365,Loss,-1.50
,,France v Iraq,,FIFA World Cup,France -5 Corner Handicap,1.5,1.91,1.96,97.45%,Flutter,Loss,-1.50
,24/6,Morocco v Haiti,,FIFA World Cup,Under 9.5 Asian Total Corners,1.5,1.80,1.6,112.50%,Bet365,Loss,-1.50
,,Bosnia v Qatar,,FIFA World Cup,Team Most Cards - Tie,1,4.05,N/A,,Flutter,Win,3.05
,25/6,Czechia v Mexico,,FIFA World Cup,Czechia Over 1.5 Cards,1.5,1.83,N/A,,Flutter,Loss,-1.50
,,Czechia v Mexico,,FIFA World Cup,Czechia Most Cards,1.5,2.10,1.96,107.14%,Flutter,Loss,-1.50
,26/6,Japan v Sweden,,FIFA World Cup,Under 2.5 Asian Total Cards,1.5,2.05,1.91,107.33%,Bet365,Loss,-1.50
,,Senegal v Iraq,,FIFA World Cup,Senegal Over 1.5 Cards,1.5,2.70,2.5,108.00%,Flutter,Win,2.55
,27/6,Uruguay v Spain,,FIFA World Cup,Spain Under 1.5 Cards,1.5,1.83,N/A,,Flutter,Win,1.25
,,Uruguay v Spain,,FIFA World Cup,Under 3.5 Cards,1.5,1.83,1.62,112.96%,Flutter,Loss,-1.50
,,Cape Verde v Saudi Arabia,,FIFA World Cup,Over 3.5 Cards,1.5,2.30,2.06,111.65%,Flutter,Win,1.95
,,Egypt v Iran,,FIFA World Cup,Red Card in the Match,0.25,11.00,9,122.22%,Paddy Power,Loss,-0.25
,28/6,Colombia v Portugal,,FIFA World Cup,Portugal Over 1.5 Cards,1.5,2.50,N/A,,Flutter,Loss,-1.50
,,Jordan v Argentina,,FIFA World Cup,Argentina -3 Corner Handicap,1.5,1.83,1.8,101.67%,Flutter,Win,1.25
,,South Africa v Canada,,FIFA World Cup,Canada -3 Corner Handicap,1.5,2.30,2.43,94.65%,Paddy Power,Loss,-1.50
,,South Africa v Canada,,FIFA World Cup,Canada +0.5 Asian Handicap Cards ,1.5,2.00,1.85,108.11%,Bet365,Win,1.50
,29/6,Brazil v Japan,,FIFA World Cup,Under 8.5 Asian Total Corners,1.5,1.85,N/A,,Bet365,Win,1.28
,,Germany v Paraguay,,FIFA World Cup,Under 3.5 Cards,1.5,1.67,N/A,,Flutter,Win,1.00
,,Germany v Paraguay,,FIFA World Cup,Germany Over 6.5 Corners,1.5,2.20,N/A,,Bet365,Win,1.80
,30/6,Netherlands v Morocco,,FIFA World Cup,Netherlands Most Cards,1.5,3.00,N/A,,Flutter,Loss,-1.50
,,Netherlands v Morocco,,FIFA World Cup,Netherlands 0.0 Asian Handicap Cards ,1.5,2.20,N/A,,Bet365,Loss,-1.50
,,Ivory Coast v Norway,,FIFA World Cup,Under 2.5 Asian Total Cards,1.5,2.05,1.85,110.81%,Bet365,Win,1.58
,,France v Sweden,,FIFA World Cup,France Most Cards,0.5,5.00,N/A,,Flutter,Loss,-0.50
,,France v Sweden,,FIFA World Cup,Over 9.5 Asian Total Corners,1.5,1.85,1.8,102.78%,Bet365,Win,1.28
,1/7,Mexico v Ecuador,,FIFA World Cup,Under 4 Asian Total Cards,1.5,1.75,1.59,110.06%,Bet35,Loss,-1.50
,,England v DR Congo,,FIFA World Cup,DR Congo Over 2.5 Corners,1.5,2.10,N/A,,Bet365,Win,1.65
,,England v DR Congo,,FIFA World Cup,England -6 Corner Handicap,1.5,2.00,N/A,,Bet365,Loss,-1.50
,,Belgium v Senegal,,FIFA World Cup,Over 9.0 Asian Total Corners,1.5,1.90,1.63,116.56%,Bet365,Loss,-1.50
,4/7,Colombia v Ghana,,FIFA World Cup,Ghana Most Cards,1.5,2.10,2,105.00%,Flutter,Win,1.65
,,Canada v Morocco,,FIFA World Cup,Over 3.0 Asian Total Cards,1.5,1.90,1.67,113.77%,Bet365,Win,1.35
,,Canada v Morocco,,FIFA World Cup,Canada Over 3.5 Corners,1.5,1.85,N/A,,Flutter,Win,1.28
,,Paraguay v France,,FIFA World Cup,Paraguay Over 1.5 Cards,1.5,2.20,N/A,,Flutter,Loss,-1.50
,5/7,Brazil v Norway,,FIFA World Cup,Over 9.5 Asian Total Corners ,1.5,1.93,1.83,105.19%,Bet365,Win,1.39
,6/7,Mexico v England,,FIFA World Cup,Mexico Over 3.5 Corners ,1.5,2.00,N/A,,Bet365,Win,1.50
,,Portugal v Spain,,FIFA World Cup,Spain Under 1.5 Cards,1.5,1.80,N/A,,Bet365,Win,1.20
,7/7,Switzerland v Colombia,,FIFA World Cup,Colombia Over 1.5 Cards,1.5,1.95,N/A,,Flutter,Loss,-1.50
,12/7,Argentina v Switzerland,,FIFA World Cup,Argentina -1.5 Asian Handicap Corners,1.5,2.00,2.12,94.34%,Bet365,Win,1.50
,,Argentina v Switzerland,,FIFA World Cup,Over 3.5 Cards,1.5,2.50,2.5,100.00%,Flutter,Loss,-1.50
,15/7,England v Argentina,,FIFA World Cup,England 0.0 Asian Handicap Cards ,1.5,1.95,N/A,,Bet365,Loss,-1.50
,19/7,Spain v Argentina,,FIFA World Cup,Argentina +1.0 Asian Handicap Corners ,1.5,1.95,2.15,90.70%,Bet365,Loss,-1.50
,22/7,Charlotte FC v Atlanta Utd,,USA MLS,Atlanta Utd +1 Corner Handicap,1.5,2.30,2.17,105.99%,Paddy Power,Loss,-1.50
,,Nashville SC v CF Montreal,,USA MLS,CF Montreal +2 Corner Handicap,1.5,2.25,2.13,105.63%,Flutter,Win,1.88
,,Colorado v San Diego FC,,USA MLS,Colorado -1 Corner Handicap,1.5,2.50,2.36,105.93%,Flutter,Win,2.25
EV,,,,,,,,,,,,
EV,,,,,,,,,,,,
EV,,,,,,,,,,,,
EV,,,,,,,,,,,,
EV,,,,,,,,,,,,
EV,,,,,,,,,,,,
EV,,,,,,,,,,,,
EV,,,,,,,,,,,,
EV,,,,,,,,,,,,
EV,,,,,,,,,,,,
EV,,,,,,,,,,,,
EV,,,,,,,,,,,,
EV,,,,,,,,,,,,
EV,,,,,,,,,,,,
EV,,,,,,,,,,,,
EV,,,,,,,,,,,,
EV,,,,,,,,,,,,
EV,,,,,,,,,,,,
EV,,,,,,,,,,,,
EV,,,,,,,,,,,,
EV,,,,,,,,,,,,
EV,,,,,,,,,,,,
EV,,,,,,,,,,,,
EV,,,,,,,,,,,,
EV,,,,,,,,,,,,
EV,,,,,,,,,,,,
EV,,,,,,,,,,,,
EV,,,,,,,,,,,,
EV,,,,,,,,,,,,
EV,,,,,,,,,,,,
EV,,,,,,,,,,,,
EV,,,,,,,,,,,,
EV,,,,,,,,,,,,
EV,,,,,,,,,,,,
EV,,,,,,,,,,,,
EV,,,,,,,,,,,,
EV,,,,,,,,,,,,
EV,,,,,,,,,,,,
EV,,,,,,,,,,,,
EV,,,,,,,,,,,,
EV,,,,,,,,,,,,
EV,,,,,,,,,,,,
EV,,,,,,,,,,,,
EV,,,,,,,,,,,,
EV,,,,,,,,,,,,
EV,,,,,,,,,,,,
EV,,,,,,,,,,,,
EV,,,,,,,,,,,,
EV,,,,,,,,,,,,
EV,,,,,,,,,,,,
EV,,,,,,,,,,,,
EV,,,,,,,,,,,,
EV,,,,,,,,,,,,
EV,,,,,,,,,,,,
EV,,,,,,,,,,,,
EV,,,,,,,,,,,,
EV,,,,,,,,,,,,
EV,,,,,,,,,,,,
EV,,,,,,,,,,,,
EV,,,,,,,,,,,,
EV,,,,,,,,,,,,
EV,,,,,,,,,,,,
EV,,,,,,,,,,,,
EV,,,,,,,,,,,,
EV,,,,,,,,,,,,
EV,,,,,,,,,,,,
EV,,,,,,,,,,,,
EV,,,,,,,,,,,,
EV,,,,,,,,,,,,
EV,,,,,,,,,,,,
EV,,,,,,,,,,,,
EV,,,,,,,,,,,,
EV,,,,,,,,,,,,
EV,,,,,,,,,,,,
EV,,,,,,,,,,,,
EV,,,,,,,,,,,,
EV,,,,,,,,,,,,
EV,,,,,,,,,,,,
EV,,,,,,,,,,,,
EV,,,,,,,,,,,,
EV,,,,,,,,,,,,
EV,,,,,,,,,,,,
EV,,,,,,,,,,,,
EV,,,,,,,,,,,,
EV,,,,,,,,,,,,
EV,,,,,,,,,,,,
EV,,,,,,,,,,,,
EV,,,,,,,,,,,,
EV,,,,,,,,,,,,
EV,,,,,,,,,,,,
EV,,,,,,,,,,,,
EV,,,,,,,,,,,,
EV,,,,,,,,,,,,
EV,,,,,,,,,,,,
EV,,,,,,,,,,,,
EV,,,,,,,,,,,,
EV,,,,,,,,,,,,
EV,,,,,,,,,,,,
EV,,,,,,,,,,,,
EV,,,,,,,,,,,,
EV,,,,,,,,,,,,
EV,,,,,,,,,,,,
EV,,,,,,,,,,,,
EV,,,,,,,,,,,,
EV,,,,,,,,,,,,
EV,,,,,,,,,,,,
EV,,,,,,,,,,,,
EV,,,,,,,,,,,,
EV,,,,,,,,,,,,
EV,,,,,,,,,,,,
EV,,,,,,,,,,,,
EV,,,,,,,,,,,,
EV,,,,,,,,,,,,
EV,,,,,,,,,,,,
EV,,,,,,,,,,,,
EV,,,,,,,,,,,,
EV,,,,,,,,,,,,
EV,,,,,,,,,,,,
EV,,,,,,,,,,,,
EV,,,,,,,,,,,,
EV,,,,,,,,,,,,
EV,,,,,,,,,,,,
EV,,,,,,,,,,,,
EV,,,,,,,,,,,,
EV,,,,,,,,,,,,
EV,,,,,,,,,,,,
EV,,,,,,,,,,,,
EV,,,,,,,,,,,,
EV,,,,,,,,,,,,
EV,,,,,,,,,,,,
EV,,,,,,,,,,,,
EV,,,,,,,,,,,,
EV,,,,,,,,,,,,
EV,,,,,,,,,,,,
EV,,,,,,,,,,,,
EV,,,,,,,,,,,,
EV,,,,,,,,,,,,
EV,,,,,,,,,,,,
EV,,,,,,,,,,,,
EV,,,,,,,,,,,,
EV,,,,,,,,,,,,
EV,,,,,,,,,,,,
EV,,,,,,,,,,,,
EV,,,,,,,,,,,,
EV,,,,,,,,,,,,
EV,,,,,,,,,,,,
EV,,,,,,,,,,,,
EV,,,,,,,,,,,,
EV,,,,,,,,,,,,
EV,,,,,,,,,,,,
EV,,,,,,,,,,,,
EV,,,,,,,,,,,,
EV,,,,,,,,,,,,
EV,,,,,,,,,,,,
EV,,,,,,,,,,,,
EV,,,,,,,,,,,,
EV,,,,,,,,,,,,
EV,,,,,,,,,,,,
EV,,,,,,,,,,,,
EV,,,,,,,,,,,,
EV,,,,,,,,,,,,
EV,,,,,,,,,,,,
EV,,,,,,,,,,,,
EV,,,,,,,,,,,,
EV,,,,,,,,,,,,
EV,,,,,,,,,,,,
EV,,,,,,,,,,,,
EV,,,,,,,,,,,,
EV,,,,,,,,,,,,
EV,,,,,,,,,,,,
EV,,,,,,,,,,,,
EV,,,,,,,,,,,,
EV,,,,,,,,,,,,
EV,,,,,,,,,,,,
EV,,,,,,,,,,,,
EV,,,,,,,,,,,,
EV,,,,,,,,,,,,
EV,,,,,,,,,,,,
EV,,,,,,,,,,,,
EV,,,,,,,,,,,,
EV,,,,,,,,,,,,
EV,,,,,,,,,,,,
EV,,,,,,,,,,,,
EV,,,,,,,,,,,,
EV,,,,,,,,,,,,
EV,,,,,,,,,,,,
EV,,,,,,,,,,,,
EV,,,,,,,,,,,,
EV,,,,,,,,,,,,
EV,,,,,,,,,,,,
EV,,,,,,,,,,,,
EV,,,,,,,,,,,,
EV,,,,,,,,,,,,
EV,,,,,,,,,,,,
EV,,,,,,,,,,,,
EV,,,,,,,,,,,,
EV,,,,,,,,,,,,
EV,,,,,,,,,,,,
EV,,,,,,,,,,,,
EV,,,,,,,,,,,,
EV,,,,,,,,,,,,
EV,,,,,,,,,,,,
EV,,,,,,,,,,,,
EV,,,,,,,,,,,,
EV,,,,,,,,,,,,
EV,,,,,,,,,,,,
EV,,,,,,,,,,,,
EV,,,,,,,,,,,,
EV,,,,,,,,,,,,
EV,,,,,,,,,,,,
EV,,,,,,,,,,,,
EV,,,,,,,,,,,,
EV,,,,,,,,,,,,
EV,,,,,,,,,,,,
EV,,,,,,,,,,,,
EV,,,,,,,,,,,,
EV,,,,,,,,,,,,
EV,,,,,,,,,,,,
EV,,,,,,,,,,,,
EV,,,,,,,,,,,,
EV,,,,,,,,,,,,
EV,,,,,,,,,,,,
EV,,,,,,,,,,,,
EV,,,,,,,,,,,,
EV,,,,,,,,,,,,
EV,,,,,,,,,,,,
EV,,,,,,,,,,,,
EV,,,,,,,,,,,,
EV,,,,,,,,,,,,
EV,,,,,,,,,,,,
EV,,,,,,,,,,,,
EV,,,,,,,,,,,,
EV,,,,,,,,,,,,
EV,,,,,,,,,,,,
EV,,,,,,,,,,,,
EV,,,,,,,,,,,,
EV,,,,,,,,,,,,
EV,,,,,,,,,,,,
EV,,,,,,,,,,,,
EV,,,,,,,,,,,,
EV,,,,,,,,,,,,
EV,,,,,,,,,,,,
EV,,,,,,,,,,,,
EV,,,,,,,,,,,,
EV,,,,,,,,,,,,
EV,,,,,,,,,,,,
EV,,,,,,,,,,,,
EV,,,,,,,,,,,,
EV,,,,,,,,,,,,
EV,,,,,,,,,,,,
EV,,,,,,,,,,,,
EV,,,,,,,,,,,,
EV,,,,,,,,,,,,
EV,,,,,,,,,,,,
EV,,,,,,,,,,,,
EV,,,,,,,,,,,,
EV,,,,,,,,,,,,
EV,,,,,,,,,,,,
EV,,,,,,,,,,,,
EV,,,,,,,,,,,,
EV,,,,,,,,,,,,
EV,,,,,,,,,,,,
EV,,,,,,,,,,,,
EV,,,,,,,,,,,,
EV,,,,,,,,,,,,
EV,,,,,,,,,,,,
EV,,,,,,,,,,,,
EV,,,,,,,,,,,,
EV,,,,,,,,,,,,
EV,,,,,,,,,,,,
EV,,,,,,,,,,,,
EV,,,,,,,,,,,,
EV,,,,,,,,,,,,
EV,,,,,,,,,,,,
EV,,,,,,,,,,,,
EV,,,,,,,,,,,,
EV,,,,,,,,,,,,
EV,,,,,,,,,,,,
EV,,,,,,,,,,,,
EV,,,,,,,,,,,,
EV,,,,,,,,,,,,
EV,,,,,,,,,,,,
EV,,,,,,,,,,,,
EV,,,,,,,,,,,,
EV,,,,,,,,,,,,
EV,,,,,,,,,,,,
EV,,,,,,,,,,,,
EV,,,,,,,,,,,,
EV,,,,,,,,,,,,
EV,,,,,,,,,,,,
EV,,,,,,,,,,,,
EV,,,,,,,,,,,,
EV,,,,,,,,,,,,
EV,,,,,,,,,,,,
EV,,,,,,,,,,,,
EV,,,,,,,,,,,,
EV,,,,,,,,,,,,
EV,,,,,,,,,,,,
EV,,,,,,,,,,,,
EV,,,,,,,,,,,,
EV,,,,,,,,,,,,
EV,,,,,,,,,,,,
EV,,,,,,,,,,,,
EV,,,,,,,,,,,,
EV,,,,,,,,,,,,
EV,,,,,,,,,,,,